{"type":"FeatureCollection","features":[{"type":"Feature","geometry":{"type":"MultiPolygon","coordinates":[[[[-73.61,-7.2],[-72.87,-7.53],[-72.66,-7.62],[-72.19,-7.72],[-72.0,-7.77],[-71.51,-7.89],[-71.24,-7.95],[-70.94,-8.02],[-70.58,-8.1],[-70.37,-8.14],[-69.76,-8.47],[-69.55,-8.58],[-69.44,-8.64],[-69.18,-8.77],[-68.99,-8.87],[-68.78,-8.97],[-68.73,-9.0],[-68.62,-9.05],[-68.19,-9.23],[-67.94,-9.34],[-67.5,-9.52],[-67.33,-9.59],[-67.13,-9.68],[-67.11,-9.69],[-66.81,-9.81],[-66.69,-9.86],[-66.62,-9.89],[-66.63,-9.91],[-66.63,-9.94],[-66.64,-9.95],[-66.66,-9.94],[-66.67,-9.96],[-66.7,-9.97],[-66.71,-9.98],[-66.73,-9.99],[-66.75,-10.0],[-66.77,-10.01],[-66.79,-10.02],[-66.81,-10.04],[-66.82,-10.06],[-66.84,-10.07],[-66.86,-10.08],[-66.87,-10.1],[-66.89,-10.11],[-66.91,-10.13],[-66.91,-10.15],[-66.93,-10.15],[-66.95,-10.17],[-66.95,-10.19],[-66.98,-10.19],[-67.0,-10.2],[-66.99,-10.22],[-67.0,-10.24],[-67.01,-10.25],[-67.03,-10.26],[-67.05,-10.27],[-67.07,-10.28],[-67.09,-10.29],[-67.12,-10.29],[-67.14,-10.3],[-67.14,-10.32],[-67.16,-10.33],[-67.18,-10.34],[-67.2,-10.32],[-67.22,-10.32],[-67.24,-10.32],[-67.26,-10.33],[-67.28,-10.32],[-67.3,-10.32],[-67.32,-10.32],[-67.32,-10.35],[-67.31,-10.37],[-67.33,-10.38],[-67.35,-10.38],[-67.37,-10.38],[-67.39,-10.38],[-67.41,-10.38],[-67.41,-10.41],[-67.41,-10.43],[-67.43,-10.43],[-67.44,-10.45],[-67.46,-10.46],[-67.49,-10.47],[-67.51,-10.48],[-67.54,-10.49],[-67.56,-10.5],[-67.58,-10.5],[-67.59,-10.52],[-67.6,-10.54],[-67.61,-10.56],[-67.63,-10.58],[-67.65,-10.6],[-67.66,-10.61],[-67.69,-10.65],[-67.71,-10.71],[-67.73,-10.71],[-67.74,-10.7],[-67.76,-10.69],[-67.78,-10.68],[-67.8,-10.67],[-67.82,-10.66],[-67.84,-10.65],[-67.87,-10.64],[-67.89,-10.64],[-67.91,-10.64],[-67.92,-10.65],[-67.95,-10.65],[-67.97,-10.66],[-67.99,-10.65],[-68.02,-10.65],[-68.03,-10.66],[-68.05,-10.67],[-68.07,-10.68],[-68.09,-10.7],[-68.1,-10.71],[-68.1,-10.74],[-68.11,-10.76],[-68.11,-10.78],[-68.13,-10.8],[-68.15,-10.81],[-68.16,-10.83],[-68.18,-10.85],[-68.19,-10.86],[-68.2,-10.88],[-68.21,-10.9],[-68.22,-10.91],[-68.23,-10.94],[-68.24,-10.96],[-68.26,-10.97],[-68.28,-10.99],[-68.3,-10.99],[-68.32,-11.0],[-68.34,-11.01],[-68.36,-11.01],[-68.38,-11.02],[-68.39,-11.04],[-68.41,-11.05],[-68.43,-11.03],[-68.46,-11.05],[-68.48,-11.05],[-68.5,-11.06],[-68.52,-11.08],[-68.54,-11.09],[-68.72,-11.14],[-68.72,-11.11],[-68.73,-11.09],[-68.76,-11.08],[-68.76,-11.06],[-68.76,-11.04],[-68.75,-11.02],[-68.76,-11.0],[-68.78,-11.01],[-68.8,-11.0],[-68.82,-11.0],[-68.84,-11.0],[-68.86,-11.01],[-68.88,-11.01],[-68.9,-11.01],[-68.92,-11.02],[-68.94,-11.01],[-68.95,-10.99],[-68.98,-10.99],[-68.99,-11.01],[-69.01,-11.0],[-69.03,-10.99],[-69.05,-10.98],[-69.07,-10.97],[-69.09,-10.97],[-69.11,-10.97],[-69.13,-10.97],[-69.15,-10.96],[-69.17,-10.96],[-69.2,-10.95],[-69.22,-10.95],[-69.24,-10.95],[-69.26,-10.94],[-69.29,-10.94],[-69.31,-10.95],[-69.33,-10.95],[-69.36,-10.94],[-69.38,-10.95],[-69.39,-10.93],[-69.41,-10.94],[-69.44,-10.93],[-69.45,-10.94],[-69.47,-10.95],[-69.5,-10.95],[-69.52,-10.94],[-69.54,-10.94],[-69.56,-10.94],[-69.58,-10.94],[-69.61,-10.95],[-69.63,-10.96],[-69.65,-10.95],[-69.68,-10.96],[-69.7,-10.97],[-69.72,-10.97],[-69.74,-10.97],[-69.75,-10.95],[-69.77,-10.94],[-69.79,-10.93],[-69.81,-10.93],[-69.84,-10.93],[-69.86,-10.93],[-69.88,-10.93],[-69.9,-10.92],[-69.92,-10.93],[-69.94,-10.92],[-69.95,-10.93],[-69.97,-10.94],[-69.99,-10.95],[-70.01,-10.96],[-70.03,-10.97],[-70.05,-10.98],[-70.07,-10.99],[-70.09,-10.99],[-70.1,-11.0],[-70.12,-11.01],[-70.14,-11.02],[-70.16,-11.04],[-70.18,-11.04],[-70.2,-11.05],[-70.22,-11.05],[-70.25,-11.05],[-70.27,-11.05],[-70.29,-11.06],[-70.31,-11.07],[-70.33,-11.07],[-70.35,-11.06],[-70.37,-11.06],[-70.39,-11.05],[-70.41,-11.04],[-70.43,-11.04],[-70.44,-11.02],[-70.45,-11.0],[-70.47,-10.99],[-70.48,-10.97],[-70.5,-10.96],[-70.52,-10.94],[-70.62,-11.0],[-70.62,-10.92],[-70.62,-10.88],[-70.62,-10.71],[-70.63,-10.46],[-70.63,-10.36],[-70.63,-10.08],[-70.62,-9.97],[-70.62,-9.93],[-70.62,-9.82],[-70.61,-9.8],[-70.59,-9.8],[-70.58,-9.78],[-70.56,-9.79],[-70.54,-9.77],[-70.54,-9.75],[-70.53,-9.73],[-70.53,-9.71],[-70.54,-9.68],[-70.56,-9.67],[-70.58,-9.65],[-70.59,-9.63],[-70.6,-9.61],[-70.59,-9.59],[-70.59,-9.57],[-70.57,-9.56],[-70.56,-9.54],[-70.54,-9.54],[-70.55,-9.51],[-70.52,-9.5],[-70.5,-9.5],[-70.52,-9.48],[-70.5,-9.46],[-70.5,-9.44],[-70.51,-9.42],[-70.53,-9.43],[-70.55,-9.43],[-70.57,-9.43],[-70.59,-9.44],[-70.6,-9.46],[-70.62,-9.47],[-70.64,-9.49],[-70.65,-9.51],[-70.67,-9.52],[-70.69,-9.53],[-70.71,-9.55],[-70.73,-9.57],[-70.75,-9.56],[-70.76,-9.58],[-70.77,-9.6],[-70.79,-9.61],[-70.79,-9.64],[-70.81,-9.64],[-70.84,-9.64],[-70.85,-9.65],[-70.87,-9.66],[-70.88,-9.68],[-70.9,-9.7],[-70.91,-9.72],[-70.93,-9.74],[-70.95,-9.74],[-70.97,-9.75],[-70.99,-9.79],[-71.0,-9.81],[-71.02,-9.82],[-71.05,-9.81],[-71.06,-9.82],[-71.09,-9.84],[-71.11,-9.85],[-71.14,-9.86],[-71.16,-9.88],[-71.18,-9.9],[-71.19,-9.92],[-71.21,-9.95],[-71.21,-9.97],[-71.23,-9.97],[-71.25,-9.96],[-71.27,-9.98],[-71.29,-9.99],[-71.32,-9.99],[-71.34,-9.97],[-71.36,-9.99],[-71.38,-10.0],[-71.82,-10.0],[-71.88,-10.0],[-72.0,-10.0],[-72.06,-10.0],[-72.18,-10.0],[-72.17,-9.98],[-72.16,-9.96],[-72.16,-9.94],[-72.17,-9.92],[-72.16,-9.91],[-72.14,-9.88],[-72.15,-9.86],[-72.16,-9.83],[-72.16,-9.81],[-72.16,-9.79],[-72.18,-9.78],[-72.2,-9.77],[-72.22,-9.77],[-72.25,-9.77],[-72.26,-9.75],[-72.27,-9.73],[-72.26,-9.71],[-72.25,-9.68],[-72.25,-9.66],[-72.26,-9.64],[-72.25,-9.61],[-72.28,-9.61],[-72.29,-9.58],[-72.29,-9.54],[-72.31,-9.54],[-72.33,-9.54],[-72.34,-9.52],[-72.35,-9.5],[-72.37,-9.49],[-72.39,-9.49],[-72.41,-9.48],[-72.43,-9.48],[-72.45,-9.48],[-72.47,-9.47],[-72.49,-9.49],[-72.51,-9.48],[-72.53,-9.47],[-72.55,-9.47],[-72.57,-9.47],[-72.59,-9.46],[-72.61,-9.45],[-72.63,-9.45],[-72.65,-9.45],[-72.67,-9.44],[-72.69,-9.44],[-72.71,-9.42],[-72.73,-9.41],[-72.75,-9.41],[-73.07,-9.41],[-73.21,-9.41],[-73.2,-9.39],[-73.19,-9.36],[-73.16,-9.35],[-73.15,-9.33],[-73.13,-9.31],[-73.11,-9.31],[-73.11,-9.28],[-73.09,-9.27],[-73.08,-9.24],[-73.07,-9.23],[-73.04,-9.24],[-73.03,-9.23],[-73.01,-9.21],[-73.0,-9.19],[-73.02,-9.18],[-73.01,-9.16],[-72.98,-9.15],[-72.96,-9.14],[-72.95,-9.11],[-72.94,-9.09],[-72.94,-9.07],[-72.95,-9.05],[-72.95,-9.03],[-72.95,-9.0],[-72.96,-8.98],[-72.97,-8.97],[-72.98,-8.94],[-72.99,-8.92],[-73.01,-8.91],[-73.03,-8.91],[-73.04,-8.88],[-73.05,-8.86],[-73.07,-8.84],[-73.09,-8.82],[-73.09,-8.79],[-73.1,-8.77],[-73.11,-8.75],[-73.12,-8.73],[-73.13,-8.71],[-73.15,-8.69],[-73.17,-8.69],[-73.2,-8.69],[-73.22,-8.68],[-73.24,-8.66],[-73.25,-8.64],[-73.26,-8.62],[-73.29,-8.62],[-73.29,-8.6],[-73.29,-8.57],[-73.28,-8.54],[-73.28,-8.52],[-73.28,-8.48],[-73.3,-8.48],[-73.32,-8.47],[-73.35,-8.47],[-73.37,-8.46],[-73.39,-8.47],[-73.4,-8.45],[-73.41,-8.42],[-73.42,-8.41],[-73.44,-8.41],[-73.47,-8.39],[-73.49,-8.38],[-73.51,-8.37],[-73.52,-8.36],[-73.54,-8.34],[-73.53,-8.31],[-73.54,-8.3],[-73.54,-8.27],[-73.55,-8.25],[-73.56,-8.23],[-73.58,-8.21],[-73.6,-8.21],[-73.59,-8.19],[-73.59,-8.14],[-73.6,-8.1],[-73.62,-8.07],[-73.63,-8.04],[-73.63,-8.02],[-73.65,-8.0],[-73.67,-8.01],[-73.68,-7.99],[-73.69,-7.96],[-73.72,-7.96],[-73.74,-7.96],[-73.75,-7.94],[-73.76,-7.91],[-73.77,-7.9],[-73.77,-7.87],[-73.75,-7.87],[-73.72,-7.88],[-73.7,-7.86],[-73.68,-7.84],[-73.69,-7.82],[-73.68,-7.8],[-73.68,-7.78],[-73.71,-7.76],[-73.73,-7.74],[-73.76,-7.73],[-73.78,-7.73],[-73.81,-7.72],[-73.83,-7.7],[-73.85,-7.68],[-73.88,-7.66],[-73.89,-7.64],[-73.9,-7.63],[-73.93,-7.61],[-73.95,-7.6],[-73.96,-7.58],[-73.98,-7.57],[-73.99,-7.54],[-73.97,-7.53],[-73.95,-7.53],[-73.93,-7.49],[-73.92,-7.47],[-73.93,-7.42],[-73.94,-7.41],[-73.96,-7.38],[-73.96,-7.36],[-73.95,-7.35],[-73.93,-7.35],[-73.92,-7.37],[-73.89,-7.38],[-73.87,-7.38],[-73.85,-7.35],[-73.84,-7.34],[-73.81,-7.34],[-73.79,-7.34],[-73.77,-7.33],[-73.75,-7.34],[-73.73,-7.34],[-73.71,-7.32],[-73.7,-7.31],[-73.71,-7.28],[-73.72,-7.26],[-73.71,-7.24],[-73.73,-7.22],[-73.75,-7.2],[-73.76,-7.17],[-73.78,-7.16],[-73.8,-7.13],[-73.8,-7.11],[-73.76,-7.13],[-73.74,-7.14],[-73.61,-7.2]]]]},"properties":{"sigla":"AC","name":"Acre"}},{"type":"Feature","geometry":{"type":"MultiPolygon","coordinates":[[[[-35.47,-8.83],[-35.45,-8.84],[-35.42,-8.84],[-35.4,-8.85],[-35.35,-8.86],[-35.31,-8.87],[-35.29,-8.88],[-35.25,-8.89],[-35.22,-8.89],[-35.18,-8.89],[-35.16,-8.9],[-35.16,-8.92],[-35.17,-8.95],[-35.18,-8.98],[-35.21,-9.0],[-35.22,-9.02],[-35.24,-9.05],[-35.24,-9.08],[-35.26,-9.1],[-35.27,-9.12],[-35.28,-9.14],[-35.29,-9.16],[-35.3,-9.18],[-35.31,-9.2],[-35.33,-9.21],[-35.34,-9.23],[-35.35,-9.26],[-35.37,-9.27],[-35.39,-9.29],[-35.41,-9.31],[-35.42,-9.32],[-35.44,-9.34],[-35.46,-9.34],[-35.48,-9.37],[-35.49,-9.39],[-35.5,-9.41],[-35.51,-9.43],[-35.53,-9.45],[-35.54,-9.46],[-35.56,-9.48],[-35.57,-9.5],[-35.59,-9.52],[-35.61,-9.54],[-35.63,-9.55],[-35.65,-9.57],[-35.66,-9.59],[-35.68,-9.61],[-35.7,-9.63],[-35.7,-9.66],[-35.72,-9.68],[-35.75,-9.68],[-35.77,-9.69],[-35.79,-9.71],[-35.81,-9.73],[-35.82,-9.75],[-35.84,-9.77],[-35.86,-9.79],[-35.87,-9.81],[-35.89,-9.83],[-35.9,-9.86],[-35.91,-9.88],[-35.93,-9.9],[-35.96,-9.94],[-35.97,-9.97],[-35.99,-9.99],[-36.0,-10.0],[-36.03,-10.05],[-36.04,-10.07],[-36.06,-10.08],[-36.08,-10.09],[-36.1,-10.11],[-36.11,-10.13],[-36.13,-10.15],[-36.15,-10.15],[-36.17,-10.17],[-36.19,-10.2],[-36.21,-10.21],[-36.23,-10.24],[-36.25,-10.25],[-36.27,-10.27],[-36.29,-10.3],[-36.3,-10.33],[-36.3,-10.35],[-36.33,-10.39],[-36.34,-10.42],[-36.35,-10.44],[-36.37,-10.46],[-36.38,-10.48],[-36.39,-10.5],[-36.42,-10.44],[-36.43,-10.42],[-36.46,-10.41],[-36.49,-10.42],[-36.51,-10.43],[-36.54,-10.42],[-36.56,-10.42],[-36.56,-10.39],[-36.57,-10.37],[-36.57,-10.33],[-36.58,-10.31],[-36.59,-10.29],[-36.61,-10.27],[-36.63,-10.25],[-36.66,-10.26],[-36.68,-10.27],[-36.7,-10.27],[-36.73,-10.26],[-36.75,-10.25],[-36.78,-10.23],[-36.81,-10.22],[-36.83,-10.2],[-36.84,-10.18],[-36.85,-10.16],[-36.88,-10.15],[-36.91,-10.14],[-36.93,-10.11],[-36.94,-10.09],[-36.95,-10.07],[-36.96,-10.05],[-36.96,-10.03],[-36.96,-10.01],[-36.99,-9.98],[-37.02,-9.98],[-37.04,-9.99],[-37.08,-9.97],[-37.13,-9.91],[-37.15,-9.9],[-37.2,-9.9],[-37.23,-9.9],[-37.25,-9.89],[-37.26,-9.85],[-37.29,-9.83],[-37.32,-9.82],[-37.35,-9.8],[-37.37,-9.79],[-37.4,-9.78],[-37.42,-9.76],[-37.47,-9.75],[-37.55,-9.74],[-37.57,-9.74],[-37.66,-9.68],[-37.67,-9.66],[-37.69,-9.64],[-37.71,-9.63],[-37.74,-9.63],[-37.78,-9.64],[-37.79,-9.62],[-37.81,-9.61],[-37.82,-9.59],[-37.84,-9.58],[-37.89,-9.55],[-37.92,-9.55],[-37.96,-9.53],[-37.99,-9.53],[-38.0,-9.5],[-38.01,-9.48],[-38.03,-9.47],[-38.06,-9.46],[-38.08,-9.44],[-38.11,-9.44],[-38.13,-9.44],[-38.15,-9.44],[-38.17,-9.43],[-38.2,-9.42],[-38.2,-9.4],[-38.2,-9.38],[-38.21,-9.36],[-38.24,-9.33],[-38.2,-9.3],[-38.18,-9.29],[-38.16,-9.26],[-38.16,-9.24],[-38.14,-9.22],[-38.12,-9.2],[-38.1,-9.18],[-38.08,-9.17],[-38.05,-9.17],[-38.03,-9.16],[-38.01,-9.16],[-37.99,-9.15],[-37.98,-9.14],[-37.96,-9.12],[-37.95,-9.1],[-37.91,-9.05],[-37.89,-9.03],[-37.88,-9.02],[-37.85,-9.0],[-37.84,-8.98],[-37.83,-8.95],[-37.83,-8.93],[-37.82,-8.91],[-37.81,-8.88],[-37.78,-8.86],[-37.76,-8.86],[-37.75,-8.88],[-37.73,-8.9],[-37.72,-8.92],[-37.7,-8.94],[-37.69,-8.96],[-37.69,-8.98],[-37.69,-9.0],[-37.66,-8.99],[-37.64,-9.02],[-37.62,-9.01],[-37.61,-8.99],[-37.58,-8.97],[-37.56,-8.97],[-37.54,-8.96],[-37.52,-8.97],[-37.49,-8.97],[-37.49,-9.0],[-37.47,-9.03],[-37.45,-9.03],[-37.42,-9.04],[-37.4,-9.05],[-37.34,-9.08],[-37.32,-9.09],[-37.3,-9.12],[-37.28,-9.15],[-37.26,-9.16],[-37.24,-9.19],[-37.23,-9.21],[-37.23,-9.23],[-37.21,-9.22],[-37.16,-9.24],[-37.17,-9.26],[-37.14,-9.27],[-37.13,-9.25],[-37.11,-9.24],[-37.08,-9.25],[-37.06,-9.28],[-37.06,-9.3],[-37.05,-9.32],[-37.02,-9.32],[-37.0,-9.35],[-36.98,-9.36],[-36.95,-9.38],[-36.93,-9.37],[-36.94,-9.35],[-36.92,-9.34],[-36.92,-9.3],[-36.9,-9.28],[-36.88,-9.28],[-36.85,-9.28],[-36.8,-9.29],[-36.76,-9.27],[-36.69,-9.27],[-36.68,-9.29],[-36.66,-9.3],[-36.64,-9.31],[-36.62,-9.33],[-36.6,-9.34],[-36.58,-9.33],[-36.57,-9.29],[-36.5,-9.27],[-36.49,-9.25],[-36.46,-9.24],[-36.44,-9.22],[-36.42,-9.23],[-36.39,-9.22],[-36.37,-9.22],[-36.35,-9.2],[-36.33,-9.2],[-36.31,-9.18],[-36.29,-9.17],[-36.26,-9.17],[-36.24,-9.17],[-36.24,-9.15],[-36.26,-9.14],[-36.26,-9.12],[-36.25,-9.1],[-36.22,-9.09],[-36.2,-9.07],[-36.2,-9.05],[-36.17,-9.04],[-36.15,-9.04],[-36.12,-9.03],[-36.11,-9.01],[-36.11,-8.99],[-36.13,-8.97],[-36.09,-8.94],[-36.06,-8.91],[-36.03,-8.91],[-36.0,-8.91],[-35.97,-8.9],[-35.95,-8.89],[-35.92,-8.88],[-35.91,-8.86],[-35.89,-8.86],[-35.86,-8.86],[-35.84,-8.87],[-35.82,-8.86],[-35.8,-8.85],[-35.78,-8.86],[-35.78,-8.88],[-35.78,-8.9],[-35.75,-8.91],[-35.72,-8.91],[-35.7,-8.91],[-35.68,-8.9],[-35.66,-8.88],[-35.63,-8.88],[-35.61,-8.86],[-35.59,-8.85],[-35.57,-8.84],[-35.55,-8.83],[-35.52,-8.82],[-35.5,-8.83],[-35.47,-8.81],[-35.47,-8.83]],[[-35.29,-9.15],[-35.29,-9.15]]]]},"properties":{"sigla":"AL","name":"Alagoas"}},{"type":"Feature","geometry":{"type":"MultiPolygon","coordinates":[[[[-67.33,2.03],[-67.32,2.0],[-67.31,1.97],[-67.3,1.93],[-67.29,1.9],[-67.28,1.88],[-67.26,1.87],[-67.23,1.86],[-67.21,1.86],[-67.17,1.86],[-67.15,1.84],[-67.12,1.8],[-67.12,1.77],[-67.1,1.73],[-67.1,1.71],[-67.1,1.68],[-67.09,1.66],[-67.08,1.64],[-67.08,1.61],[-67.08,1.55],[-67.08,1.52],[-67.08,1.5],[-67.07,1.47],[-67.07,1.44],[-67.08,1.4],[-67.08,1.37],[-67.09,1.33],[-67.09,1.29],[-67.09,1.26],[-67.09,1.23],[-67.08,1.2],[-67.09,1.17],[-66.86,1.23],[-66.6,1.0],[-66.32,0.76],[-66.21,0.78],[-66.19,0.78],[-66.16,0.76],[-66.14,0.75],[-66.12,0.76],[-66.09,0.76],[-66.08,0.78],[-66.07,0.8],[-66.04,0.81],[-66.02,0.8],[-65.99,0.81],[-65.97,0.81],[-65.95,0.84],[-65.93,0.86],[-65.92,0.89],[-65.9,0.88],[-65.88,0.9],[-65.88,0.93],[-65.84,0.94],[-65.82,0.95],[-65.8,0.95],[-65.78,0.96],[-65.76,0.98],[-65.74,1.0],[-65.72,1.0],[-65.69,1.0],[-65.68,0.99],[-65.66,1.01],[-65.64,1.0],[-65.62,0.99],[-65.63,1.01],[-65.61,1.0],[-65.58,1.01],[-65.57,0.99],[-65.55,0.98],[-65.54,0.96],[-65.53,0.94],[-65.51,0.92],[-65.51,0.9],[-65.49,0.88],[-65.5,0.86],[-65.51,0.84],[-65.53,0.81],[-65.54,0.78],[-65.56,0.77],[-65.57,0.75],[-65.59,0.72],[-65.57,0.7],[-65.56,0.68],[-65.55,0.66],[-65.53,0.66],[-65.51,0.67],[-65.49,0.68],[-65.45,0.69],[-65.44,0.7],[-65.42,0.73],[-65.42,0.75],[-65.39,0.76],[-65.4,0.78],[-65.41,0.81],[-65.4,0.82],[-65.39,0.84],[-65.37,0.86],[-65.36,0.87],[-65.34,0.89],[-65.33,0.92],[-65.3,0.94],[-65.28,0.94],[-65.26,0.92],[-65.24,0.92],[-65.22,0.93],[-65.21,0.91],[-65.18,0.92],[-65.17,0.94],[-65.16,0.97],[-65.15,0.99],[-65.15,1.01],[-65.17,1.02],[-65.16,1.04],[-65.15,1.08],[-65.15,1.11],[-65.14,1.13],[-65.12,1.15],[-65.09,1.15],[-65.07,1.15],[-65.06,1.13],[-65.05,1.12],[-65.02,1.12],[-65.01,1.13],[-64.99,1.15],[-64.97,1.17],[-64.96,1.2],[-64.97,1.22],[-64.95,1.23],[-64.93,1.21],[-64.91,1.23],[-64.91,1.25],[-64.89,1.24],[-64.87,1.23],[-64.86,1.26],[-64.84,1.28],[-64.82,1.3],[-64.81,1.31],[-64.79,1.29],[-64.78,1.26],[-64.76,1.23],[-64.74,1.23],[-64.72,1.25],[-64.71,1.27],[-64.7,1.29],[-64.68,1.29],[-64.65,1.3],[-64.63,1.32],[-64.61,1.34],[-64.59,1.34],[-64.58,1.35],[-64.58,1.38],[-64.57,1.39],[-64.55,1.42],[-64.53,1.43],[-64.51,1.44],[-64.49,1.45],[-64.45,1.48],[-64.43,1.48],[-64.41,1.5],[-64.4,1.52],[-64.37,1.52],[-64.35,1.52],[-64.35,1.49],[-64.37,1.47],[-64.38,1.45],[-64.39,1.43],[-64.39,1.41],[-64.39,1.39],[-64.36,1.39],[-64.35,1.37],[-64.34,1.39],[-64.32,1.41],[-64.33,1.44],[-64.31,1.46],[-64.29,1.48],[-64.27,1.49],[-64.25,1.51],[-64.22,1.51],[-64.2,1.52],[-64.19,1.54],[-64.18,1.56],[-64.16,1.57],[-64.14,1.58],[-64.12,1.59],[-64.11,1.6],[-64.09,1.63],[-64.07,1.65],[-64.06,1.68],[-64.06,1.7],[-64.07,1.73],[-64.07,1.75],[-64.07,1.77],[-64.06,1.79],[-64.06,1.81],[-64.05,1.83],[-64.07,1.85],[-64.06,1.88],[-64.06,1.91],[-64.06,1.93],[-64.04,1.94],[-64.02,1.95],[-64.0,1.98],[-63.97,1.99],[-63.95,1.99],[-63.93,1.99],[-63.91,1.99],[-63.89,1.98],[-63.86,1.98],[-63.84,1.96],[-63.83,1.98],[-63.8,1.99],[-63.78,1.99],[-63.76,2.0],[-63.74,2.0],[-63.73,2.02],[-63.72,2.04],[-63.69,2.04],[-63.67,2.02],[-63.66,2.06],[-63.64,2.07],[-63.63,2.09],[-63.62,2.11],[-63.59,2.12],[-63.57,2.13],[-63.54,2.13],[-63.51,2.12],[-63.49,2.12],[-63.47,2.13],[-63.46,2.13],[-63.43,2.13],[-63.41,2.14],[-63.39,2.16],[-63.39,2.18],[-63.38,2.21],[-63.36,2.2],[-63.31,2.17],[-63.28,2.15],[-63.26,2.16],[-63.19,2.18],[-63.16,2.18],[-63.14,2.17],[-63.14,2.14],[-63.12,2.1],[-63.11,2.08],[-63.09,2.06],[-63.07,2.04],[-63.02,2.01],[-62.98,2.02],[-62.95,2.03],[-62.92,2.03],[-62.84,2.02],[-62.81,1.99],[-62.74,1.97],[-62.72,1.96],[-62.71,1.94],[-62.7,1.91],[-62.7,1.87],[-62.73,1.82],[-62.72,1.71],[-62.76,1.68],[-62.77,1.66],[-62.8,1.63],[-62.81,1.6],[-62.78,1.57],[-62.76,1.56],[-62.75,1.54],[-62.73,1.51],[-62.7,1.48],[-62.68,1.45],[-62.64,1.44],[-62.62,1.4],[-62.62,1.36],[-62.59,1.26],[-62.55,1.18],[-62.55,1.12],[-62.53,1.09],[-62.49,1.08],[-62.47,1.08],[-62.48,1.06],[-62.48,1.03],[-62.46,1.0],[-62.45,0.98],[-62.45,0.93],[-62.47,0.92],[-62.49,0.87],[-62.48,0.84],[-62.47,0.83],[-62.46,0.79],[-62.5,0.75],[-62.53,0.71],[-62.54,0.68],[-62.52,0.58],[-62.53,0.55],[-62.53,0.51],[-62.52,0.49],[-62.52,0.44],[-62.48,0.45],[-62.47,0.43],[-62.46,0.39],[-62.45,0.37],[-62.46,0.35],[-62.47,0.33],[-62.46,0.31],[-62.47,0.28],[-62.45,0.24],[-62.45,0.21],[-62.43,0.17],[-62.42,0.14],[-62.43,0.12],[-62.42,0.09],[-62.39,0.06],[-62.37,0.05],[-62.35,0.04],[-62.32,-0.02],[-62.32,-0.06],[-62.32,-0.08],[-62.3,-0.12],[-62.27,-0.16],[-62.24,-0.17],[-62.24,-0.21],[-62.25,-0.24],[-62.24,-0.25],[-62.25,-0.27],[-62.24,-0.29],[-62.24,-0.32],[-62.19,-0.33],[-62.19,-0.36],[-62.2,-0.38],[-62.22,-0.4],[-62.23,-0.43],[-62.25,-0.44],[-62.27,-0.45],[-62.27,-0.48],[-62.29,-0.51],[-62.31,-0.53],[-62.31,-0.55],[-62.31,-0.57],[-62.3,-0.59],[-62.29,-0.61],[-62.29,-0.64],[-62.3,-0.65],[-62.33,-0.66],[-62.34,-0.68],[-62.37,-0.68],[-62.37,-0.7],[-62.39,-0.71],[-62.41,-0.73],[-62.41,-0.71],[-62.43,-0.69],[-62.46,-0.69],[-62.48,-0.69],[-62.49,-0.7],[-62.51,-0.73],[-62.49,-0.75],[-62.5,-0.78],[-62.48,-0.79],[-62.46,-0.8],[-62.43,-0.8],[-62.4,-0.82],[-62.38,-0.84],[-62.37,-0.86],[-62.36,-0.87],[-62.35,-0.89],[-62.33,-0.92],[-62.31,-0.93],[-62.29,-0.95],[-62.27,-0.95],[-62.26,-0.98],[-62.24,-0.97],[-62.22,-0.98],[-62.2,-1.0],[-62.18,-1.0],[-62.15,-1.03],[-62.13,-1.04],[-62.11,-1.06],[-62.11,-1.08],[-62.1,-1.1],[-62.07,-1.1],[-62.04,-1.12],[-62.02,-1.14],[-61.99,-1.2],[-61.97,-1.23],[-61.96,-1.25],[-61.95,-1.3],[-61.92,-1.33],[-61.91,-1.35],[-61.9,-1.38],[-61.87,-1.4],[-61.84,-1.4],[-61.82,-1.4],[-61.8,-1.38],[-61.77,-1.38],[-61.74,-1.39],[-61.72,-1.41],[-61.66,-1.43],[-61.63,-1.43],[-61.6,-1.45],[-61.57,-1.48],[-61.56,-1.49],[-61.54,-1.53],[-61.49,-1.57],[-61.47,-1.55],[-61.47,-1.53],[-61.52,-1.5],[-61.53,-1.46],[-61.54,-1.44],[-61.56,-1.43],[-61.58,-1.42],[-61.6,-1.41],[-61.6,-1.37],[-61.58,-1.35],[-61.6,-1.32],[-61.63,-1.3],[-61.61,-1.28],[-61.61,-1.26],[-61.6,-1.23],[-61.59,-1.2],[-61.58,-1.17],[-61.58,-1.15],[-61.57,-1.13],[-61.58,-1.11],[-61.57,-1.09],[-61.56,-1.07],[-61.54,-1.04],[-61.55,-1.02],[-61.56,-0.99],[-61.58,-0.98],[-61.58,-0.96],[-61.58,-0.93],[-61.58,-0.91],[-61.56,-0.89],[-61.56,-0.87],[-61.54,-0.85],[-61.55,-0.81],[-61.54,-0.76],[-61.52,-0.75],[-61.48,-0.72],[-61.47,-0.69],[-61.46,-0.66],[-61.45,-0.66],[-61.43,-0.64],[-61.41,-0.63],[-61.39,-0.62],[-61.37,-0.61],[-61.35,-0.6],[-61.33,-0.6],[-61.3,-0.58],[-61.27,-0.58],[-61.23,-0.56],[-61.22,-0.54],[-61.22,-0.52],[-61.22,-0.5],[-61.17,-0.51],[-61.15,-0.5],[-61.12,-0.5],[-61.1,-0.5],[-61.06,-0.51],[-61.05,-0.54],[-61.03,-0.55],[-61.01,-0.55],[-60.99,-0.56],[-60.96,-0.56],[-60.94,-0.56],[-60.91,-0.58],[-60.92,-0.61],[-60.88,-0.65],[-60.86,-0.64],[-60.85,-0.66],[-60.84,-0.69],[-60.81,-0.69],[-60.79,-0.72],[-60.8,-0.74],[-60.78,-0.76],[-60.77,-0.78],[-60.76,-0.8],[-60.75,-0.82],[-60.75,-0.84],[-60.73,-0.86],[-60.72,-0.87],[-60.68,-0.87],[-60.67,-0.89],[-60.64,-0.88],[-60.62,-0.86],[-60.59,-0.87],[-60.56,-0.86],[-60.54,-0.88],[-60.5,-0.85],[-60.52,-0.83],[-60.5,-0.82],[-60.49,-0.8],[-60.48,-0.77],[-60.46,-0.77],[-60.43,-0.77],[-60.4,-0.76],[-60.38,-0.75],[-60.35,-0.74],[-60.32,-0.72],[-60.3,-0.69],[-60.31,-0.66],[-60.31,-0.64],[-60.34,-0.63],[-60.35,-0.61],[-60.37,-0.59],[-60.39,-0.58],[-60.38,-0.56],[-60.4,-0.51],[-60.39,-0.49],[-60.38,-0.47],[-60.34,-0.44],[-60.35,-0.42],[-60.34,-0.39],[-60.32,-0.37],[-60.32,-0.35],[-60.3,-0.33],[-60.3,-0.3],[-60.3,-0.27],[-60.29,-0.23],[-60.29,-0.21],[-60.26,-0.19],[-60.25,-0.17],[-60.23,-0.15],[-60.23,-0.13],[-60.23,-0.1],[-60.21,-0.07],[-60.2,-0.03],[-60.18,-0.01],[-60.16,0.02],[-60.14,0.03],[-60.14,0.05],[-60.12,0.08],[-60.14,0.1],[-60.12,0.12],[-60.1,0.14],[-60.07,0.15],[-60.05,0.23],[-60.04,0.26],[-59.43,0.26],[-59.19,0.26],[-58.89,0.26],[-58.89,-0.01],[-58.89,-0.03],[-58.89,-0.06],[-58.86,-0.08],[-58.87,-0.14],[-58.86,-0.16],[-58.88,-0.2],[-58.88,-0.23],[-58.87,-0.26],[-58.87,-0.3],[-58.87,-0.34],[-58.85,-0.36],[-58.82,-0.37],[-58.8,-0.38],[-58.78,-0.39],[-58.77,-0.41],[-58.74,-0.42],[-58.73,-0.43],[-58.73,-0.47],[-58.72,-0.5],[-58.71,-0.52],[-58.71,-0.54],[-58.73,-0.56],[-58.73,-0.58],[-58.73,-0.61],[-58.73,-0.63],[-58.72,-0.65],[-58.7,-0.67],[-58.69,-0.69],[-58.67,-0.71],[-58.63,-0.72],[-58.62,-0.74],[-58.6,-0.76],[-58.58,-0.78],[-58.56,-0.8],[-58.52,-0.83],[-58.5,-0.84],[-58.49,-0.86],[-58.47,-0.87],[-58.44,-0.88],[-58.45,-0.9],[-58.45,-0.93],[-58.43,-0.95],[-58.41,-0.97],[-58.42,-0.99],[-58.42,-1.02],[-58.41,-1.04],[-58.39,-1.05],[-58.37,-1.07],[-58.36,-1.09],[-58.35,-1.11],[-58.34,-1.12],[-58.32,-1.14],[-58.27,-1.14],[-58.25,-1.13],[-58.24,-1.16],[-58.21,-1.17],[-58.19,-1.2],[-58.17,-1.21],[-58.16,-1.23],[-58.13,-1.19],[-58.12,-1.16],[-58.09,-1.16],[-58.08,-1.14],[-58.04,-1.1],[-58.02,-1.11],[-58.02,-1.13],[-57.98,-1.15],[-57.97,-1.17],[-57.98,-1.19],[-57.96,-1.22],[-57.99,-1.29],[-57.99,-1.31],[-58.0,-1.34],[-57.97,-1.36],[-57.96,-1.38],[-57.96,-1.4],[-57.94,-1.4],[-57.91,-1.41],[-57.89,-1.43],[-57.85,-1.43],[-57.82,-1.44],[-57.81,-1.46],[-57.8,-1.49],[-57.78,-1.5],[-57.76,-1.5],[-57.74,-1.5],[-57.71,-1.5],[-57.71,-1.53],[-57.7,-1.56],[-57.68,-1.59],[-57.66,-1.58],[-57.61,-1.58],[-57.59,-1.58],[-57.56,-1.6],[-57.54,-1.62],[-57.53,-1.64],[-57.5,-1.65],[-57.48,-1.66],[-57.47,-1.68],[-57.44,-1.67],[-57.44,-1.69],[-57.42,-1.68],[-57.4,-1.69],[-57.4,-1.71],[-57.37,-1.71],[-57.35,-1.73],[-57.33,-1.72],[-57.3,-1.73],[-57.3,-1.71],[-57.27,-1.71],[-57.25,-1.7],[-57.24,-1.72],[-57.22,-1.72],[-57.2,-1.71],[-57.18,-1.72],[-57.16,-1.72],[-57.17,-1.74],[-57.16,-1.77],[-57.13,-1.76],[-57.12,-1.79],[-57.1,-1.77],[-57.08,-1.79],[-57.06,-1.81],[-57.07,-1.83],[-57.07,-1.85],[-57.05,-1.88],[-57.04,-1.91],[-56.99,-1.91],[-56.97,-1.93],[-56.96,-1.95],[-56.93,-1.96],[-56.9,-1.97],[-56.88,-1.99],[-56.86,-2.02],[-56.83,-2.02],[-56.79,-2.02],[-56.77,-2.01],[-56.73,-2.02],[-56.72,-2.05],[-56.73,-2.09],[-56.75,-2.11],[-56.77,-2.14],[-56.77,-2.17],[-56.75,-2.18],[-56.73,-2.18],[-56.71,-2.19],[-56.68,-2.21],[-56.66,-2.21],[-56.63,-2.2],[-56.61,-2.21],[-56.6,-2.19],[-56.59,-2.17],[-56.56,-2.16],[-56.53,-2.14],[-56.5,-2.15],[-56.48,-2.17],[-56.46,-2.16],[-56.44,-2.16],[-56.41,-2.18],[-56.39,-2.16],[-56.37,-2.14],[-56.35,-2.15],[-56.33,-2.15],[-56.31,-2.13],[-56.3,-2.11],[-56.28,-2.09],[-56.26,-2.09],[-56.23,-2.06],[-56.21,-2.06],[-56.19,-2.04],[-56.16,-2.04],[-56.1,-2.03],[-56.1,-2.05],[-56.14,-2.1],[-56.17,-2.15],[-56.19,-2.17],[-56.22,-2.2],[-56.26,-2.22],[-56.33,-2.25],[-56.36,-2.26],[-56.38,-2.27],[-56.41,-2.32],[-56.42,-2.35],[-56.47,-2.42],[-56.44,-2.44],[-56.42,-2.45],[-56.43,-2.52],[-56.49,-2.63],[-56.77,-3.24],[-56.78,-3.26],[-56.81,-3.33],[-56.89,-3.5],[-56.91,-3.56],[-56.94,-3.62],[-56.96,-3.66],[-57.02,-3.8],[-57.55,-4.92],[-57.86,-5.6],[-58.15,-6.23],[-58.26,-6.47],[-58.29,-6.49],[-58.32,-6.49],[-58.33,-6.53],[-58.35,-6.56],[-58.37,-6.57],[-58.43,-6.62],[-58.45,-6.65],[-58.46,-6.67],[-58.48,-6.7],[-58.48,-6.78],[-58.47,-6.8],[-58.46,-6.84],[-58.43,-6.91],[-58.41,-6.94],[-58.39,-6.96],[-58.36,-6.97],[-58.34,-6.98],[-58.33,-7.0],[-58.29,-7.06],[-58.27,-7.08],[-58.25,-7.09],[-58.23,-7.11],[-58.22,-7.13],[-58.2,-7.14],[-58.18,-7.18],[-58.17,-7.23],[-58.17,-7.27],[-58.17,-7.31],[-58.15,-7.34],[-58.14,-7.36],[-58.17,-7.39],[-58.21,-7.46],[-58.21,-7.49],[-58.22,-7.52],[-58.22,-7.56],[-58.2,-7.6],[-58.2,-7.62],[-58.23,-7.65],[-58.25,-7.67],[-58.27,-7.7],[-58.28,-7.72],[-58.28,-7.75],[-58.29,-7.77],[-58.33,-7.8],[-58.37,-7.82],[-58.38,-7.84],[-58.37,-7.86],[-58.37,-7.91],[-58.35,-7.94],[-58.33,-7.97],[-58.32,-7.99],[-58.32,-8.02],[-58.29,-8.07],[-58.29,-8.1],[-58.29,-8.13],[-58.32,-8.15],[-58.32,-8.18],[-58.31,-8.21],[-58.32,-8.23],[-58.32,-8.25],[-58.32,-8.28],[-58.32,-8.3],[-58.31,-8.32],[-58.33,-8.34],[-58.35,-8.35],[-58.35,-8.38],[-58.38,-8.43],[-58.39,-8.45],[-58.42,-8.49],[-58.42,-8.51],[-58.4,-8.53],[-58.41,-8.57],[-58.39,-8.59],[-58.4,-8.62],[-58.41,-8.64],[-58.44,-8.7],[-58.41,-8.72],[-58.38,-8.71],[-58.35,-8.7],[-58.33,-8.71],[-58.35,-8.74],[-58.39,-8.78],[-58.42,-8.79],[-58.44,-8.8],[-58.5,-8.8],[-59.13,-8.8],[-59.7,-8.8],[-59.86,-8.8],[-60.41,-8.8],[-60.75,-8.8],[-60.85,-8.8],[-61.18,-8.8],[-61.58,-8.8],[-61.61,-8.79],[-61.62,-8.76],[-61.63,-8.73],[-61.65,-8.72],[-61.67,-8.7],[-61.7,-8.71],[-61.71,-8.69],[-61.74,-8.69],[-61.74,-8.72],[-61.76,-8.73],[-61.77,-8.75],[-61.81,-8.75],[-61.83,-8.73],[-61.84,-8.75],[-61.84,-8.78],[-61.86,-8.8],[-61.86,-8.83],[-61.86,-8.85],[-61.88,-8.86],[-61.9,-8.86],[-61.92,-8.88],[-61.97,-8.87],[-61.99,-8.85],[-62.0,-8.83],[-62.02,-8.82],[-62.03,-8.8],[-62.07,-8.8],[-62.1,-8.81],[-62.12,-8.8],[-62.15,-8.74],[-62.15,-8.72],[-62.17,-8.7],[-62.16,-8.68],[-62.18,-8.66],[-62.2,-8.64],[-62.18,-8.64],[-62.19,-8.59],[-62.23,-8.59],[-62.27,-8.58],[-62.29,-8.59],[-62.28,-8.62],[-62.34,-8.61],[-62.34,-8.59],[-62.33,-8.56],[-62.33,-8.53],[-62.34,-8.51],[-62.37,-8.49],[-62.37,-8.45],[-62.36,-8.42],[-62.36,-8.4],[-62.38,-8.38],[-62.4,-8.38],[-62.43,-8.37],[-62.45,-8.35],[-62.47,-8.34],[-62.49,-8.36],[-62.52,-8.38],[-62.53,-8.37],[-62.55,-8.36],[-62.55,-8.34],[-62.56,-8.32],[-62.56,-8.28],[-62.58,-8.28],[-62.61,-8.26],[-62.65,-8.24],[-62.66,-8.2],[-62.69,-8.17],[-62.67,-8.14],[-62.68,-8.12],[-62.69,-8.09],[-62.71,-8.08],[-62.74,-8.04],[-62.79,-8.03],[-62.81,-8.02],[-62.83,-7.99],[-62.85,-7.99],[-63.5,-7.98],[-63.55,-7.97],[-63.62,-7.97],[-63.63,-8.02],[-63.63,-8.04],[-63.65,-8.07],[-63.67,-8.08],[-63.66,-8.1],[-63.67,-8.12],[-63.69,-8.16],[-63.73,-8.18],[-63.75,-8.2],[-63.72,-8.25],[-63.75,-8.27],[-63.76,-8.29],[-63.77,-8.32],[-63.79,-8.33],[-63.82,-8.31],[-63.85,-8.29],[-63.87,-8.29],[-63.89,-8.3],[-63.9,-8.32],[-63.93,-8.32],[-63.94,-8.35],[-63.94,-8.39],[-63.98,-8.41],[-63.95,-8.43],[-63.94,-8.45],[-63.96,-8.47],[-63.97,-8.49],[-63.96,-8.51],[-63.94,-8.53],[-63.95,-8.55],[-63.92,-8.56],[-63.95,-8.61],[-63.97,-8.6],[-63.98,-8.58],[-63.99,-8.61],[-64.0,-8.64],[-64.02,-8.66],[-64.03,-8.69],[-64.03,-8.72],[-64.07,-8.71],[-64.09,-8.73],[-64.11,-8.72],[-64.14,-8.74],[-64.14,-8.78],[-64.13,-8.8],[-64.15,-8.83],[-64.15,-8.85],[-64.15,-8.88],[-64.15,-8.92],[-64.14,-8.94],[-64.17,-8.96],[-64.23,-8.99],[-64.26,-8.99],[-64.3,-9.0],[-64.32,-8.99],[-64.31,-8.95],[-64.31,-8.93],[-64.38,-8.95],[-64.41,-8.96],[-64.43,-8.97],[-64.45,-8.98],[-64.48,-8.98],[-64.52,-8.98],[-64.55,-8.98],[-64.57,-8.99],[-64.59,-9.01],[-64.61,-9.02],[-64.64,-9.01],[-64.67,-9.01],[-64.68,-8.99],[-64.7,-8.99],[-64.72,-9.01],[-64.75,-9.02],[-64.77,-9.0],[-64.8,-8.99],[-64.84,-8.99],[-64.87,-9.01],[-64.89,-9.03],[-64.9,-9.05],[-64.92,-9.07],[-64.93,-9.12],[-64.94,-9.15],[-64.93,-9.18],[-64.92,-9.2],[-64.92,-9.22],[-64.93,-9.24],[-64.94,-9.26],[-64.95,-9.28],[-64.98,-9.29],[-65.0,-9.3],[-65.01,-9.33],[-65.02,-9.35],[-65.04,-9.37],[-65.05,-9.39],[-65.07,-9.4],[-65.09,-9.41],[-65.1,-9.43],[-65.14,-9.45],[-65.17,-9.43],[-65.19,-9.41],[-65.18,-9.4],[-65.2,-9.37],[-65.19,-9.34],[-65.2,-9.32],[-65.21,-9.3],[-65.21,-9.28],[-65.25,-9.26],[-65.28,-9.27],[-65.3,-9.29],[-65.32,-9.3],[-65.34,-9.31],[-65.38,-9.32],[-65.39,-9.34],[-65.41,-9.32],[-65.44,-9.31],[-65.45,-9.34],[-65.45,-9.37],[-65.46,-9.4],[-65.44,-9.42],[-65.43,-9.46],[-65.46,-9.47],[-65.48,-9.47],[-65.5,-9.47],[-65.51,-9.45],[-65.56,-9.42],[-65.59,-9.41],[-65.61,-9.42],[-65.63,-9.43],[-65.65,-9.45],[-65.67,-9.45],[-65.68,-9.48],[-65.69,-9.5],[-65.7,-9.52],[-65.72,-9.56],[-65.74,-9.55],[-65.76,-9.57],[-65.78,-9.58],[-65.8,-9.58],[-65.81,-9.56],[-65.82,-9.53],[-65.85,-9.53],[-65.85,-9.51],[-65.88,-9.49],[-65.91,-9.48],[-65.93,-9.46],[-65.94,-9.44],[-65.97,-9.42],[-65.99,-9.41],[-66.03,-9.4],[-66.06,-9.42],[-66.1,-9.41],[-66.12,-9.41],[-66.15,-9.42],[-66.17,-9.43],[-66.2,-9.43],[-66.22,-9.42],[-66.24,-9.43],[-66.26,-9.41],[-66.29,-9.41],[-66.28,-9.43],[-66.31,-9.44],[-66.32,-9.42],[-66.34,-9.43],[-66.36,-9.42],[-66.39,-9.42],[-66.41,-9.41],[-66.4,-9.43],[-66.39,-9.46],[-66.39,-9.5],[-66.42,-9.53],[-66.44,-9.55],[-66.47,-9.58],[-66.49,-9.6],[-66.5,-9.63],[-66.52,-9.64],[-66.54,-9.64],[-66.55,-9.66],[-66.57,-9.67],[-66.59,-9.67],[-66.62,-9.67],[-66.64,-9.69],[-66.68,-9.71],[-66.69,-9.73],[-66.73,-9.76],[-66.75,-9.76],[-66.77,-9.75],[-66.78,-9.79],[-66.81,-9.81],[-67.11,-9.69],[-67.13,-9.68],[-67.33,-9.59],[-67.5,-9.52],[-67.94,-9.34],[-68.19,-9.23],[-68.62,-9.05],[-68.73,-9.0],[-68.78,-8.97],[-68.99,-8.87],[-69.18,-8.77],[-69.44,-8.64],[-69.55,-8.58],[-69.76,-8.47],[-70.37,-8.14],[-70.58,-8.1],[-70.94,-8.02],[-71.24,-7.95],[-71.51,-7.89],[-72.0,-7.77],[-72.17,-7.72],[-72.66,-7.62],[-72.87,-7.53],[-73.61,-7.2],[-73.74,-7.14],[-73.76,-7.13],[-73.8,-7.11],[-73.78,-7.09],[-73.75,-7.05],[-73.73,-7.02],[-73.73,-7.0],[-73.74,-6.98],[-73.75,-6.96],[-73.75,-6.94],[-73.74,-6.92],[-73.72,-6.89],[-73.71,-6.87],[-73.71,-6.84],[-73.68,-6.83],[-73.67,-6.81],[-73.65,-6.78],[-73.64,-6.75],[-73.62,-6.74],[-73.59,-6.73],[-73.56,-6.72],[-73.54,-6.69],[-73.52,-6.68],[-73.49,-6.67],[-73.47,-6.67],[-73.44,-6.66],[-73.42,-6.65],[-73.38,-6.63],[-73.38,-6.61],[-73.36,-6.59],[-73.33,-6.6],[-73.31,-6.59],[-73.29,-6.59],[-73.26,-6.59],[-73.23,-6.58],[-73.21,-6.58],[-73.21,-6.56],[-73.18,-6.54],[-73.17,-6.52],[-73.15,-6.52],[-73.14,-6.5],[-73.13,-6.48],[-73.12,-6.46],[-73.12,-6.43],[-73.11,-6.41],[-73.12,-6.39],[-73.14,-6.37],[-73.15,-6.35],[-73.15,-6.33],[-73.16,-6.3],[-73.17,-6.27],[-73.18,-6.26],[-73.2,-6.24],[-73.22,-6.22],[-73.22,-6.18],[-73.24,-6.16],[-73.25,-6.14],[-73.25,-6.11],[-73.24,-6.09],[-73.24,-6.05],[-73.23,-6.03],[-73.22,-6.01],[-73.19,-6.0],[-73.19,-5.98],[-73.18,-5.96],[-73.19,-5.94],[-73.17,-5.92],[-73.17,-5.89],[-73.16,-5.87],[-73.14,-5.86],[-73.12,-5.85],[-73.12,-5.83],[-73.09,-5.82],[-73.08,-5.81],[-73.06,-5.79],[-73.05,-5.77],[-73.04,-5.75],[-73.02,-5.73],[-73.0,-5.72],[-72.99,-5.7],[-72.99,-5.68],[-72.97,-5.66],[-72.97,-5.64],[-72.97,-5.61],[-72.95,-5.58],[-72.95,-5.56],[-72.95,-5.54],[-72.96,-5.51],[-72.96,-5.48],[-72.95,-5.46],[-72.94,-5.44],[-72.94,-5.42],[-72.92,-5.39],[-72.91,-5.37],[-72.9,-5.35],[-72.89,-5.32],[-72.87,-5.3],[-72.86,-5.27],[-72.87,-5.25],[-72.87,-5.23],[-72.87,-5.21],[-72.88,-5.18],[-72.89,-5.17],[-72.87,-5.16],[-72.85,-5.14],[-72.83,-5.14],[-72.82,-5.12],[-72.8,-5.11],[-72.78,-5.1],[-72.76,-5.1],[-72.74,-5.09],[-72.73,-5.06],[-72.71,-5.06],[-72.69,-5.06],[-72.67,-5.05],[-72.65,-5.06],[-72.63,-5.05],[-72.61,-5.04],[-72.61,-5.02],[-72.61,-4.99],[-72.59,-4.98],[-72.56,-4.97],[-72.55,-4.96],[-72.53,-4.95],[-72.51,-4.94],[-72.49,-4.94],[-72.47,-4.93],[-72.47,-4.9],[-72.44,-4.9],[-72.42,-4.9],[-72.4,-4.87],[-72.38,-4.86],[-72.38,-4.83],[-72.37,-4.81],[-72.35,-4.8],[-72.32,-4.8],[-72.31,-4.78],[-72.28,-4.78],[-72.26,-4.77],[-72.23,-4.78],[-72.22,-4.76],[-72.19,-4.76],[-72.18,-4.74],[-72.16,-4.74],[-72.15,-4.72],[-72.11,-4.71],[-72.09,-4.69],[-72.06,-4.65],[-72.04,-4.64],[-72.04,-4.62],[-72.02,-4.63],[-71.99,-4.62],[-71.98,-4.61],[-71.95,-4.6],[-71.95,-4.58],[-71.93,-4.57],[-71.93,-4.54],[-71.9,-4.54],[-71.89,-4.53],[-71.86,-4.51],[-71.84,-4.51],[-71.82,-4.5],[-71.8,-4.49],[-71.78,-4.49],[-71.76,-4.5],[-71.75,-4.49],[-71.73,-4.5],[-71.7,-4.51],[-71.68,-4.5],[-71.65,-4.5],[-71.63,-4.49],[-71.62,-4.47],[-71.62,-4.5],[-71.63,-4.52],[-71.61,-4.53],[-71.58,-4.52],[-71.57,-4.5],[-71.55,-4.48],[-71.54,-4.47],[-71.51,-4.48],[-71.51,-4.46],[-71.48,-4.45],[-71.46,-4.44],[-71.44,-4.45],[-71.42,-4.47],[-71.4,-4.44],[-71.38,-4.43],[-71.35,-4.43],[-71.34,-4.44],[-71.31,-4.45],[-71.32,-4.42],[-71.3,-4.43],[-71.27,-4.43],[-71.27,-4.41],[-71.28,-4.39],[-71.26,-4.39],[-71.23,-4.39],[-71.23,-4.41],[-71.22,-4.39],[-71.2,-4.43],[-71.19,-4.41],[-71.17,-4.39],[-71.15,-4.4],[-71.13,-4.39],[-71.12,-4.41],[-71.11,-4.38],[-71.09,-4.38],[-71.08,-4.4],[-71.06,-4.39],[-71.04,-4.4],[-71.02,-4.39],[-71.0,-4.38],[-70.99,-4.36],[-70.97,-4.38],[-70.95,-4.38],[-70.94,-4.36],[-70.92,-4.35],[-70.91,-4.33],[-70.88,-4.32],[-70.88,-4.3],[-70.86,-4.28],[-70.87,-4.26],[-70.84,-4.25],[-70.83,-4.24],[-70.83,-4.21],[-70.81,-4.2],[-70.79,-4.19],[-70.78,-4.17],[-70.75,-4.16],[-70.73,-4.18],[-70.71,-4.19],[-70.69,-4.2],[-70.67,-4.18],[-70.67,-4.14],[-70.66,-4.17],[-70.65,-4.15],[-70.64,-4.13],[-70.63,-4.14],[-70.64,-4.17],[-70.63,-4.19],[-70.6,-4.19],[-70.58,-4.17],[-70.56,-4.16],[-70.55,-4.14],[-70.52,-4.14],[-70.51,-4.16],[-70.52,-4.19],[-70.5,-4.18],[-70.49,-4.16],[-70.47,-4.18],[-70.45,-4.16],[-70.45,-4.14],[-70.42,-4.14],[-70.4,-4.14],[-70.37,-4.15],[-70.35,-4.18],[-70.33,-4.17],[-70.33,-4.15],[-70.31,-4.16],[-70.29,-4.18],[-70.29,-4.2],[-70.28,-4.23],[-70.31,-4.25],[-70.31,-4.27],[-70.29,-4.28],[-70.26,-4.28],[-70.26,-4.3],[-70.25,-4.32],[-70.23,-4.32],[-70.21,-4.33],[-70.21,-4.35],[-70.19,-4.37],[-70.18,-4.35],[-70.16,-4.34],[-70.17,-4.31],[-70.16,-4.28],[-70.14,-4.29],[-70.11,-4.28],[-70.1,-4.3],[-70.07,-4.3],[-70.08,-4.32],[-70.05,-4.33],[-70.03,-4.35],[-70.01,-4.34],[-69.98,-4.33],[-69.97,-4.31],[-69.96,-4.28],[-69.95,-4.23],[-69.9,-4.0],[-69.84,-3.7],[-69.84,-3.67],[-69.83,-3.65],[-69.83,-3.62],[-69.82,-3.59],[-69.82,-3.57],[-69.81,-3.54],[-69.8,-3.46],[-69.78,-3.37],[-69.77,-3.31],[-69.75,-3.21],[-69.73,-3.08],[-69.71,-3.0],[-69.71,-2.97],[-69.7,-2.92],[-69.61,-2.44],[-69.61,-2.42],[-69.6,-2.39],[-69.6,-2.36],[-69.59,-2.34],[-69.59,-2.29],[-69.58,-2.26],[-69.58,-2.23],[-69.57,-2.2],[-69.56,-2.16],[-69.56,-2.13],[-69.55,-2.11],[-69.55,-2.08],[-69.54,-2.05],[-69.54,-2.02],[-69.53,-1.99],[-69.53,-1.97],[-69.52,-1.91],[-69.48,-1.71],[-69.45,-1.53],[-69.46,-1.51],[-69.45,-1.48],[-69.43,-1.46],[-69.44,-1.42],[-69.43,-1.4],[-69.42,-1.38],[-69.4,-1.37],[-69.41,-1.33],[-69.41,-1.29],[-69.42,-1.27],[-69.43,-1.24],[-69.43,-1.22],[-69.42,-1.2],[-69.41,-1.18],[-69.41,-1.16],[-69.4,-1.13],[-69.4,-1.11],[-69.42,-1.08],[-69.43,-1.06],[-69.43,-1.04],[-69.43,-1.02],[-69.44,-0.99],[-69.46,-0.98],[-69.47,-0.96],[-69.49,-0.95],[-69.51,-0.93],[-69.53,-0.92],[-69.52,-0.89],[-69.54,-0.86],[-69.57,-0.84],[-69.56,-0.82],[-69.57,-0.8],[-69.59,-0.79],[-69.61,-0.77],[-69.62,-0.75],[-69.61,-0.72],[-69.6,-0.7],[-69.58,-0.68],[-69.58,-0.66],[-69.56,-0.64],[-69.58,-0.62],[-69.59,-0.61],[-69.6,-0.58],[-69.6,-0.56],[-69.61,-0.54],[-69.61,-0.51],[-69.63,-0.5],[-69.65,-0.48],[-69.67,-0.47],[-69.69,-0.46],[-69.72,-0.45],[-69.74,-0.44],[-69.75,-0.42],[-69.77,-0.41],[-69.79,-0.4],[-69.8,-0.39],[-69.84,-0.36],[-69.85,-0.35],[-69.87,-0.35],[-69.9,-0.35],[-69.91,-0.34],[-69.93,-0.32],[-69.95,-0.3],[-69.96,-0.28],[-69.98,-0.27],[-69.99,-0.25],[-70.0,-0.22],[-70.03,-0.21],[-70.05,-0.19],[-70.06,-0.16],[-70.04,-0.12],[-70.04,-0.06],[-70.05,-0.03],[-70.05,0.07],[-70.04,0.56],[-70.02,0.54],[-69.99,0.55],[-70.0,0.57],[-69.97,0.57],[-69.95,0.56],[-69.93,0.57],[-69.91,0.59],[-69.89,0.58],[-69.87,0.58],[-69.85,0.59],[-69.82,0.59],[-69.8,0.58],[-69.79,0.6],[-69.77,0.6],[-69.75,0.62],[-69.72,0.62],[-69.72,0.64],[-69.7,0.65],[-69.68,0.67],[-69.66,0.67],[-69.63,0.64],[-69.61,0.63],[-69.59,0.65],[-69.58,0.67],[-69.57,0.68],[-69.54,0.68],[-69.53,0.7],[-69.52,0.71],[-69.5,0.73],[-69.47,0.74],[-69.46,0.72],[-69.44,0.71],[-69.43,0.69],[-69.41,0.68],[-69.4,0.66],[-69.38,0.64],[-69.37,0.63],[-69.35,0.62],[-69.34,0.64],[-69.31,0.64],[-69.29,0.65],[-69.29,0.62],[-69.27,0.61],[-69.24,0.61],[-69.21,0.61],[-69.2,0.63],[-69.19,0.65],[-69.17,0.65],[-69.14,0.65],[-69.12,0.64],[-69.12,0.66],[-69.13,0.68],[-69.14,0.7],[-69.17,0.72],[-69.19,0.73],[-69.17,0.76],[-69.15,0.77],[-69.15,0.79],[-69.15,0.81],[-69.17,0.83],[-69.17,0.85],[-69.14,0.85],[-69.14,0.88],[-69.15,0.89],[-69.17,0.9],[-69.19,0.92],[-69.18,0.94],[-69.18,0.96],[-69.21,0.97],[-69.21,0.99],[-69.21,1.02],[-69.24,1.04],[-69.25,1.05],[-69.27,1.07],[-69.29,1.07],[-69.32,1.1],[-69.35,1.09],[-69.37,1.09],[-69.39,1.08],[-69.42,1.05],[-69.44,1.07],[-69.46,1.08],[-69.48,1.09],[-69.51,1.08],[-69.53,1.08],[-69.56,1.08],[-69.59,1.09],[-69.61,1.11],[-69.63,1.1],[-69.66,1.09],[-69.68,1.08],[-69.71,1.08],[-69.71,1.11],[-69.73,1.12],[-69.75,1.12],[-69.78,1.11],[-69.79,1.09],[-69.81,1.07],[-69.83,1.07],[-69.84,1.5],[-69.84,1.58],[-69.84,1.72],[-69.82,1.71],[-69.79,1.71],[-69.78,1.72],[-69.76,1.73],[-69.73,1.75],[-69.7,1.74],[-69.68,1.74],[-69.66,1.74],[-69.64,1.74],[-69.62,1.75],[-69.6,1.76],[-69.58,1.77],[-69.56,1.78],[-69.52,1.78],[-69.49,1.77],[-69.47,1.77],[-69.45,1.76],[-69.43,1.76],[-69.41,1.75],[-69.39,1.74],[-69.18,1.73],[-69.1,1.73],[-69.0,1.73],[-68.5,1.73],[-68.16,1.73],[-68.16,1.75],[-68.17,1.77],[-68.19,1.79],[-68.21,1.78],[-68.24,1.77],[-68.24,1.8],[-68.23,1.82],[-68.27,1.83],[-68.26,1.86],[-68.25,1.88],[-68.24,1.93],[-68.22,1.94],[-68.21,1.96],[-68.19,1.97],[-68.17,1.99],[-68.14,1.98],[-68.13,1.97],[-68.11,1.94],[-68.1,1.92],[-68.09,1.9],[-68.06,1.9],[-68.04,1.9],[-68.02,1.89],[-68.0,1.86],[-67.97,1.83],[-67.95,1.83],[-67.92,1.84],[-67.91,1.87],[-67.91,1.9],[-67.89,1.9],[-67.86,1.92],[-67.84,1.94],[-67.83,1.96],[-67.81,1.98],[-67.78,2.03],[-67.75,2.04],[-67.72,2.03],[-67.7,2.03],[-67.67,2.02],[-67.65,2.02],[-67.63,2.02],[-67.61,2.04],[-67.6,2.06],[-67.58,2.09],[-67.56,2.11],[-67.55,2.14],[-67.52,2.17],[-67.5,2.18],[-67.48,2.19],[-67.45,2.21],[-67.44,2.23],[-67.41,2.25],[-67.36,2.23],[-67.34,2.21],[-67.34,2.18],[-67.34,2.15],[-67.34,2.13],[-67.34,2.1],[-67.33,2.08],[-67.33,2.04],[-67.33,2.03]]]]},"properties":{"sigla":"AM","name":"Amazonas"}},{"type":"Feature","geometry":{"type":"MultiPolygon","coordinates":[[[[-51.18,4.01],[-51.18,3.99],[-51.18,3.97],[-51.18,3.95],[-51.16,3.93],[-51.13,3.92],[-51.1,3.91],[-51.08,3.9],[-51.07,3.88],[-51.07,3.86],[-51.08,3.83],[-51.08,3.81],[-51.08,3.78],[-51.08,3.76],[-51.08,3.74],[-51.09,3.72],[-51.09,3.69],[-51.08,3.63],[-51.08,3.59],[-51.08,3.57],[-51.07,3.54],[-51.07,3.5],[-51.07,3.48],[-51.09,3.45],[-51.09,3.41],[-51.09,3.39],[-51.08,3.37],[-51.07,3.34],[-51.06,3.32],[-51.05,3.29],[-51.04,3.27],[-51.03,3.24],[-51.03,3.22],[-51.02,3.19],[-51.03,3.18],[-51.03,3.15],[-51.03,3.12],[-51.01,3.09],[-51.01,3.07],[-51.01,3.05],[-51.0,3.03],[-50.99,3.0],[-50.98,2.97],[-50.98,2.94],[-50.97,2.92],[-50.94,2.88],[-50.94,2.85],[-50.94,2.81],[-50.91,2.8],[-50.9,2.78],[-50.9,2.76],[-50.88,2.74],[-50.88,2.71],[-50.88,2.69],[-50.85,2.66],[-50.84,2.64],[-50.84,2.6],[-50.84,2.58],[-50.83,2.53],[-50.84,2.51],[-50.85,2.5],[-50.83,2.5],[-50.81,2.51],[-50.79,2.5],[-50.78,2.48],[-50.77,2.46],[-50.76,2.43],[-50.76,2.4],[-50.76,2.38],[-50.75,2.35],[-50.74,2.32],[-50.73,2.3],[-50.72,2.28],[-50.72,2.26],[-50.72,2.24],[-50.7,2.22],[-50.69,2.19],[-50.68,2.15],[-50.7,2.14],[-50.67,2.15],[-50.58,2.19],[-50.53,2.21],[-50.5,2.21],[-50.46,2.2],[-50.44,2.2],[-50.42,2.18],[-50.41,2.16],[-50.39,2.13],[-50.38,2.12],[-50.37,2.1],[-50.35,2.08],[-50.35,2.05],[-50.34,2.03],[-50.32,2.01],[-50.31,1.99],[-50.3,1.96],[-50.27,1.89],[-50.24,1.8],[-50.19,1.81],[-50.17,1.81],[-50.15,1.81],[-50.11,1.79],[-50.07,1.78],[-50.04,1.77],[-49.92,1.7],[-49.92,1.68],[-49.9,1.65],[-49.9,1.63],[-49.89,1.59],[-49.89,1.56],[-49.89,1.54],[-49.88,1.52],[-49.88,1.49],[-49.88,1.47],[-49.88,1.44],[-49.88,1.4],[-49.88,1.38],[-49.89,1.36],[-49.9,1.33],[-49.91,1.31],[-49.91,1.27],[-49.9,1.23],[-49.89,1.21],[-49.89,1.19],[-49.91,1.17],[-49.91,1.15],[-49.93,1.12],[-49.94,1.1],[-49.95,1.04],[-49.94,1.01],[-49.94,0.99],[-49.96,0.97],[-49.98,0.96],[-49.99,0.93],[-50.01,0.89],[-50.02,0.87],[-50.04,0.86],[-50.06,0.84],[-50.05,0.82],[-50.07,0.8],[-50.09,0.78],[-50.09,0.7],[-50.16,0.71],[-50.2,0.7],[-50.31,0.68],[-50.35,0.67],[-50.41,0.62],[-50.44,0.6],[-50.45,0.57],[-50.47,0.53],[-50.48,0.48],[-50.49,0.46],[-50.5,0.44],[-50.52,0.37],[-50.54,0.35],[-50.56,0.31],[-50.58,0.27],[-50.6,0.25],[-50.62,0.23],[-50.64,0.21],[-50.67,0.19],[-50.74,0.13],[-50.78,0.11],[-50.92,0.08],[-50.97,0.04],[-51.0,0.0],[-51.07,-0.08],[-51.08,-0.09],[-51.11,-0.09],[-51.17,-0.1],[-51.22,-0.12],[-51.27,-0.2],[-51.29,-0.23],[-51.3,-0.25],[-51.33,-0.27],[-51.35,-0.3],[-51.35,-0.32],[-51.36,-0.37],[-51.4,-0.41],[-51.42,-0.43],[-51.43,-0.47],[-51.46,-0.51],[-51.49,-0.55],[-51.51,-0.57],[-51.57,-0.62],[-51.6,-0.65],[-51.67,-0.76],[-51.68,-0.78],[-51.69,-0.82],[-51.69,-0.89],[-51.7,-0.92],[-51.69,-0.98],[-51.69,-1.01],[-51.69,-1.04],[-51.7,-1.07],[-51.78,-1.14],[-51.81,-1.16],[-51.89,-1.17],[-51.9,-1.15],[-51.93,-1.13],[-51.95,-1.17],[-51.97,-1.16],[-51.96,-1.13],[-51.98,-1.12],[-51.99,-1.15],[-51.99,-1.17],[-52.01,-1.17],[-52.04,-1.17],[-52.06,-1.18],[-52.05,-1.21],[-52.05,-1.23],[-52.1,-1.23],[-52.11,-1.2],[-52.11,-1.18],[-52.12,-1.15],[-52.15,-1.15],[-52.16,-1.13],[-52.21,-1.13],[-52.23,-1.13],[-52.27,-1.13],[-52.3,-1.12],[-52.33,-1.12],[-52.35,-1.07],[-52.37,-1.06],[-52.4,-1.04],[-52.42,-1.05],[-52.42,-1.03],[-52.41,-1.01],[-52.42,-0.97],[-52.44,-0.95],[-52.43,-0.92],[-52.4,-0.91],[-52.4,-0.89],[-52.42,-0.85],[-52.44,-0.83],[-52.47,-0.84],[-52.5,-0.85],[-52.52,-0.86],[-52.54,-0.85],[-52.52,-0.82],[-52.52,-0.8],[-52.52,-0.78],[-52.5,-0.75],[-52.5,-0.73],[-52.5,-0.69],[-52.51,-0.66],[-52.51,-0.62],[-52.52,-0.59],[-52.57,-0.58],[-52.59,-0.58],[-52.61,-0.59],[-52.64,-0.58],[-52.67,-0.54],[-52.68,-0.52],[-52.69,-0.5],[-52.7,-0.46],[-52.68,-0.42],[-52.7,-0.39],[-52.68,-0.34],[-52.68,-0.31],[-52.7,-0.29],[-52.74,-0.28],[-52.75,-0.26],[-52.76,-0.24],[-52.84,-0.19],[-52.84,-0.16],[-52.88,-0.14],[-52.9,-0.15],[-52.93,-0.15],[-52.94,-0.11],[-52.96,-0.06],[-52.97,-0.04],[-52.98,-0.01],[-52.98,0.02],[-52.99,0.04],[-53.01,0.05],[-53.01,0.1],[-53.03,0.11],[-53.04,0.13],[-53.05,0.16],[-53.07,0.17],[-53.08,0.19],[-53.11,0.23],[-53.09,0.26],[-53.11,0.29],[-53.13,0.3],[-53.14,0.33],[-53.15,0.35],[-53.17,0.38],[-53.16,0.4],[-53.17,0.45],[-53.15,0.48],[-53.16,0.51],[-53.15,0.54],[-53.15,0.56],[-53.15,0.6],[-53.12,0.63],[-53.11,0.67],[-53.12,0.7],[-53.15,0.72],[-53.18,0.75],[-53.19,0.77],[-53.21,0.78],[-53.24,0.8],[-53.26,0.82],[-53.28,0.84],[-53.3,0.86],[-53.33,0.87],[-53.35,0.89],[-53.41,0.93],[-53.41,0.96],[-53.41,0.98],[-53.43,1.02],[-53.43,1.04],[-53.45,1.07],[-53.46,1.11],[-53.46,1.14],[-53.44,1.15],[-53.41,1.15],[-53.4,1.18],[-53.41,1.2],[-53.42,1.22],[-53.43,1.24],[-53.47,1.24],[-53.52,1.21],[-53.54,1.22],[-53.53,1.24],[-53.52,1.26],[-53.55,1.28],[-53.56,1.31],[-53.54,1.32],[-53.54,1.34],[-53.56,1.35],[-53.59,1.36],[-53.63,1.35],[-53.65,1.34],[-53.65,1.36],[-53.64,1.38],[-53.64,1.41],[-53.66,1.39],[-53.68,1.37],[-53.7,1.38],[-53.71,1.4],[-53.7,1.42],[-53.72,1.43],[-53.71,1.41],[-53.73,1.39],[-53.75,1.39],[-53.78,1.4],[-53.8,1.42],[-53.82,1.41],[-53.8,1.4],[-53.82,1.39],[-53.85,1.39],[-53.88,1.41],[-53.88,1.44],[-53.9,1.46],[-53.92,1.46],[-53.94,1.44],[-53.93,1.46],[-53.95,1.47],[-53.97,1.48],[-54.0,1.48],[-54.0,1.51],[-54.02,1.52],[-54.04,1.51],[-54.06,1.49],[-54.08,1.5],[-54.09,1.51],[-54.1,1.55],[-54.12,1.56],[-54.1,1.58],[-54.12,1.59],[-54.13,1.62],[-54.14,1.64],[-54.17,1.64],[-54.19,1.63],[-54.2,1.65],[-54.23,1.67],[-54.25,1.68],[-54.27,1.69],[-54.29,1.71],[-54.3,1.73],[-54.32,1.74],[-54.34,1.74],[-54.38,1.76],[-54.39,1.75],[-54.4,1.76],[-54.42,1.76],[-54.45,1.76],[-54.47,1.76],[-54.5,1.75],[-54.52,1.76],[-54.56,1.78],[-54.59,1.78],[-54.61,1.78],[-54.63,1.78],[-54.65,1.77],[-54.67,1.77],[-54.69,1.77],[-54.72,1.77],[-54.74,1.78],[-54.75,1.8],[-54.74,1.82],[-54.74,1.84],[-54.75,1.87],[-54.76,1.89],[-54.77,1.94],[-54.76,1.96],[-54.76,1.98],[-54.78,2.0],[-54.79,2.02],[-54.81,2.04],[-54.81,2.06],[-54.81,2.09],[-54.8,2.11],[-54.8,2.13],[-54.79,2.15],[-54.78,2.17],[-54.76,2.19],[-54.77,2.22],[-54.79,2.24],[-54.81,2.27],[-54.81,2.29],[-54.8,2.31],[-54.8,2.33],[-54.83,2.36],[-54.87,2.4],[-54.88,2.43],[-54.8,2.44],[-54.74,2.47],[-54.68,2.45],[-54.69,2.41],[-54.69,2.38],[-54.66,2.33],[-54.6,2.34],[-54.44,2.21],[-54.19,2.18],[-54.0,2.23],[-53.98,2.23],[-53.96,2.24],[-53.94,2.25],[-53.94,2.28],[-53.92,2.29],[-53.91,2.27],[-53.89,2.29],[-53.89,2.31],[-53.87,2.32],[-53.85,2.31],[-53.82,2.32],[-53.84,2.33],[-53.81,2.34],[-53.8,2.37],[-53.77,2.37],[-53.75,2.38],[-53.73,2.36],[-53.74,2.34],[-53.75,2.32],[-53.73,2.31],[-53.71,2.31],[-53.69,2.3],[-53.66,2.3],[-53.65,2.28],[-53.63,2.28],[-53.61,2.29],[-53.59,2.27],[-53.57,2.27],[-53.55,2.26],[-53.53,2.26],[-53.5,2.26],[-53.48,2.27],[-53.46,2.26],[-53.47,2.28],[-53.45,2.28],[-53.42,2.29],[-53.4,2.3],[-53.38,2.31],[-53.36,2.33],[-53.35,2.35],[-53.33,2.35],[-53.32,2.33],[-53.31,2.32],[-53.28,2.31],[-53.27,2.29],[-53.26,2.28],[-53.23,2.28],[-53.24,2.26],[-53.26,2.25],[-53.27,2.22],[-53.28,2.21],[-53.28,2.19],[-53.27,2.17],[-53.27,2.19],[-53.25,2.2],[-53.23,2.21],[-53.21,2.19],[-53.19,2.2],[-53.17,2.21],[-53.15,2.21],[-53.12,2.21],[-53.08,2.21],[-53.07,2.2],[-53.05,2.18],[-53.03,2.17],[-53.01,2.17],[-52.99,2.16],[-52.96,2.16],[-52.94,2.17],[-52.94,2.19],[-52.91,2.19],[-52.89,2.21],[-52.89,2.22],[-52.87,2.24],[-52.86,2.26],[-52.85,2.28],[-52.83,2.29],[-52.8,2.3],[-52.79,2.31],[-52.77,2.32],[-52.74,2.33],[-52.72,2.33],[-52.7,2.35],[-52.68,2.37],[-52.66,2.38],[-52.66,2.4],[-52.64,2.42],[-52.63,2.44],[-52.61,2.45],[-52.61,2.47],[-52.59,2.47],[-52.58,2.49],[-52.56,2.51],[-52.56,2.54],[-52.55,2.56],[-52.54,2.57],[-52.53,2.59],[-52.55,2.61],[-52.56,2.63],[-52.55,2.65],[-52.53,2.66],[-52.52,2.69],[-52.5,2.71],[-52.49,2.74],[-52.49,2.76],[-52.48,2.78],[-52.47,2.8],[-52.46,2.82],[-52.45,2.84],[-52.44,2.86],[-52.43,2.89],[-52.4,2.89],[-52.38,2.91],[-52.4,2.92],[-52.39,2.94],[-52.38,2.97],[-52.37,2.99],[-52.37,3.01],[-52.36,3.03],[-52.35,3.05],[-52.33,3.07],[-52.34,3.09],[-52.34,3.12],[-52.35,3.14],[-52.34,3.15],[-52.33,3.17],[-52.31,3.18],[-52.31,3.2],[-52.3,3.22],[-52.28,3.24],[-52.27,3.25],[-52.24,3.24],[-52.22,3.26],[-52.2,3.29],[-52.19,3.31],[-52.18,3.33],[-52.16,3.35],[-52.15,3.37],[-52.13,3.41],[-52.12,3.44],[-52.1,3.47],[-52.09,3.49],[-52.08,3.51],[-52.06,3.52],[-52.05,3.54],[-52.04,3.57],[-52.02,3.59],[-52.0,3.61],[-51.99,3.63],[-51.99,3.66],[-51.99,3.68],[-51.98,3.7],[-51.97,3.72],[-51.95,3.73],[-51.93,3.73],[-51.92,3.76],[-51.92,3.78],[-51.9,3.8],[-51.88,3.81],[-51.86,3.83],[-51.84,3.85],[-51.83,3.86],[-51.8,3.88],[-51.79,3.9],[-51.78,3.93],[-51.78,3.95],[-51.77,3.97],[-51.75,3.99],[-51.73,4.0],[-51.71,4.0],[-51.69,4.02],[-51.67,4.03],[-51.65,4.04],[-51.64,4.06],[-51.64,4.09],[-51.63,4.12],[-51.62,4.14],[-51.6,4.17],[-51.59,4.19],[-51.6,4.22],[-51.59,4.24],[-51.59,4.26],[-51.58,4.29],[-51.58,4.31],[-51.57,4.33],[-51.57,4.37],[-51.56,4.4],[-51.55,4.42],[-51.53,4.43],[-51.5,4.43],[-51.45,4.39],[-51.43,4.37],[-51.39,4.34],[-51.36,4.31],[-51.35,4.3],[-51.32,4.27],[-51.29,4.24],[-51.28,4.22],[-51.25,4.19],[-51.23,4.16],[-51.22,4.14],[-51.21,4.12],[-51.2,4.1],[-51.19,4.08],[-51.19,4.06],[-51.18,4.02],[-51.18,4.01]]]]},"properties":{"sigla":"AP","name":"Amap\u00e1"}},{"type":"Feature","geometry":{"type":"MultiPolygon","coordinates":[[[[-39.29,-8.56],[-39.27,-8.58],[-39.27,-8.61],[-39.25,-8.63],[-39.25,-8.65],[-39.25,-8.68],[-39.23,-8.71],[-39.21,-8.71],[-39.19,-8.71],[-39.17,-8.69],[-39.15,-8.71],[-39.06,-8.73],[-39.03,-8.74],[-39.02,-8.75],[-38.99,-8.77],[-38.98,-8.79],[-38.96,-8.8],[-38.93,-8.8],[-38.88,-8.79],[-38.85,-8.78],[-38.81,-8.79],[-38.74,-8.84],[-38.72,-8.85],[-38.7,-8.89],[-38.69,-8.92],[-38.69,-8.94],[-38.67,-8.97],[-38.64,-8.99],[-38.61,-8.95],[-38.61,-8.89],[-38.57,-8.83],[-38.55,-8.82],[-38.51,-8.83],[-38.48,-8.85],[-38.47,-8.89],[-38.5,-8.92],[-38.52,-8.93],[-38.51,-8.96],[-38.5,-8.98],[-38.48,-9.0],[-38.45,-9.02],[-38.43,-9.03],[-38.39,-9.02],[-38.35,-9.0],[-38.32,-8.99],[-38.3,-9.02],[-38.29,-9.05],[-38.31,-9.06],[-38.33,-9.08],[-38.3,-9.1],[-38.32,-9.12],[-38.32,-9.14],[-38.29,-9.17],[-38.28,-9.21],[-38.25,-9.29],[-38.24,-9.33],[-38.22,-9.34],[-38.2,-9.38],[-38.2,-9.4],[-38.2,-9.42],[-38.18,-9.42],[-38.15,-9.44],[-38.13,-9.44],[-38.11,-9.44],[-38.08,-9.44],[-38.07,-9.46],[-38.04,-9.47],[-38.01,-9.48],[-38.0,-9.5],[-38.01,-9.53],[-38.02,-9.55],[-38.03,-9.57],[-38.04,-9.6],[-38.03,-9.62],[-38.01,-9.63],[-37.99,-9.64],[-38.02,-9.67],[-38.03,-9.68],[-38.04,-9.72],[-38.04,-9.75],[-38.03,-9.78],[-38.0,-9.8],[-37.97,-9.81],[-37.98,-9.84],[-37.98,-9.86],[-37.99,-9.89],[-38.0,-9.91],[-37.98,-9.94],[-37.97,-9.96],[-37.94,-9.97],[-37.92,-9.97],[-37.88,-9.98],[-37.83,-10.0],[-37.82,-10.02],[-37.82,-10.06],[-37.8,-10.11],[-37.78,-10.13],[-37.78,-10.18],[-37.77,-10.2],[-37.74,-10.31],[-37.74,-10.33],[-37.76,-10.34],[-37.78,-10.35],[-37.81,-10.37],[-37.83,-10.37],[-37.84,-10.4],[-37.85,-10.42],[-37.83,-10.48],[-37.82,-10.5],[-37.82,-10.53],[-37.83,-10.55],[-37.83,-10.57],[-37.81,-10.69],[-37.84,-10.7],[-37.97,-10.75],[-38.0,-10.76],[-38.02,-10.76],[-38.03,-10.74],[-38.04,-10.72],[-38.08,-10.71],[-38.1,-10.71],[-38.13,-10.72],[-38.15,-10.72],[-38.18,-10.7],[-38.2,-10.71],[-38.22,-10.75],[-38.22,-10.78],[-38.24,-10.79],[-38.24,-10.81],[-38.23,-10.85],[-38.24,-10.88],[-38.23,-10.9],[-38.23,-10.92],[-38.21,-10.93],[-38.18,-10.94],[-38.19,-10.96],[-38.18,-10.98],[-38.15,-11.0],[-38.13,-11.01],[-38.11,-11.02],[-38.11,-11.04],[-38.09,-11.06],[-38.09,-11.09],[-38.09,-11.12],[-38.07,-11.13],[-38.07,-11.15],[-38.05,-11.18],[-38.03,-11.18],[-38.01,-11.19],[-37.99,-11.2],[-37.98,-11.21],[-37.99,-11.23],[-37.99,-11.26],[-37.99,-11.28],[-38.0,-11.3],[-37.99,-11.32],[-38.0,-11.34],[-37.98,-11.37],[-37.98,-11.39],[-37.95,-11.4],[-37.94,-11.42],[-37.92,-11.4],[-37.9,-11.42],[-37.88,-11.43],[-37.87,-11.44],[-37.86,-11.46],[-37.84,-11.48],[-37.81,-11.49],[-37.81,-11.51],[-37.79,-11.52],[-37.77,-11.53],[-37.75,-11.54],[-37.73,-11.55],[-37.7,-11.54],[-37.7,-11.56],[-37.67,-11.57],[-37.66,-11.54],[-37.65,-11.52],[-37.63,-11.53],[-37.61,-11.54],[-37.59,-11.53],[-37.58,-11.55],[-37.56,-11.55],[-37.52,-11.55],[-37.51,-11.53],[-37.46,-11.52],[-37.44,-11.51],[-37.41,-11.49],[-37.39,-11.48],[-37.37,-11.46],[-37.35,-11.44],[-37.39,-11.5],[-37.41,-11.54],[-37.43,-11.58],[-37.44,-11.6],[-37.46,-11.65],[-37.48,-11.67],[-37.49,-11.69],[-37.51,-11.74],[-37.56,-11.84],[-37.56,-11.85],[-37.57,-11.87],[-37.6,-11.94],[-37.61,-11.96],[-37.62,-11.99],[-37.65,-12.04],[-37.67,-12.07],[-37.69,-12.09],[-37.7,-12.12],[-37.73,-12.16],[-37.74,-12.19],[-37.76,-12.22],[-37.78,-12.25],[-37.84,-12.32],[-37.88,-12.39],[-37.92,-12.44],[-37.94,-12.47],[-37.96,-12.49],[-37.97,-12.52],[-37.98,-12.54],[-37.99,-12.56],[-38.0,-12.58],[-38.02,-12.59],[-38.04,-12.6],[-38.05,-12.63],[-38.06,-12.64],[-38.08,-12.66],[-38.09,-12.67],[-38.12,-12.7],[-38.15,-12.73],[-38.18,-12.77],[-38.2,-12.79],[-38.21,-12.82],[-38.23,-12.83],[-38.25,-12.85],[-38.26,-12.87],[-38.28,-12.88],[-38.31,-12.92],[-38.34,-12.94],[-38.36,-12.95],[-38.38,-12.95],[-38.4,-12.96],[-38.42,-12.98],[-38.44,-12.99],[-38.46,-13.0],[-38.48,-13.01],[-38.5,-13.01],[-38.52,-13.01],[-38.58,-13.0],[-38.56,-12.95],[-38.56,-12.93],[-38.61,-12.93],[-38.61,-12.96],[-38.62,-12.98],[-38.64,-13.0],[-38.65,-13.03],[-38.68,-13.04],[-38.71,-13.06],[-38.73,-13.07],[-38.74,-13.09],[-38.76,-13.12],[-38.8,-13.14],[-38.82,-13.15],[-38.85,-13.16],[-38.86,-13.18],[-38.88,-13.19],[-38.91,-13.21],[-38.92,-13.21],[-38.94,-13.23],[-38.96,-13.27],[-38.97,-13.29],[-38.97,-13.34],[-38.96,-13.37],[-38.95,-13.39],[-38.93,-13.38],[-38.91,-13.38],[-38.9,-13.4],[-38.9,-13.43],[-38.89,-13.44],[-38.89,-13.46],[-38.9,-13.48],[-38.91,-13.5],[-38.93,-13.51],[-38.93,-13.53],[-38.93,-13.56],[-38.92,-13.58],[-38.9,-13.6],[-38.91,-13.62],[-38.89,-13.64],[-38.89,-13.66],[-38.91,-13.67],[-38.94,-13.66],[-38.96,-13.67],[-38.97,-13.69],[-38.99,-13.71],[-39.0,-13.74],[-39.0,-13.76],[-39.0,-13.78],[-38.99,-13.82],[-38.97,-13.84],[-38.95,-13.87],[-38.94,-13.88],[-38.93,-13.91],[-38.93,-13.93],[-38.93,-13.96],[-38.94,-13.98],[-38.94,-14.0],[-38.95,-14.03],[-38.95,-14.05],[-38.96,-14.07],[-38.96,-14.09],[-38.97,-14.12],[-38.98,-14.14],[-38.98,-14.17],[-38.99,-14.19],[-38.99,-14.21],[-38.99,-14.23],[-39.0,-14.26],[-38.99,-14.28],[-38.98,-14.3],[-38.99,-14.31],[-39.0,-14.34],[-39.0,-14.37],[-39.01,-14.39],[-39.02,-14.42],[-39.02,-14.46],[-39.03,-14.48],[-39.04,-14.5],[-39.04,-14.52],[-39.05,-14.56],[-39.05,-14.59],[-39.06,-14.62],[-39.07,-14.68],[-39.07,-14.7],[-39.06,-14.74],[-39.05,-14.78],[-39.03,-14.78],[-39.03,-14.81],[-39.03,-14.83],[-39.03,-14.88],[-39.02,-14.9],[-39.01,-14.94],[-39.0,-14.97],[-39.0,-14.99],[-39.0,-15.09],[-39.0,-15.13],[-39.0,-15.2],[-39.0,-15.23],[-38.99,-15.25],[-38.99,-15.28],[-38.99,-15.3],[-38.98,-15.35],[-38.98,-15.38],[-38.97,-15.4],[-38.96,-15.45],[-38.96,-15.47],[-38.94,-15.53],[-38.94,-15.55],[-38.94,-15.6],[-38.94,-15.66],[-38.93,-15.68],[-38.92,-15.7],[-38.91,-15.73],[-38.9,-15.76],[-38.89,-15.78],[-38.87,-15.82],[-38.87,-15.85],[-38.87,-15.87],[-38.88,-15.91],[-38.91,-16.0],[-38.93,-16.03],[-38.94,-16.05],[-38.94,-16.07],[-38.95,-16.09],[-38.96,-16.12],[-38.95,-16.16],[-38.96,-16.17],[-38.97,-16.2],[-38.98,-16.22],[-39.01,-16.24],[-39.02,-16.27],[-39.02,-16.29],[-39.02,-16.32],[-39.01,-16.33],[-39.01,-16.35],[-39.01,-16.38],[-39.03,-16.38],[-39.04,-16.4],[-39.06,-16.43],[-39.06,-16.45],[-39.06,-16.47],[-39.07,-16.49],[-39.08,-16.51],[-39.08,-16.54],[-39.09,-16.56],[-39.09,-16.58],[-39.09,-16.61],[-39.09,-16.63],[-39.1,-16.66],[-39.1,-16.68],[-39.11,-16.7],[-39.12,-16.72],[-39.13,-16.74],[-39.14,-16.77],[-39.14,-16.79],[-39.14,-16.81],[-39.14,-16.84],[-39.14,-16.87],[-39.13,-16.89],[-39.14,-16.92],[-39.15,-16.94],[-39.15,-16.97],[-39.16,-16.99],[-39.17,-17.01],[-39.17,-17.05],[-39.18,-17.08],[-39.18,-17.11],[-39.2,-17.13],[-39.21,-17.15],[-39.21,-17.17],[-39.21,-17.2],[-39.21,-17.23],[-39.22,-17.25],[-39.22,-17.27],[-39.22,-17.29],[-39.22,-17.32],[-39.2,-17.4],[-39.19,-17.45],[-39.19,-17.47],[-39.19,-17.52],[-39.19,-17.54],[-39.19,-17.56],[-39.19,-17.58],[-39.18,-17.61],[-39.16,-17.65],[-39.14,-17.68],[-39.18,-17.73],[-39.18,-17.75],[-39.2,-17.76],[-39.24,-17.8],[-39.26,-17.83],[-39.27,-17.85],[-39.29,-17.88],[-39.33,-17.89],[-39.36,-17.9],[-39.38,-17.91],[-39.4,-17.92],[-39.44,-17.94],[-39.45,-17.96],[-39.47,-17.97],[-39.49,-18.0],[-39.52,-18.04],[-39.53,-18.06],[-39.54,-18.08],[-39.57,-18.09],[-39.56,-18.12],[-39.59,-18.15],[-39.61,-18.19],[-39.62,-18.2],[-39.64,-18.23],[-39.64,-18.26],[-39.65,-18.28],[-39.66,-18.32],[-39.67,-18.35],[-39.67,-18.32],[-39.83,-18.23],[-39.91,-18.18],[-40.22,-17.98],[-40.23,-17.96],[-40.26,-17.94],[-40.25,-17.91],[-40.21,-17.9],[-40.18,-17.86],[-40.19,-17.83],[-40.2,-17.82],[-40.22,-17.8],[-40.22,-17.77],[-40.22,-17.73],[-40.25,-17.73],[-40.27,-17.73],[-40.29,-17.7],[-40.3,-17.68],[-40.31,-17.67],[-40.33,-17.65],[-40.33,-17.63],[-40.35,-17.61],[-40.35,-17.64],[-40.37,-17.62],[-40.4,-17.63],[-40.41,-17.61],[-40.42,-17.59],[-40.43,-17.57],[-40.46,-17.57],[-40.47,-17.54],[-40.49,-17.53],[-40.48,-17.51],[-40.5,-17.49],[-40.52,-17.46],[-40.55,-17.44],[-40.57,-17.42],[-40.6,-17.42],[-40.62,-17.41],[-40.6,-17.39],[-40.6,-17.36],[-40.59,-17.34],[-40.61,-17.33],[-40.59,-17.31],[-40.57,-17.29],[-40.55,-17.28],[-40.56,-17.26],[-40.56,-17.23],[-40.55,-17.2],[-40.57,-17.18],[-40.58,-17.15],[-40.56,-17.13],[-40.56,-17.1],[-40.57,-17.06],[-40.56,-17.03],[-40.55,-16.98],[-40.52,-16.96],[-40.5,-16.93],[-40.49,-16.9],[-40.48,-16.88],[-40.46,-16.88],[-40.44,-16.89],[-40.42,-16.9],[-40.4,-16.89],[-40.38,-16.89],[-40.35,-16.89],[-40.33,-16.91],[-40.31,-16.9],[-40.28,-16.9],[-40.27,-16.88],[-40.26,-16.86],[-40.25,-16.85],[-40.25,-16.82],[-40.27,-16.79],[-40.29,-16.8],[-40.32,-16.8],[-40.35,-16.79],[-40.32,-16.75],[-40.31,-16.72],[-40.3,-16.7],[-40.31,-16.68],[-40.3,-16.65],[-40.29,-16.62],[-40.29,-16.6],[-40.28,-16.57],[-40.25,-16.57],[-40.23,-16.56],[-40.22,-16.57],[-40.19,-16.57],[-40.16,-16.58],[-40.16,-16.56],[-40.17,-16.54],[-40.16,-16.51],[-40.14,-16.5],[-40.12,-16.47],[-40.1,-16.44],[-40.09,-16.45],[-40.07,-16.46],[-40.06,-16.44],[-40.04,-16.41],[-40.03,-16.39],[-40.02,-16.36],[-40.01,-16.34],[-39.99,-16.31],[-39.97,-16.33],[-39.95,-16.3],[-39.93,-16.28],[-39.92,-16.27],[-39.94,-16.24],[-39.91,-16.22],[-39.9,-16.2],[-39.88,-16.16],[-39.9,-16.14],[-39.87,-16.13],[-39.86,-16.11],[-39.87,-16.1],[-39.88,-16.07],[-39.9,-16.05],[-39.92,-16.03],[-39.92,-16.0],[-39.95,-15.99],[-39.96,-16.0],[-39.99,-15.99],[-40.01,-15.98],[-40.03,-15.97],[-40.05,-15.96],[-40.07,-15.94],[-40.07,-15.91],[-40.08,-15.92],[-40.08,-15.9],[-40.1,-15.91],[-40.13,-15.91],[-40.15,-15.9],[-40.17,-15.91],[-40.17,-15.88],[-40.19,-15.86],[-40.21,-15.85],[-40.21,-15.84],[-40.23,-15.82],[-40.26,-15.81],[-40.28,-15.81],[-40.3,-15.82],[-40.33,-15.82],[-40.36,-15.81],[-40.38,-15.82],[-40.4,-15.81],[-40.42,-15.81],[-40.43,-15.78],[-40.45,-15.76],[-40.48,-15.77],[-40.51,-15.77],[-40.52,-15.79],[-40.54,-15.79],[-40.56,-15.8],[-40.57,-15.78],[-40.59,-15.77],[-40.6,-15.75],[-40.61,-15.73],[-40.63,-15.72],[-40.64,-15.73],[-40.66,-15.71],[-40.68,-15.7],[-40.7,-15.67],[-40.72,-15.67],[-40.74,-15.68],[-40.75,-15.71],[-40.77,-15.71],[-40.79,-15.69],[-40.79,-15.67],[-40.82,-15.65],[-40.83,-15.67],[-40.85,-15.68],[-40.88,-15.69],[-40.9,-15.69],[-40.91,-15.66],[-40.94,-15.66],[-40.96,-15.65],[-40.97,-15.67],[-40.98,-15.69],[-41.0,-15.71],[-41.04,-15.71],[-41.05,-15.72],[-41.08,-15.72],[-41.09,-15.74],[-41.12,-15.74],[-41.14,-15.77],[-41.16,-15.76],[-41.2,-15.75],[-41.21,-15.74],[-41.24,-15.74],[-41.27,-15.75],[-41.29,-15.74],[-41.32,-15.74],[-41.34,-15.64],[-41.36,-15.5],[-41.46,-15.4],[-41.63,-15.25],[-41.79,-15.11],[-41.81,-15.1],[-41.85,-15.12],[-41.87,-15.12],[-41.88,-15.14],[-41.9,-15.15],[-41.92,-15.16],[-41.95,-15.18],[-41.98,-15.17],[-42.0,-15.16],[-42.03,-15.17],[-42.07,-15.18],[-42.09,-15.19],[-42.11,-15.17],[-42.12,-15.14],[-42.13,-15.13],[-42.15,-15.12],[-42.15,-15.1],[-42.17,-15.09],[-42.19,-15.1],[-42.22,-15.11],[-42.25,-15.11],[-42.26,-15.12],[-42.28,-15.12],[-42.32,-15.1],[-42.33,-15.08],[-42.35,-15.1],[-42.38,-15.07],[-42.4,-15.08],[-42.42,-15.07],[-42.44,-15.06],[-42.44,-15.03],[-42.48,-15.02],[-42.5,-14.99],[-42.52,-14.98],[-42.53,-14.97],[-42.55,-14.96],[-42.57,-14.95],[-42.59,-14.93],[-42.61,-14.93],[-42.62,-14.94],[-42.65,-14.92],[-42.68,-14.9],[-42.7,-14.89],[-42.71,-14.88],[-42.74,-14.88],[-42.75,-14.85],[-42.79,-14.84],[-42.84,-14.81],[-42.86,-14.78],[-42.87,-14.77],[-42.9,-14.76],[-42.91,-14.74],[-42.93,-14.72],[-42.95,-14.71],[-42.98,-14.7],[-43.0,-14.7],[-43.03,-14.69],[-43.05,-14.69],[-43.07,-14.68],[-43.08,-14.7],[-43.09,-14.68],[-43.12,-14.68],[-43.14,-14.67],[-43.18,-14.65],[-43.2,-14.65],[-43.23,-14.66],[-43.28,-14.67],[-43.3,-14.68],[-43.32,-14.68],[-43.35,-14.7],[-43.4,-14.71],[-43.41,-14.72],[-43.43,-14.72],[-43.46,-14.74],[-43.46,-14.77],[-43.47,-14.79],[-43.5,-14.8],[-43.52,-14.81],[-43.54,-14.79],[-43.56,-14.77],[-43.58,-14.75],[-43.61,-14.76],[-43.63,-14.75],[-43.66,-14.74],[-43.67,-14.73],[-43.7,-14.72],[-43.72,-14.71],[-43.75,-14.7],[-43.77,-14.69],[-43.79,-14.69],[-43.82,-14.68],[-43.85,-14.67],[-43.87,-14.66],[-43.88,-14.64],[-43.87,-14.62],[-43.88,-14.59],[-43.88,-14.57],[-43.87,-14.52],[-43.84,-14.46],[-43.83,-14.44],[-43.82,-14.39],[-43.8,-14.37],[-43.78,-14.34],[-43.81,-14.33],[-43.82,-14.31],[-43.84,-14.32],[-43.87,-14.31],[-43.89,-14.3],[-43.91,-14.3],[-43.93,-14.3],[-43.96,-14.3],[-43.97,-14.27],[-43.99,-14.27],[-44.02,-14.27],[-44.03,-14.29],[-44.06,-14.28],[-44.08,-14.28],[-44.1,-14.27],[-44.12,-14.27],[-44.14,-14.28],[-44.16,-14.26],[-44.18,-14.26],[-44.21,-14.25],[-44.24,-14.24],[-44.25,-14.26],[-44.27,-14.25],[-44.29,-14.25],[-44.32,-14.24],[-44.34,-14.25],[-44.35,-14.27],[-44.37,-14.27],[-44.39,-14.28],[-44.43,-14.29],[-44.45,-14.31],[-44.48,-14.32],[-44.5,-14.32],[-44.52,-14.33],[-44.54,-14.34],[-44.57,-14.34],[-44.58,-14.35],[-44.6,-14.37],[-44.62,-14.37],[-44.63,-14.39],[-44.66,-14.4],[-44.66,-14.42],[-44.68,-14.42],[-44.7,-14.43],[-44.71,-14.45],[-44.74,-14.47],[-44.76,-14.47],[-44.78,-14.48],[-44.8,-14.5],[-44.83,-14.5],[-44.83,-14.52],[-44.82,-14.54],[-44.85,-14.55],[-44.85,-14.57],[-44.87,-14.59],[-44.89,-14.6],[-44.91,-14.6],[-44.94,-14.63],[-44.96,-14.63],[-44.98,-14.64],[-44.99,-14.66],[-45.01,-14.67],[-45.04,-14.68],[-45.05,-14.7],[-45.06,-14.73],[-45.08,-14.75],[-45.13,-14.75],[-45.15,-14.74],[-45.17,-14.73],[-45.19,-14.75],[-45.22,-14.76],[-45.23,-14.77],[-45.26,-14.79],[-45.27,-14.81],[-45.29,-14.83],[-45.31,-14.84],[-45.33,-14.86],[-45.35,-14.86],[-45.37,-14.88],[-45.4,-14.92],[-45.42,-14.93],[-45.44,-14.93],[-45.45,-14.95],[-45.49,-14.96],[-45.51,-14.95],[-45.53,-14.94],[-45.55,-14.94],[-45.59,-14.97],[-45.6,-14.99],[-45.62,-15.01],[-45.64,-15.02],[-45.66,-15.04],[-45.67,-15.08],[-45.69,-15.09],[-45.71,-15.1],[-45.74,-15.12],[-45.79,-15.11],[-45.81,-15.11],[-45.83,-15.12],[-45.85,-15.14],[-45.87,-15.16],[-45.92,-15.13],[-45.95,-15.14],[-45.97,-15.15],[-45.98,-15.17],[-45.98,-15.2],[-46.01,-15.2],[-46.03,-15.21],[-46.04,-15.23],[-46.05,-15.25],[-46.08,-15.26],[-46.08,-15.25],[-46.1,-15.23],[-46.12,-15.2],[-46.1,-15.19],[-46.08,-15.18],[-46.05,-15.17],[-46.04,-15.14],[-46.04,-15.12],[-46.03,-15.1],[-46.02,-15.08],[-45.98,-15.04],[-45.97,-15.01],[-45.97,-14.97],[-45.98,-14.94],[-46.0,-14.93],[-46.0,-14.9],[-46.02,-14.88],[-46.03,-14.86],[-46.05,-14.83],[-46.02,-14.82],[-46.01,-14.79],[-46.01,-14.77],[-46.01,-14.74],[-46.0,-14.71],[-46.02,-14.69],[-46.02,-14.67],[-46.0,-14.66],[-45.99,-14.65],[-45.98,-14.62],[-46.0,-14.6],[-45.98,-14.57],[-45.99,-14.55],[-45.98,-14.54],[-45.99,-14.52],[-46.0,-14.5],[-46.0,-14.48],[-46.01,-14.45],[-46.0,-14.43],[-46.02,-14.42],[-46.0,-14.43],[-45.97,-14.43],[-45.95,-14.42],[-45.93,-14.41],[-45.93,-14.39],[-45.91,-14.37],[-45.93,-14.35],[-45.95,-14.33],[-45.96,-14.3],[-45.97,-14.28],[-45.99,-14.28],[-46.0,-14.26],[-46.02,-14.26],[-46.04,-14.24],[-46.06,-14.23],[-46.05,-14.2],[-46.08,-14.2],[-46.1,-14.21],[-46.12,-14.19],[-46.12,-14.16],[-46.14,-14.16],[-46.19,-14.15],[-46.2,-14.13],[-46.22,-14.12],[-46.24,-14.11],[-46.26,-14.1],[-46.22,-14.07],[-46.24,-14.06],[-46.23,-14.04],[-46.21,-14.02],[-46.22,-14.0],[-46.22,-13.98],[-46.25,-13.95],[-46.27,-13.94],[-46.26,-13.9],[-46.23,-13.85],[-46.25,-13.83],[-46.27,-13.82],[-46.28,-13.8],[-46.24,-13.78],[-46.22,-13.77],[-46.24,-13.74],[-46.27,-13.74],[-46.24,-13.72],[-46.26,-13.69],[-46.24,-13.66],[-46.21,-13.63],[-46.19,-13.62],[-46.16,-13.59],[-46.18,-13.57],[-46.21,-13.57],[-46.24,-13.56],[-46.23,-13.54],[-46.23,-13.52],[-46.22,-13.5],[-46.23,-13.48],[-46.21,-13.47],[-46.22,-13.45],[-46.24,-13.44],[-46.22,-13.41],[-46.19,-13.39],[-46.17,-13.38],[-46.15,-13.38],[-46.13,-13.37],[-46.11,-13.36],[-46.09,-13.33],[-46.06,-13.31],[-46.04,-13.29],[-46.06,-13.26],[-46.11,-13.28],[-46.17,-13.31],[-46.2,-13.32],[-46.24,-13.34],[-46.27,-13.35],[-46.28,-13.33],[-46.3,-13.31],[-46.32,-13.3],[-46.3,-13.28],[-46.3,-13.25],[-46.32,-13.25],[-46.31,-13.22],[-46.3,-13.21],[-46.3,-13.18],[-46.31,-13.16],[-46.29,-13.15],[-46.3,-13.13],[-46.31,-13.11],[-46.3,-13.08],[-46.29,-13.05],[-46.28,-13.03],[-46.27,-13.01],[-46.25,-13.01],[-46.23,-13.0],[-46.21,-13.0],[-46.19,-12.99],[-46.17,-12.98],[-46.15,-12.98],[-46.13,-12.96],[-46.11,-12.93],[-46.13,-12.91],[-46.18,-12.92],[-46.22,-12.94],[-46.27,-12.93],[-46.3,-12.95],[-46.29,-12.92],[-46.29,-12.9],[-46.28,-12.88],[-46.29,-12.86],[-46.27,-12.85],[-46.27,-12.81],[-46.28,-12.78],[-46.28,-12.76],[-46.27,-12.74],[-46.26,-12.72],[-46.29,-12.7],[-46.28,-12.68],[-46.27,-12.67],[-46.26,-12.65],[-46.29,-12.63],[-46.27,-12.59],[-46.27,-12.57],[-46.25,-12.55],[-46.23,-12.54],[-46.2,-12.53],[-46.16,-12.53],[-46.16,-12.5],[-46.16,-12.47],[-46.18,-12.48],[-46.23,-12.5],[-46.25,-12.49],[-46.25,-12.46],[-46.25,-12.44],[-46.26,-12.41],[-46.29,-12.41],[-46.3,-12.41],[-46.29,-12.38],[-46.31,-12.36],[-46.33,-12.34],[-46.35,-12.34],[-46.35,-12.31],[-46.32,-12.31],[-46.34,-12.3],[-46.37,-12.29],[-46.37,-12.27],[-46.38,-12.25],[-46.36,-12.22],[-46.37,-12.2],[-46.39,-12.19],[-46.38,-12.17],[-46.37,-12.13],[-46.37,-12.11],[-46.38,-12.09],[-46.39,-12.07],[-46.38,-12.05],[-46.4,-12.04],[-46.38,-12.02],[-46.36,-11.98],[-46.33,-11.96],[-46.29,-11.95],[-46.25,-11.95],[-46.21,-11.93],[-46.17,-11.91],[-46.18,-11.89],[-46.2,-11.89],[-46.24,-11.9],[-46.26,-11.89],[-46.28,-11.89],[-46.31,-11.9],[-46.35,-11.88],[-46.37,-11.87],[-46.37,-11.84],[-46.35,-11.84],[-46.34,-11.82],[-46.33,-11.8],[-46.32,-11.78],[-46.35,-11.75],[-46.37,-11.76],[-46.33,-11.74],[-46.31,-11.7],[-46.29,-11.68],[-46.31,-11.65],[-46.31,-11.63],[-46.29,-11.63],[-46.27,-11.62],[-46.22,-11.64],[-46.18,-11.66],[-46.15,-11.66],[-46.13,-11.65],[-46.09,-11.64],[-46.09,-11.62],[-46.13,-11.6],[-46.16,-11.61],[-46.19,-11.61],[-46.21,-11.6],[-46.24,-11.56],[-46.26,-11.56],[-46.29,-11.55],[-46.31,-11.54],[-46.35,-11.54],[-46.39,-11.53],[-46.41,-11.54],[-46.43,-11.53],[-46.45,-11.51],[-46.47,-11.52],[-46.49,-11.5],[-46.52,-11.48],[-46.53,-11.44],[-46.55,-11.41],[-46.55,-11.38],[-46.59,-11.37],[-46.6,-11.35],[-46.6,-11.32],[-46.62,-11.3],[-46.6,-11.27],[-46.58,-11.25],[-46.5,-11.21],[-46.47,-11.19],[-46.45,-11.16],[-46.45,-11.09],[-46.42,-11.04],[-46.41,-11.02],[-46.4,-10.99],[-46.38,-10.98],[-46.36,-10.96],[-46.33,-10.94],[-46.3,-10.92],[-46.28,-10.91],[-46.3,-10.87],[-46.29,-10.85],[-46.28,-10.82],[-46.23,-10.8],[-46.23,-10.77],[-46.25,-10.76],[-46.22,-10.73],[-46.19,-10.72],[-46.19,-10.68],[-46.21,-10.66],[-46.19,-10.63],[-46.17,-10.62],[-46.14,-10.62],[-46.11,-10.62],[-46.1,-10.6],[-46.07,-10.6],[-46.06,-10.57],[-46.03,-10.57],[-46.02,-10.54],[-46.01,-10.54],[-45.98,-10.53],[-45.96,-10.51],[-45.91,-10.47],[-45.89,-10.45],[-45.86,-10.44],[-45.84,-10.44],[-45.82,-10.41],[-45.83,-10.38],[-45.79,-10.35],[-45.75,-10.35],[-45.72,-10.32],[-45.71,-10.28],[-45.7,-10.26],[-45.7,-10.22],[-45.71,-10.19],[-45.7,-10.17],[-45.72,-10.15],[-45.7,-10.16],[-45.67,-10.14],[-45.65,-10.13],[-45.6,-10.11],[-45.58,-10.12],[-45.57,-10.14],[-45.57,-10.16],[-45.57,-10.18],[-45.56,-10.22],[-45.53,-10.23],[-45.52,-10.26],[-45.52,-10.28],[-45.5,-10.3],[-45.47,-10.31],[-45.46,-10.34],[-45.43,-10.36],[-45.43,-10.39],[-45.43,-10.41],[-45.41,-10.43],[-45.4,-10.45],[-45.43,-10.49],[-45.45,-10.51],[-45.44,-10.53],[-45.44,-10.55],[-45.44,-10.58],[-45.44,-10.62],[-45.41,-10.64],[-45.39,-10.65],[-45.37,-10.67],[-45.36,-10.73],[-45.32,-10.76],[-45.29,-10.77],[-45.26,-10.8],[-45.25,-10.82],[-45.22,-10.82],[-45.16,-10.84],[-45.12,-10.84],[-45.09,-10.84],[-45.03,-10.87],[-45.02,-10.88],[-44.99,-10.88],[-44.97,-10.89],[-44.93,-10.93],[-44.91,-10.91],[-44.88,-10.9],[-44.86,-10.89],[-44.85,-10.9],[-44.83,-10.88],[-44.81,-10.87],[-44.81,-10.85],[-44.79,-10.81],[-44.76,-10.8],[-44.75,-10.78],[-44.71,-10.76],[-44.69,-10.77],[-44.67,-10.76],[-44.66,-10.73],[-44.67,-10.69],[-44.65,-10.68],[-44.61,-10.66],[-44.6,-10.65],[-44.58,-10.63],[-44.55,-10.63],[-44.52,-10.65],[-44.5,-10.65],[-44.48,-10.64],[-44.46,-10.61],[-44.44,-10.61],[-44.4,-10.61],[-44.35,-10.56],[-44.32,-10.55],[-44.3,-10.57],[-44.28,-10.61],[-44.26,-10.62],[-44.24,-10.63],[-44.22,-10.61],[-44.19,-10.63],[-44.17,-10.64],[-44.15,-10.64],[-44.12,-10.61],[-44.11,-10.59],[-44.08,-10.59],[-44.07,-10.56],[-44.05,-10.51],[-44.04,-10.49],[-44.04,-10.44],[-44.03,-10.42],[-44.01,-10.4],[-43.97,-10.42],[-43.95,-10.43],[-43.92,-10.42],[-43.91,-10.38],[-43.9,-10.37],[-43.88,-10.34],[-43.85,-10.32],[-43.84,-10.3],[-43.83,-10.28],[-43.84,-10.25],[-43.8,-10.21],[-43.78,-10.18],[-43.77,-10.13],[-43.77,-10.11],[-43.77,-10.08],[-43.73,-10.07],[-43.69,-10.08],[-43.69,-10.04],[-43.67,-10.03],[-43.66,-10.0],[-43.68,-9.98],[-43.7,-9.97],[-43.69,-9.94],[-43.71,-9.92],[-43.7,-9.9],[-43.68,-9.89],[-43.67,-9.87],[-43.65,-9.84],[-43.66,-9.82],[-43.69,-9.81],[-43.71,-9.81],[-43.75,-9.78],[-43.76,-9.77],[-43.78,-9.76],[-43.8,-9.73],[-43.8,-9.69],[-43.83,-9.65],[-43.84,-9.63],[-43.84,-9.59],[-43.85,-9.56],[-43.83,-9.52],[-43.82,-9.49],[-43.8,-9.48],[-43.79,-9.46],[-43.77,-9.44],[-43.69,-9.42],[-43.62,-9.37],[-43.57,-9.32],[-43.54,-9.31],[-43.53,-9.3],[-43.51,-9.28],[-43.49,-9.26],[-43.46,-9.26],[-43.44,-9.26],[-43.42,-9.28],[-43.4,-9.3],[-43.37,-9.35],[-43.35,-9.37],[-43.32,-9.38],[-43.3,-9.4],[-43.28,-9.42],[-43.27,-9.41],[-43.24,-9.41],[-43.22,-9.4],[-43.2,-9.41],[-43.17,-9.41],[-43.16,-9.39],[-43.15,-9.38],[-43.12,-9.38],[-43.1,-9.39],[-43.08,-9.4],[-43.06,-9.4],[-43.06,-9.42],[-43.02,-9.41],[-42.99,-9.4],[-42.96,-9.43],[-42.96,-9.46],[-42.96,-9.48],[-42.95,-9.51],[-42.93,-9.53],[-42.91,-9.53],[-42.88,-9.56],[-42.85,-9.55],[-42.83,-9.58],[-42.82,-9.6],[-42.82,-9.62],[-42.76,-9.62],[-42.76,-9.59],[-42.74,-9.58],[-42.72,-9.56],[-42.72,-9.53],[-42.69,-9.54],[-42.65,-9.54],[-42.63,-9.54],[-42.6,-9.52],[-42.59,-9.5],[-42.56,-9.5],[-42.52,-9.5],[-42.49,-9.49],[-42.49,-9.47],[-42.47,-9.46],[-42.45,-9.46],[-42.43,-9.44],[-42.42,-9.41],[-42.4,-9.4],[-42.36,-9.38],[-42.35,-9.35],[-42.33,-9.34],[-42.32,-9.32],[-42.29,-9.31],[-42.27,-9.31],[-42.25,-9.29],[-42.23,-9.28],[-42.21,-9.29],[-42.18,-9.28],[-42.14,-9.29],[-42.1,-9.28],[-42.07,-9.26],[-42.03,-9.26],[-42.0,-9.27],[-41.97,-9.25],[-41.94,-9.27],[-41.92,-9.28],[-41.9,-9.26],[-41.88,-9.25],[-41.87,-9.24],[-41.85,-9.24],[-41.82,-9.19],[-41.8,-9.16],[-41.78,-9.13],[-41.73,-9.09],[-41.73,-9.07],[-41.73,-9.05],[-41.73,-9.02],[-41.68,-9.01],[-41.67,-8.99],[-41.65,-8.99],[-41.62,-8.98],[-41.61,-8.97],[-41.59,-8.95],[-41.57,-8.96],[-41.54,-8.96],[-41.54,-8.94],[-41.53,-8.91],[-41.51,-8.89],[-41.5,-8.86],[-41.49,-8.84],[-41.46,-8.83],[-41.43,-8.8],[-41.41,-8.77],[-41.4,-8.75],[-41.39,-8.73],[-41.38,-8.71],[-41.36,-8.71],[-41.33,-8.73],[-41.31,-8.73],[-41.28,-8.74],[-41.26,-8.72],[-41.24,-8.72],[-41.2,-8.71],[-41.18,-8.71],[-41.11,-8.7],[-41.12,-8.72],[-41.13,-8.75],[-41.12,-8.76],[-41.1,-8.78],[-41.08,-8.79],[-41.06,-8.78],[-41.04,-8.79],[-41.02,-8.81],[-41.03,-8.83],[-41.01,-8.83],[-40.98,-8.82],[-40.96,-8.84],[-40.93,-8.84],[-40.91,-8.85],[-40.9,-8.87],[-40.88,-8.9],[-40.87,-8.92],[-40.86,-8.95],[-40.85,-8.97],[-40.85,-9.0],[-40.83,-9.02],[-40.82,-9.05],[-40.82,-9.08],[-40.8,-9.1],[-40.78,-9.1],[-40.76,-9.11],[-40.73,-9.12],[-40.71,-9.14],[-40.68,-9.14],[-40.67,-9.16],[-40.67,-9.19],[-40.68,-9.21],[-40.69,-9.23],[-40.69,-9.26],[-40.69,-9.28],[-40.71,-9.28],[-40.72,-9.31],[-40.74,-9.3],[-40.76,-9.31],[-40.74,-9.33],[-40.74,-9.35],[-40.75,-9.37],[-40.74,-9.4],[-40.76,-9.41],[-40.77,-9.45],[-40.74,-9.44],[-40.72,-9.45],[-40.68,-9.47],[-40.62,-9.48],[-40.59,-9.47],[-40.57,-9.47],[-40.55,-9.45],[-40.54,-9.43],[-40.51,-9.41],[-40.49,-9.41],[-40.47,-9.42],[-40.45,-9.39],[-40.44,-9.36],[-40.41,-9.35],[-40.39,-9.37],[-40.37,-9.38],[-40.33,-9.35],[-40.34,-9.33],[-40.32,-9.29],[-40.29,-9.18],[-40.29,-9.15],[-40.29,-9.12],[-40.27,-9.08],[-40.25,-9.06],[-40.23,-9.06],[-40.21,-9.06],[-40.17,-9.09],[-40.13,-9.11],[-40.08,-9.08],[-40.03,-9.06],[-40.0,-9.06],[-39.98,-9.05],[-39.96,-9.05],[-39.92,-9.0],[-39.9,-8.98],[-39.87,-8.93],[-39.88,-8.9],[-39.9,-8.86],[-39.89,-8.83],[-39.87,-8.82],[-39.82,-8.81],[-39.8,-8.82],[-39.75,-8.79],[-39.71,-8.8],[-39.67,-8.79],[-39.68,-8.76],[-39.67,-8.74],[-39.68,-8.71],[-39.69,-8.68],[-39.66,-8.66],[-39.63,-8.66],[-39.61,-8.66],[-39.57,-8.64],[-39.55,-8.62],[-39.53,-8.61],[-39.48,-8.59],[-39.46,-8.58],[-39.44,-8.56],[-39.42,-8.55],[-39.38,-8.53],[-39.36,-8.54],[-39.34,-8.56],[-39.3,-8.56],[-39.29,-8.56]],[[-39.58,-18.09],[-39.58,-18.09]]]]},"properties":{"sigla":"BA","name":"Bahia"}},{"type":"Feature","geometry":{"type":"MultiPolygon","coordinates":[[[[-40.02,-2.84],[-40.0,-2.84],[-39.98,-2.85],[-40.0,-2.84],[-39.96,-2.86],[-39.94,-2.86],[-39.91,-2.88],[-39.89,-2.88],[-39.86,-2.9],[-39.83,-2.92],[-39.81,-2.93],[-39.79,-2.95],[-39.77,-2.96],[-39.76,-2.97],[-39.74,-2.99],[-39.72,-3.0],[-39.69,-3.0],[-39.67,-3.01],[-39.65,-3.02],[-39.62,-3.03],[-39.61,-3.04],[-39.6,-3.07],[-39.57,-3.07],[-39.55,-3.08],[-39.53,-3.09],[-39.52,-3.11],[-39.49,-3.12],[-39.47,-3.13],[-39.45,-3.14],[-39.43,-3.15],[-39.4,-3.18],[-39.38,-3.18],[-39.34,-3.18],[-39.32,-3.2],[-39.3,-3.21],[-39.28,-3.22],[-39.25,-3.22],[-39.23,-3.24],[-39.19,-3.29],[-39.17,-3.32],[-39.15,-3.34],[-39.11,-3.35],[-39.1,-3.37],[-39.09,-3.38],[-39.07,-3.4],[-39.05,-3.41],[-39.03,-3.41],[-39.01,-3.4],[-38.97,-3.42],[-38.95,-3.44],[-38.94,-3.45],[-38.92,-3.48],[-38.91,-3.5],[-38.89,-3.5],[-38.87,-3.52],[-38.86,-3.54],[-38.84,-3.54],[-38.82,-3.54],[-38.79,-3.57],[-38.76,-3.6],[-38.75,-3.62],[-38.72,-3.63],[-38.69,-3.65],[-38.67,-3.67],[-38.64,-3.69],[-38.62,-3.69],[-38.59,-3.69],[-38.57,-3.7],[-38.54,-3.72],[-38.52,-3.72],[-38.5,-3.72],[-38.48,-3.72],[-38.46,-3.73],[-38.44,-3.76],[-38.43,-3.78],[-38.41,-3.81],[-38.4,-3.83],[-38.38,-3.86],[-38.36,-3.88],[-38.35,-3.9],[-38.33,-3.92],[-38.3,-3.94],[-38.28,-3.94],[-38.25,-3.97],[-38.24,-3.99],[-38.22,-4.01],[-38.21,-4.03],[-38.17,-4.07],[-38.16,-4.09],[-38.14,-4.11],[-38.12,-4.14],[-38.1,-4.16],[-38.08,-4.18],[-38.07,-4.19],[-38.05,-4.21],[-38.01,-4.25],[-37.99,-4.26],[-37.98,-4.27],[-37.96,-4.29],[-37.92,-4.33],[-37.9,-4.34],[-37.88,-4.36],[-37.86,-4.37],[-37.84,-4.38],[-37.81,-4.39],[-37.78,-4.4],[-37.76,-4.42],[-37.75,-4.44],[-37.74,-4.47],[-37.73,-4.5],[-37.71,-4.52],[-37.69,-4.53],[-37.66,-4.56],[-37.64,-4.59],[-37.61,-4.61],[-37.57,-4.64],[-37.54,-4.64],[-37.52,-4.64],[-37.5,-4.63],[-37.48,-4.64],[-37.45,-4.66],[-37.41,-4.67],[-37.39,-4.68],[-37.37,-4.68],[-37.34,-4.69],[-37.32,-4.71],[-37.3,-4.72],[-37.29,-4.74],[-37.27,-4.78],[-37.26,-4.82],[-37.36,-4.86],[-37.45,-4.88],[-37.47,-4.89],[-37.64,-4.93],[-37.68,-5.05],[-37.71,-5.06],[-37.73,-5.08],[-37.73,-5.1],[-37.76,-5.14],[-37.78,-5.19],[-37.79,-5.21],[-37.78,-5.23],[-37.79,-5.26],[-37.78,-5.29],[-37.81,-5.32],[-37.84,-5.34],[-37.86,-5.38],[-37.86,-5.41],[-37.88,-5.44],[-37.89,-5.48],[-37.9,-5.5],[-37.92,-5.5],[-37.94,-5.53],[-37.99,-5.56],[-38.0,-5.58],[-38.02,-5.61],[-38.03,-5.64],[-38.05,-5.65],[-38.08,-5.66],[-38.08,-5.7],[-38.09,-5.73],[-38.06,-5.72],[-38.05,-5.75],[-38.08,-5.78],[-38.1,-5.81],[-38.12,-5.83],[-38.12,-5.89],[-38.14,-5.9],[-38.16,-5.92],[-38.16,-5.95],[-38.19,-5.96],[-38.24,-6.0],[-38.25,-6.04],[-38.27,-6.06],[-38.3,-6.09],[-38.34,-6.08],[-38.36,-6.09],[-38.38,-6.07],[-38.38,-6.05],[-38.4,-6.06],[-38.43,-6.08],[-38.44,-6.09],[-38.47,-6.13],[-38.47,-6.15],[-38.5,-6.18],[-38.53,-6.19],[-38.53,-6.21],[-38.53,-6.24],[-38.55,-6.26],[-38.58,-6.28],[-38.57,-6.3],[-38.58,-6.32],[-38.58,-6.35],[-38.57,-6.37],[-38.59,-6.38],[-38.58,-6.4],[-38.56,-6.4],[-38.53,-6.39],[-38.54,-6.42],[-38.55,-6.43],[-38.57,-6.45],[-38.59,-6.5],[-38.61,-6.51],[-38.62,-6.55],[-38.63,-6.57],[-38.63,-6.59],[-38.65,-6.61],[-38.66,-6.64],[-38.65,-6.66],[-38.66,-6.68],[-38.67,-6.7],[-38.66,-6.72],[-38.65,-6.75],[-38.63,-6.78],[-38.64,-6.8],[-38.66,-6.81],[-38.67,-6.83],[-38.68,-6.85],[-38.69,-6.87],[-38.71,-6.88],[-38.73,-6.89],[-38.76,-6.9],[-38.76,-6.92],[-38.76,-6.95],[-38.75,-6.96],[-38.75,-6.99],[-38.73,-7.01],[-38.69,-7.03],[-38.67,-7.05],[-38.68,-7.07],[-38.66,-7.09],[-38.66,-7.11],[-38.68,-7.13],[-38.67,-7.16],[-38.68,-7.18],[-38.66,-7.18],[-38.64,-7.19],[-38.62,-7.2],[-38.62,-7.22],[-38.61,-7.24],[-38.58,-7.25],[-38.56,-7.24],[-38.55,-7.26],[-38.53,-7.29],[-38.55,-7.32],[-38.56,-7.36],[-38.58,-7.38],[-38.58,-7.4],[-38.6,-7.41],[-38.58,-7.43],[-38.61,-7.44],[-38.64,-7.46],[-38.63,-7.48],[-38.65,-7.5],[-38.65,-7.52],[-38.66,-7.55],[-38.67,-7.57],[-38.69,-7.58],[-38.71,-7.59],[-38.71,-7.61],[-38.72,-7.63],[-38.74,-7.65],[-38.76,-7.66],[-38.78,-7.66],[-38.81,-7.67],[-38.81,-7.7],[-38.83,-7.72],[-38.85,-7.72],[-38.87,-7.72],[-38.88,-7.75],[-38.92,-7.74],[-38.93,-7.76],[-38.95,-7.78],[-38.95,-7.81],[-38.96,-7.83],[-38.98,-7.85],[-39.0,-7.84],[-39.01,-7.81],[-39.05,-7.82],[-39.06,-7.84],[-39.09,-7.86],[-39.09,-7.84],[-39.09,-7.81],[-39.1,-7.79],[-39.11,-7.76],[-39.12,-7.74],[-39.14,-7.72],[-39.17,-7.71],[-39.19,-7.7],[-39.21,-7.69],[-39.23,-7.7],[-39.25,-7.7],[-39.25,-7.68],[-39.27,-7.66],[-39.31,-7.66],[-39.3,-7.64],[-39.3,-7.62],[-39.28,-7.61],[-39.3,-7.6],[-39.31,-7.58],[-39.32,-7.55],[-39.33,-7.53],[-39.35,-7.51],[-39.37,-7.49],[-39.4,-7.47],[-39.42,-7.47],[-39.45,-7.45],[-39.48,-7.45],[-39.5,-7.42],[-39.52,-7.41],[-39.54,-7.39],[-39.57,-7.37],[-39.6,-7.34],[-39.62,-7.33],[-39.65,-7.32],[-39.69,-7.32],[-39.76,-7.32],[-39.79,-7.33],[-39.81,-7.33],[-39.84,-7.33],[-39.86,-7.33],[-39.89,-7.34],[-39.92,-7.34],[-39.94,-7.37],[-39.96,-7.39],[-39.98,-7.39],[-40.01,-7.39],[-40.08,-7.4],[-40.15,-7.41],[-40.25,-7.43],[-40.27,-7.39],[-40.32,-7.37],[-40.37,-7.38],[-40.42,-7.39],[-40.5,-7.39],[-40.55,-7.39],[-40.54,-7.34],[-40.52,-7.32],[-40.51,-7.3],[-40.51,-7.27],[-40.51,-7.23],[-40.5,-7.19],[-40.49,-7.17],[-40.48,-7.13],[-40.47,-7.09],[-40.45,-7.06],[-40.43,-7.03],[-40.44,-7.02],[-40.41,-7.0],[-40.43,-6.99],[-40.43,-6.95],[-40.43,-6.9],[-40.43,-6.86],[-40.41,-6.85],[-40.39,-6.83],[-40.37,-6.81],[-40.39,-6.8],[-40.41,-6.81],[-40.44,-6.81],[-40.45,-6.79],[-40.46,-6.76],[-40.48,-6.73],[-40.52,-6.73],[-40.56,-6.72],[-40.61,-6.71],[-40.63,-6.7],[-40.65,-6.68],[-40.71,-6.68],[-40.73,-6.65],[-40.72,-6.62],[-40.74,-6.6],[-40.75,-6.57],[-40.78,-6.53],[-40.79,-6.5],[-40.8,-6.47],[-40.8,-6.43],[-40.8,-6.39],[-40.79,-6.37],[-40.78,-6.34],[-40.79,-6.3],[-40.81,-6.29],[-40.82,-6.26],[-40.85,-6.22],[-40.85,-6.2],[-40.85,-6.16],[-40.85,-6.13],[-40.86,-6.1],[-40.87,-6.06],[-40.9,-6.05],[-40.9,-6.02],[-40.89,-5.99],[-40.88,-5.92],[-40.9,-5.9],[-40.9,-5.86],[-40.91,-5.83],[-40.91,-5.79],[-40.91,-5.77],[-40.92,-5.74],[-40.93,-5.71],[-40.93,-5.69],[-40.93,-5.66],[-40.91,-5.64],[-40.9,-5.62],[-40.91,-5.59],[-40.91,-5.57],[-40.93,-5.55],[-40.94,-5.53],[-40.93,-5.51],[-40.93,-5.48],[-40.92,-5.47],[-40.93,-5.44],[-40.94,-5.42],[-40.92,-5.42],[-40.92,-5.39],[-40.93,-5.37],[-40.93,-5.35],[-40.92,-5.33],[-40.91,-5.31],[-40.92,-5.29],[-40.91,-5.27],[-40.93,-5.25],[-40.94,-5.24],[-40.92,-5.23],[-40.93,-5.2],[-40.93,-5.18],[-40.95,-5.17],[-40.96,-5.15],[-40.99,-5.14],[-41.01,-5.12],[-41.03,-5.11],[-41.03,-5.09],[-41.05,-5.1],[-41.08,-5.09],[-41.09,-5.07],[-41.13,-5.05],[-41.12,-5.02],[-41.13,-5.0],[-41.18,-4.95],[-41.2,-4.94],[-41.22,-4.94],[-41.23,-4.91],[-41.24,-4.88],[-41.24,-4.86],[-41.24,-4.84],[-41.24,-4.82],[-41.22,-4.79],[-41.21,-4.77],[-41.24,-4.76],[-41.24,-4.74],[-41.21,-4.71],[-41.17,-4.67],[-41.19,-4.65],[-41.22,-4.63],[-41.23,-4.61],[-41.22,-4.58],[-41.24,-4.57],[-41.22,-4.57],[-41.21,-4.55],[-41.2,-4.53],[-41.19,-4.5],[-41.18,-4.47],[-41.18,-4.44],[-41.16,-4.41],[-41.16,-4.38],[-41.14,-4.35],[-41.12,-4.33],[-41.12,-4.3],[-41.14,-4.23],[-41.1,-4.19],[-41.12,-4.16],[-41.13,-4.14],[-41.14,-4.12],[-41.12,-4.08],[-41.12,-4.06],[-41.12,-4.04],[-41.14,-4.04],[-41.17,-4.03],[-41.19,-4.02],[-41.23,-4.03],[-41.25,-4.04],[-41.24,-4.02],[-41.25,-3.99],[-41.23,-3.97],[-41.22,-3.95],[-41.23,-3.92],[-41.25,-3.9],[-41.26,-3.87],[-41.27,-3.85],[-41.28,-3.83],[-41.3,-3.83],[-41.28,-3.81],[-41.27,-3.79],[-41.25,-3.77],[-41.26,-3.75],[-41.25,-3.73],[-41.24,-3.71],[-41.27,-3.7],[-41.29,-3.69],[-41.32,-3.69],[-41.34,-3.68],[-41.33,-3.62],[-41.34,-3.59],[-41.37,-3.57],[-41.34,-3.55],[-41.33,-3.54],[-41.32,-3.5],[-41.3,-3.49],[-41.32,-3.49],[-41.33,-3.47],[-41.35,-3.45],[-41.34,-3.42],[-41.36,-3.41],[-41.39,-3.41],[-41.4,-3.4],[-41.4,-3.36],[-41.42,-3.37],[-41.42,-3.35],[-41.4,-3.33],[-41.4,-3.31],[-41.39,-3.29],[-41.32,-3.18],[-41.32,-3.15],[-41.29,-3.11],[-41.27,-3.09],[-41.26,-3.07],[-41.26,-3.05],[-41.25,-3.03],[-41.26,-3.0],[-41.27,-2.98],[-41.28,-2.97],[-41.32,-2.96],[-41.32,-2.92],[-41.29,-2.9],[-41.26,-2.88],[-41.24,-2.89],[-41.19,-2.89],[-41.12,-2.89],[-41.1,-2.9],[-41.07,-2.9],[-41.05,-2.9],[-41.01,-2.89],[-40.96,-2.88],[-40.94,-2.87],[-40.92,-2.87],[-40.91,-2.86],[-40.88,-2.86],[-40.86,-2.86],[-40.84,-2.88],[-40.82,-2.88],[-40.79,-2.87],[-40.78,-2.85],[-40.76,-2.85],[-40.73,-2.85],[-40.69,-2.85],[-40.66,-2.85],[-40.59,-2.84],[-40.56,-2.83],[-40.54,-2.82],[-40.52,-2.8],[-40.5,-2.78],[-40.47,-2.8],[-40.45,-2.81],[-40.4,-2.81],[-40.38,-2.81],[-40.33,-2.81],[-40.29,-2.81],[-40.26,-2.81],[-40.24,-2.81],[-40.22,-2.81],[-40.19,-2.81],[-40.16,-2.83],[-40.14,-2.84],[-40.12,-2.83],[-40.08,-2.83],[-40.06,-2.84],[-40.02,-2.84],[-40.02,-2.84]]],[[[-40.02,-2.83],[-40.02,-2.84],[-40.03,-2.84],[-40.02,-2.83]]]]},"properties":{"sigla":"CE","name":"Cear\u00e1"}},{"type":"Feature","geometry":{"type":"MultiPolygon","coordinates":[[[[-40.72,-20.84],[-40.74,-20.85],[-40.76,-20.86],[-40.76,-20.88],[-40.78,-20.9],[-40.79,-20.92],[-40.8,-20.94],[-40.81,-20.97],[-40.81,-20.99],[-40.81,-21.01],[-40.81,-21.04],[-40.83,-21.06],[-40.84,-21.09],[-40.85,-21.12],[-40.88,-21.14],[-40.9,-21.16],[-40.93,-21.19],[-40.94,-21.22],[-40.95,-21.24],[-40.96,-21.26],[-40.96,-21.28],[-40.96,-21.3],[-40.98,-21.29],[-41.0,-21.28],[-41.0,-21.26],[-41.02,-21.25],[-41.06,-21.24],[-41.07,-21.23],[-41.09,-21.22],[-41.11,-21.23],[-41.13,-21.23],[-41.16,-21.24],[-41.18,-21.24],[-41.2,-21.24],[-41.22,-21.23],[-41.24,-21.22],[-41.26,-21.23],[-41.28,-21.23],[-41.31,-21.22],[-41.33,-21.21],[-41.36,-21.2],[-41.39,-21.2],[-41.41,-21.2],[-41.44,-21.22],[-41.45,-21.21],[-41.48,-21.19],[-41.5,-21.18],[-41.53,-21.18],[-41.56,-21.17],[-41.58,-21.17],[-41.6,-21.15],[-41.63,-21.15],[-41.65,-21.14],[-41.67,-21.13],[-41.69,-21.12],[-41.72,-21.12],[-41.72,-21.1],[-41.72,-21.07],[-41.73,-21.05],[-41.73,-21.03],[-41.72,-21.0],[-41.71,-20.98],[-41.72,-20.95],[-41.74,-20.93],[-41.72,-20.9],[-41.72,-20.88],[-41.74,-20.87],[-41.74,-20.84],[-41.75,-20.81],[-41.77,-20.8],[-41.79,-20.8],[-41.81,-20.8],[-41.83,-20.79],[-41.85,-20.77],[-41.87,-20.77],[-41.87,-20.74],[-41.86,-20.72],[-41.85,-20.7],[-41.85,-20.69],[-41.83,-20.67],[-41.81,-20.65],[-41.82,-20.63],[-41.85,-20.62],[-41.84,-20.6],[-41.83,-20.56],[-41.81,-20.55],[-41.81,-20.52],[-41.81,-20.49],[-41.8,-20.44],[-41.8,-20.42],[-41.83,-20.41],[-41.85,-20.37],[-41.85,-20.35],[-41.84,-20.33],[-41.82,-20.31],[-41.8,-20.3],[-41.78,-20.29],[-41.77,-20.26],[-41.77,-20.23],[-41.76,-20.21],[-41.67,-20.21],[-41.56,-20.21],[-41.42,-20.21],[-41.4,-20.2],[-41.38,-20.19],[-41.37,-20.17],[-41.36,-20.14],[-41.35,-20.12],[-41.35,-20.1],[-41.34,-20.08],[-41.33,-20.05],[-41.32,-20.03],[-41.31,-20.0],[-41.32,-19.98],[-41.31,-19.95],[-41.29,-19.94],[-41.25,-19.93],[-41.23,-19.92],[-41.21,-19.9],[-41.19,-19.89],[-41.18,-19.85],[-41.19,-19.83],[-41.17,-19.81],[-41.17,-19.78],[-41.19,-19.76],[-41.18,-19.73],[-41.18,-19.71],[-41.17,-19.69],[-41.16,-19.66],[-41.14,-19.66],[-41.12,-19.64],[-41.1,-19.61],[-41.09,-19.6],[-41.07,-19.58],[-41.04,-19.57],[-41.04,-19.54],[-41.04,-19.52],[-41.05,-19.49],[-41.03,-19.5],[-41.01,-19.51],[-40.98,-19.51],[-40.95,-19.47],[-40.96,-19.45],[-40.97,-19.43],[-40.96,-19.4],[-40.93,-19.38],[-40.94,-19.36],[-40.93,-19.33],[-40.91,-19.31],[-40.93,-19.3],[-40.94,-19.28],[-40.92,-19.27],[-40.93,-19.25],[-40.94,-19.23],[-40.93,-19.21],[-40.93,-19.19],[-40.94,-19.17],[-40.94,-19.14],[-40.96,-19.12],[-40.98,-19.11],[-41.01,-19.1],[-41.01,-19.08],[-41.04,-19.07],[-41.05,-19.06],[-41.06,-19.04],[-41.07,-19.02],[-41.05,-19.0],[-41.02,-18.98],[-41.04,-18.98],[-41.06,-18.97],[-41.07,-18.94],[-41.1,-18.93],[-41.11,-18.92],[-41.12,-18.9],[-41.14,-18.88],[-41.16,-18.87],[-41.19,-18.86],[-41.21,-18.85],[-41.21,-18.88],[-41.23,-18.86],[-41.24,-18.84],[-41.25,-18.82],[-41.23,-18.8],[-41.15,-18.8],[-41.13,-18.81],[-41.11,-18.84],[-41.09,-18.84],[-41.03,-18.84],[-40.99,-18.84],[-40.96,-18.84],[-40.95,-18.82],[-40.92,-18.81],[-40.93,-18.79],[-40.94,-18.77],[-40.94,-18.74],[-40.94,-18.7],[-40.95,-18.68],[-40.99,-18.68],[-41.01,-18.66],[-41.03,-18.65],[-41.05,-18.63],[-41.03,-18.62],[-41.03,-18.53],[-41.02,-18.48],[-41.02,-18.46],[-41.17,-18.44],[-41.17,-18.41],[-41.15,-18.41],[-41.16,-18.39],[-41.15,-18.37],[-41.15,-18.34],[-41.16,-18.31],[-41.14,-18.29],[-41.1,-18.26],[-41.1,-18.23],[-41.1,-18.21],[-41.07,-18.18],[-41.03,-18.16],[-41.01,-18.16],[-40.99,-18.17],[-40.99,-18.15],[-40.97,-18.15],[-40.95,-18.13],[-40.92,-18.13],[-40.91,-18.11],[-40.89,-18.12],[-40.87,-18.13],[-40.85,-18.15],[-40.82,-18.15],[-40.8,-18.15],[-40.77,-18.16],[-40.77,-18.11],[-40.9,-17.99],[-40.88,-17.97],[-40.86,-17.99],[-40.84,-17.97],[-40.81,-17.96],[-40.79,-17.97],[-40.77,-17.98],[-40.77,-18.0],[-40.75,-18.01],[-40.73,-18.0],[-40.71,-18.02],[-40.69,-18.01],[-40.67,-18.01],[-40.65,-18.0],[-40.63,-17.99],[-40.61,-17.97],[-40.61,-17.94],[-40.59,-17.94],[-40.58,-17.92],[-40.55,-17.91],[-40.53,-17.89],[-40.5,-17.91],[-40.48,-17.92],[-40.45,-17.92],[-40.43,-17.92],[-40.4,-17.93],[-40.38,-17.93],[-40.36,-17.93],[-40.33,-17.93],[-40.32,-17.94],[-40.29,-17.95],[-40.28,-17.96],[-40.25,-17.97],[-40.23,-17.98],[-39.92,-18.17],[-39.83,-18.23],[-39.69,-18.32],[-39.67,-18.33],[-39.67,-18.35],[-39.68,-18.38],[-39.69,-18.4],[-39.71,-18.45],[-39.72,-18.47],[-39.72,-18.49],[-39.73,-18.53],[-39.73,-18.55],[-39.73,-18.59],[-39.73,-18.62],[-39.74,-18.64],[-39.75,-18.7],[-39.75,-18.74],[-39.75,-18.78],[-39.75,-18.84],[-39.75,-18.87],[-39.74,-18.9],[-39.74,-18.95],[-39.74,-18.97],[-39.73,-18.99],[-39.72,-19.08],[-39.72,-19.1],[-39.71,-19.13],[-39.71,-19.16],[-39.7,-19.21],[-39.7,-19.23],[-39.69,-19.3],[-39.69,-19.34],[-39.7,-19.37],[-39.71,-19.42],[-39.72,-19.45],[-39.74,-19.5],[-39.76,-19.54],[-39.8,-19.61],[-39.81,-19.63],[-39.82,-19.65],[-39.85,-19.66],[-39.87,-19.67],[-39.9,-19.68],[-39.93,-19.7],[-39.95,-19.72],[-39.97,-19.73],[-40.0,-19.76],[-40.02,-19.77],[-40.05,-19.8],[-40.06,-19.82],[-40.06,-19.84],[-40.07,-19.86],[-40.08,-19.88],[-40.09,-19.9],[-40.1,-19.92],[-40.12,-19.93],[-40.13,-19.94],[-40.13,-19.96],[-40.14,-19.98],[-40.15,-20.01],[-40.16,-20.03],[-40.18,-20.04],[-40.18,-20.06],[-40.17,-20.09],[-40.17,-20.11],[-40.18,-20.14],[-40.18,-20.16],[-40.19,-20.18],[-40.19,-20.21],[-40.21,-20.24],[-40.23,-20.26],[-40.24,-20.28],[-40.26,-20.27],[-40.28,-20.27],[-40.29,-20.3],[-40.29,-20.32],[-40.27,-20.32],[-40.28,-20.34],[-40.3,-20.36],[-40.32,-20.39],[-40.32,-20.42],[-40.34,-20.46],[-40.35,-20.48],[-40.36,-20.51],[-40.38,-20.54],[-40.39,-20.57],[-40.4,-20.58],[-40.41,-20.61],[-40.42,-20.62],[-40.43,-20.64],[-40.45,-20.63],[-40.47,-20.63],[-40.47,-20.65],[-40.49,-20.66],[-40.51,-20.68],[-40.52,-20.71],[-40.53,-20.73],[-40.55,-20.74],[-40.57,-20.76],[-40.58,-20.78],[-40.58,-20.8],[-40.6,-20.8],[-40.61,-20.82],[-40.63,-20.84],[-40.63,-20.82],[-40.65,-20.81],[-40.65,-20.79],[-40.66,-20.8],[-40.67,-20.82],[-40.69,-20.83],[-40.71,-20.84],[-40.72,-20.84]],[[-40.53,-20.66],[-40.51,-20.67],[-40.53,-20.66]],[[-40.54,-20.69],[-40.54,-20.69]]],[[[-40.47,-20.66],[-40.47,-20.66]]],[[[-40.72,-20.85],[-40.72,-20.84],[-40.72,-20.85],[-40.72,-20.85]]]]},"properties":{"sigla":"ES","name":"Esp\u00edrito Santo"}},{"type":"Feature","geometry":{"type":"MultiPolygon","coordinates":[[[[-50.16,-12.41],[-50.16,-12.44],[-50.18,-12.45],[-50.2,-12.47],[-50.22,-12.49],[-50.22,-12.52],[-50.22,-12.54],[-50.21,-12.56],[-50.23,-12.59],[-50.25,-12.6],[-50.24,-12.62],[-50.26,-12.63],[-50.27,-12.65],[-50.27,-12.68],[-50.29,-12.68],[-50.3,-12.7],[-50.29,-12.73],[-50.3,-12.76],[-50.3,-12.78],[-50.31,-12.8],[-50.29,-12.84],[-50.27,-12.84],[-50.25,-12.85],[-50.23,-12.85],[-50.22,-12.87],[-50.2,-12.88],[-50.18,-12.9],[-50.16,-12.89],[-50.13,-12.9],[-50.1,-12.91],[-50.08,-12.91],[-50.06,-12.92],[-50.04,-12.93],[-50.02,-12.93],[-50.0,-12.93],[-49.98,-12.94],[-49.96,-12.95],[-49.94,-12.96],[-49.91,-12.97],[-49.83,-13.02],[-49.61,-13.14],[-49.46,-13.23],[-49.37,-13.27],[-49.34,-13.25],[-49.34,-13.23],[-49.34,-13.2],[-49.34,-13.18],[-49.35,-13.15],[-49.34,-13.13],[-49.35,-13.11],[-49.34,-13.07],[-49.32,-13.05],[-49.3,-13.02],[-49.28,-12.99],[-49.26,-12.94],[-49.25,-12.92],[-49.23,-12.89],[-49.22,-12.88],[-49.2,-12.87],[-49.18,-12.85],[-49.16,-12.84],[-49.15,-12.82],[-49.14,-12.8],[-49.12,-12.79],[-49.11,-12.82],[-49.08,-12.85],[-49.07,-12.87],[-49.09,-12.89],[-49.06,-12.91],[-49.03,-12.9],[-49.01,-12.92],[-48.99,-12.94],[-48.93,-12.9],[-48.88,-12.82],[-48.86,-12.8],[-48.85,-12.82],[-48.84,-12.84],[-48.83,-12.85],[-48.81,-12.86],[-48.79,-12.88],[-48.77,-12.89],[-48.75,-12.91],[-48.74,-12.92],[-48.74,-12.95],[-48.73,-12.97],[-48.73,-12.99],[-48.71,-13.0],[-48.69,-13.0],[-48.67,-13.0],[-48.65,-13.01],[-48.64,-13.03],[-48.62,-13.05],[-48.6,-13.07],[-48.59,-13.1],[-48.58,-13.13],[-48.6,-13.15],[-48.58,-13.17],[-48.58,-13.21],[-48.59,-13.24],[-48.59,-13.25],[-48.6,-13.29],[-48.59,-13.32],[-48.56,-13.31],[-48.55,-13.28],[-48.55,-13.26],[-48.55,-13.24],[-48.55,-13.2],[-48.53,-13.19],[-48.52,-13.17],[-48.52,-13.14],[-48.49,-13.14],[-48.47,-13.14],[-48.48,-13.18],[-48.47,-13.2],[-48.47,-13.22],[-48.47,-13.24],[-48.46,-13.28],[-48.44,-13.29],[-48.43,-13.27],[-48.41,-13.27],[-48.39,-13.26],[-48.37,-13.25],[-48.35,-13.24],[-48.33,-13.23],[-48.31,-13.23],[-48.29,-13.22],[-48.28,-13.2],[-48.25,-13.2],[-48.24,-13.18],[-48.22,-13.17],[-48.2,-13.17],[-48.17,-13.15],[-48.15,-13.15],[-48.16,-13.17],[-48.16,-13.2],[-48.15,-13.22],[-48.17,-13.24],[-48.15,-13.28],[-48.17,-13.3],[-48.12,-13.3],[-48.1,-13.29],[-48.08,-13.28],[-48.08,-13.24],[-48.06,-13.24],[-48.04,-13.25],[-48.03,-13.27],[-48.0,-13.27],[-47.98,-13.29],[-47.97,-13.31],[-47.95,-13.3],[-47.93,-13.29],[-47.9,-13.3],[-47.89,-13.32],[-47.86,-13.32],[-47.84,-13.32],[-47.82,-13.31],[-47.8,-13.33],[-47.68,-13.47],[-47.67,-13.44],[-47.65,-13.41],[-47.64,-13.39],[-47.62,-13.37],[-47.65,-13.35],[-47.66,-13.32],[-47.66,-13.3],[-47.66,-13.28],[-47.64,-13.26],[-47.65,-13.24],[-47.65,-13.22],[-47.66,-13.2],[-47.65,-13.18],[-47.65,-13.15],[-47.65,-13.13],[-47.63,-13.1],[-47.59,-13.12],[-47.56,-13.12],[-47.57,-13.15],[-47.56,-13.18],[-47.54,-13.19],[-47.52,-13.18],[-47.5,-13.19],[-47.48,-13.18],[-47.49,-13.21],[-47.47,-13.23],[-47.44,-13.23],[-47.45,-13.25],[-47.43,-13.27],[-47.43,-13.29],[-47.42,-13.27],[-47.4,-13.26],[-47.39,-13.24],[-47.37,-13.23],[-47.36,-13.25],[-47.33,-13.25],[-47.31,-13.25],[-47.29,-13.26],[-47.27,-13.25],[-47.25,-13.23],[-47.23,-13.2],[-47.21,-13.19],[-47.18,-13.19],[-47.17,-13.21],[-47.13,-13.2],[-47.13,-13.18],[-47.11,-13.17],[-47.09,-13.18],[-47.08,-13.16],[-47.05,-13.16],[-47.02,-13.14],[-47.0,-13.13],[-46.98,-13.13],[-46.96,-13.11],[-46.95,-13.1],[-46.93,-13.09],[-46.91,-13.07],[-46.89,-13.05],[-46.87,-13.06],[-46.85,-13.05],[-46.84,-13.03],[-46.82,-13.01],[-46.75,-12.97],[-46.63,-12.97],[-46.55,-12.97],[-46.51,-12.97],[-46.45,-12.97],[-46.45,-12.94],[-46.42,-12.86],[-46.42,-12.83],[-46.4,-12.85],[-46.38,-12.85],[-46.37,-12.88],[-46.37,-12.9],[-46.36,-12.93],[-46.37,-12.96],[-46.37,-12.98],[-46.34,-12.98],[-46.31,-12.98],[-46.28,-12.97],[-46.24,-12.96],[-46.19,-12.96],[-46.18,-12.94],[-46.15,-12.94],[-46.12,-12.93],[-46.13,-12.96],[-46.15,-12.98],[-46.17,-12.98],[-46.19,-12.99],[-46.21,-13.0],[-46.23,-13.0],[-46.25,-13.01],[-46.27,-13.01],[-46.28,-13.03],[-46.29,-13.05],[-46.3,-13.08],[-46.32,-13.1],[-46.31,-13.12],[-46.29,-13.15],[-46.31,-13.16],[-46.31,-13.18],[-46.3,-13.19],[-46.31,-13.21],[-46.32,-13.24],[-46.3,-13.25],[-46.3,-13.27],[-46.32,-13.3],[-46.3,-13.31],[-46.28,-13.33],[-46.27,-13.35],[-46.24,-13.34],[-46.22,-13.32],[-46.17,-13.31],[-46.13,-13.29],[-46.06,-13.26],[-46.04,-13.27],[-46.05,-13.31],[-46.08,-13.33],[-46.1,-13.34],[-46.12,-13.36],[-46.14,-13.38],[-46.17,-13.38],[-46.19,-13.39],[-46.21,-13.4],[-46.24,-13.43],[-46.22,-13.45],[-46.21,-13.46],[-46.23,-13.48],[-46.22,-13.5],[-46.23,-13.52],[-46.23,-13.54],[-46.24,-13.56],[-46.21,-13.57],[-46.18,-13.57],[-46.16,-13.58],[-46.19,-13.62],[-46.21,-13.63],[-46.24,-13.66],[-46.25,-13.68],[-46.24,-13.7],[-46.26,-13.73],[-46.25,-13.75],[-46.22,-13.77],[-46.24,-13.78],[-46.27,-13.79],[-46.26,-13.81],[-46.27,-13.83],[-46.23,-13.84],[-46.26,-13.9],[-46.26,-13.93],[-46.25,-13.95],[-46.22,-13.97],[-46.22,-14.0],[-46.21,-14.02],[-46.23,-14.04],[-46.25,-14.06],[-46.22,-14.07],[-46.24,-14.09],[-46.27,-14.1],[-46.24,-14.11],[-46.22,-14.12],[-46.2,-14.13],[-46.19,-14.15],[-46.15,-14.16],[-46.12,-14.16],[-46.12,-14.19],[-46.1,-14.21],[-46.08,-14.2],[-46.05,-14.2],[-46.06,-14.23],[-46.04,-14.24],[-46.03,-14.26],[-46.0,-14.26],[-45.99,-14.28],[-45.97,-14.28],[-45.96,-14.3],[-45.95,-14.32],[-45.94,-14.34],[-45.91,-14.35],[-45.91,-14.37],[-45.93,-14.41],[-45.95,-14.42],[-45.97,-14.43],[-46.0,-14.43],[-46.01,-14.41],[-46.01,-14.43],[-46.0,-14.45],[-46.02,-14.47],[-46.0,-14.49],[-46.0,-14.51],[-45.98,-14.53],[-45.99,-14.55],[-45.98,-14.57],[-46.0,-14.6],[-45.98,-14.62],[-45.99,-14.64],[-45.99,-14.66],[-46.01,-14.66],[-46.03,-14.68],[-46.01,-14.7],[-46.01,-14.73],[-46.01,-14.76],[-46.01,-14.79],[-46.02,-14.81],[-46.04,-14.82],[-46.04,-14.84],[-46.04,-14.87],[-46.06,-14.89],[-46.08,-14.9],[-46.09,-14.94],[-46.11,-14.94],[-46.13,-14.92],[-46.16,-14.91],[-46.18,-14.95],[-46.21,-14.94],[-46.23,-14.93],[-46.25,-14.92],[-46.29,-14.93],[-46.29,-14.91],[-46.32,-14.9],[-46.31,-14.88],[-46.3,-14.86],[-46.32,-14.85],[-46.32,-14.81],[-46.35,-14.8],[-46.37,-14.79],[-46.4,-14.76],[-46.43,-14.75],[-46.45,-14.73],[-46.47,-14.71],[-46.49,-14.71],[-46.51,-14.72],[-46.51,-14.74],[-46.54,-14.75],[-46.54,-14.77],[-46.57,-14.79],[-46.56,-14.81],[-46.54,-14.83],[-46.52,-14.85],[-46.53,-14.88],[-46.55,-14.92],[-46.54,-14.95],[-46.52,-14.97],[-46.53,-15.0],[-46.5,-15.05],[-46.53,-15.06],[-46.54,-15.06],[-46.58,-15.08],[-46.6,-15.09],[-46.63,-15.09],[-46.65,-15.08],[-46.68,-15.06],[-46.73,-15.04],[-46.75,-15.03],[-46.78,-15.02],[-46.82,-15.01],[-46.86,-15.01],[-46.87,-15.03],[-46.92,-15.05],[-46.93,-15.07],[-46.9,-15.09],[-46.89,-15.11],[-46.91,-15.15],[-46.92,-15.18],[-46.94,-15.2],[-46.94,-15.23],[-46.93,-15.25],[-46.91,-15.24],[-46.89,-15.26],[-46.89,-15.28],[-46.84,-15.32],[-46.85,-15.35],[-46.87,-15.36],[-46.85,-15.37],[-46.91,-15.41],[-46.93,-15.44],[-46.93,-15.48],[-46.94,-15.52],[-46.95,-15.55],[-46.92,-15.59],[-46.9,-15.59],[-46.88,-15.61],[-46.85,-15.62],[-46.85,-15.64],[-46.86,-15.68],[-46.84,-15.71],[-46.83,-15.73],[-46.81,-15.79],[-46.82,-15.81],[-46.82,-15.83],[-46.81,-15.86],[-46.81,-15.89],[-46.87,-15.9],[-46.96,-15.92],[-47.05,-15.94],[-47.09,-15.96],[-47.11,-15.96],[-47.13,-15.94],[-47.14,-15.93],[-47.16,-15.94],[-47.17,-15.96],[-47.18,-15.98],[-47.2,-15.99],[-47.22,-16.0],[-47.23,-16.02],[-47.25,-16.02],[-47.28,-16.01],[-47.3,-16.02],[-47.31,-16.04],[-47.33,-16.03],[-47.34,-16.01],[-47.36,-16.0],[-47.37,-15.98],[-47.37,-15.94],[-47.36,-15.92],[-47.37,-15.9],[-47.38,-15.88],[-47.37,-15.86],[-47.36,-15.84],[-47.35,-15.81],[-47.34,-15.79],[-47.33,-15.77],[-47.32,-15.75],[-47.32,-15.72],[-47.31,-15.69],[-47.33,-15.68],[-47.33,-15.66],[-47.33,-15.63],[-47.32,-15.6],[-47.34,-15.58],[-47.37,-15.58],[-47.39,-15.56],[-47.41,-15.55],[-47.42,-15.52],[-47.42,-15.5],[-47.46,-15.5],[-47.5,-15.5],[-47.53,-15.5],[-47.62,-15.5],[-48.03,-15.5],[-48.13,-15.5],[-48.2,-15.5],[-48.2,-15.55],[-48.2,-15.62],[-48.23,-15.64],[-48.24,-15.66],[-48.24,-15.71],[-48.22,-15.71],[-48.21,-15.73],[-48.21,-15.75],[-48.23,-15.77],[-48.24,-15.79],[-48.27,-15.81],[-48.28,-15.83],[-48.28,-15.86],[-48.27,-15.88],[-48.28,-15.91],[-48.28,-15.93],[-48.25,-15.94],[-48.26,-15.96],[-48.26,-15.99],[-48.27,-16.01],[-48.27,-16.03],[-48.28,-16.05],[-48.26,-16.05],[-48.16,-16.05],[-48.09,-16.05],[-48.05,-16.05],[-48.02,-16.05],[-47.98,-16.05],[-47.94,-16.05],[-47.81,-16.05],[-47.68,-16.05],[-47.62,-16.05],[-47.54,-16.05],[-47.46,-16.05],[-47.44,-16.05],[-47.32,-16.05],[-47.31,-16.08],[-47.33,-16.09],[-47.34,-16.11],[-47.35,-16.13],[-47.34,-16.15],[-47.33,-16.17],[-47.33,-16.19],[-47.33,-16.22],[-47.33,-16.25],[-47.35,-16.27],[-47.35,-16.3],[-47.37,-16.33],[-47.4,-16.38],[-47.42,-16.39],[-47.42,-16.42],[-47.43,-16.44],[-47.45,-16.46],[-47.46,-16.49],[-47.45,-16.52],[-47.44,-16.54],[-47.42,-16.55],[-47.41,-16.58],[-47.39,-16.59],[-47.37,-16.6],[-47.34,-16.59],[-47.33,-16.62],[-47.32,-16.6],[-47.3,-16.62],[-47.29,-16.63],[-47.28,-16.66],[-47.25,-16.66],[-47.25,-16.69],[-47.25,-16.71],[-47.23,-16.71],[-47.23,-16.73],[-47.24,-16.75],[-47.23,-16.77],[-47.22,-16.8],[-47.21,-16.82],[-47.2,-16.84],[-47.2,-16.86],[-47.2,-16.88],[-47.2,-16.91],[-47.17,-16.92],[-47.17,-16.94],[-47.15,-16.95],[-47.13,-16.98],[-47.15,-17.0],[-47.13,-17.01],[-47.15,-17.02],[-47.16,-17.04],[-47.18,-17.04],[-47.18,-17.06],[-47.21,-17.07],[-47.22,-17.08],[-47.24,-17.09],[-47.26,-17.1],[-47.28,-17.11],[-47.28,-17.14],[-47.3,-17.15],[-47.32,-17.16],[-47.34,-17.17],[-47.34,-17.19],[-47.36,-17.19],[-47.35,-17.2],[-47.36,-17.22],[-47.38,-17.23],[-47.39,-17.25],[-47.41,-17.25],[-47.42,-17.26],[-47.43,-17.28],[-47.42,-17.3],[-47.42,-17.32],[-47.45,-17.32],[-47.44,-17.35],[-47.46,-17.36],[-47.49,-17.35],[-47.51,-17.33],[-47.52,-17.35],[-47.51,-17.37],[-47.53,-17.39],[-47.52,-17.41],[-47.53,-17.43],[-47.54,-17.45],[-47.51,-17.46],[-47.5,-17.48],[-47.5,-17.52],[-47.48,-17.51],[-47.47,-17.53],[-47.45,-17.53],[-47.41,-17.52],[-47.38,-17.51],[-47.35,-17.53],[-47.33,-17.52],[-47.31,-17.54],[-47.28,-17.58],[-47.28,-17.6],[-47.26,-17.62],[-47.27,-17.64],[-47.28,-17.66],[-47.29,-17.68],[-47.31,-17.69],[-47.31,-17.71],[-47.34,-17.74],[-47.34,-17.76],[-47.35,-17.78],[-47.35,-17.8],[-47.36,-17.82],[-47.36,-17.86],[-47.36,-17.89],[-47.34,-17.91],[-47.34,-17.94],[-47.32,-17.96],[-47.31,-17.98],[-47.31,-18.01],[-47.3,-18.03],[-47.28,-18.05],[-47.3,-18.06],[-47.32,-18.07],[-47.34,-18.08],[-47.36,-18.1],[-47.37,-18.11],[-47.39,-18.12],[-47.41,-18.13],[-47.43,-18.14],[-47.43,-18.16],[-47.45,-18.16],[-47.46,-18.18],[-47.49,-18.18],[-47.5,-18.19],[-47.52,-18.21],[-47.53,-18.23],[-47.53,-18.2],[-47.56,-18.21],[-47.58,-18.23],[-47.61,-18.25],[-47.62,-18.26],[-47.64,-18.29],[-47.61,-18.31],[-47.63,-18.33],[-47.65,-18.34],[-47.67,-18.36],[-47.7,-18.38],[-47.72,-18.36],[-47.74,-18.36],[-47.76,-18.39],[-47.77,-18.42],[-47.79,-18.42],[-47.81,-18.4],[-47.83,-18.41],[-47.84,-18.44],[-47.86,-18.44],[-47.87,-18.46],[-47.89,-18.47],[-47.91,-18.47],[-47.93,-18.49],[-47.95,-18.49],[-47.96,-18.48],[-47.98,-18.46],[-48.01,-18.45],[-48.03,-18.44],[-48.05,-18.42],[-48.07,-18.42],[-48.1,-18.43],[-48.13,-18.42],[-48.15,-18.41],[-48.16,-18.38],[-48.2,-18.36],[-48.22,-18.36],[-48.25,-18.34],[-48.27,-18.33],[-48.29,-18.35],[-48.31,-18.36],[-48.3,-18.38],[-48.34,-18.37],[-48.4,-18.37],[-48.41,-18.36],[-48.44,-18.36],[-48.48,-18.38],[-48.48,-18.35],[-48.52,-18.37],[-48.53,-18.35],[-48.55,-18.35],[-48.56,-18.32],[-48.58,-18.33],[-48.63,-18.33],[-48.65,-18.34],[-48.67,-18.34],[-48.69,-18.35],[-48.72,-18.35],[-48.74,-18.35],[-48.77,-18.35],[-48.8,-18.36],[-48.82,-18.38],[-48.83,-18.35],[-48.87,-18.33],[-48.89,-18.32],[-48.92,-18.31],[-48.94,-18.31],[-48.96,-18.32],[-48.98,-18.34],[-48.99,-18.36],[-49.01,-18.37],[-49.03,-18.37],[-49.05,-18.4],[-49.08,-18.42],[-49.1,-18.4],[-49.11,-18.38],[-49.15,-18.4],[-49.19,-18.42],[-49.21,-18.41],[-49.2,-18.44],[-49.2,-18.46],[-49.23,-18.48],[-49.24,-18.51],[-49.27,-18.53],[-49.29,-18.54],[-49.29,-18.56],[-49.32,-18.56],[-49.34,-18.6],[-49.36,-18.62],[-49.38,-18.64],[-49.41,-18.64],[-49.43,-18.61],[-49.48,-18.56],[-49.49,-18.53],[-49.49,-18.51],[-49.54,-18.49],[-49.54,-18.52],[-49.56,-18.55],[-49.58,-18.54],[-49.63,-18.55],[-49.65,-18.56],[-49.64,-18.58],[-49.66,-18.59],[-49.69,-18.59],[-49.72,-18.61],[-49.75,-18.61],[-49.77,-18.61],[-49.78,-18.64],[-49.82,-18.63],[-49.85,-18.63],[-49.87,-18.62],[-49.9,-18.62],[-49.93,-18.62],[-49.96,-18.62],[-49.98,-18.6],[-50.02,-18.6],[-50.04,-18.61],[-50.04,-18.63],[-50.06,-18.65],[-50.08,-18.67],[-50.16,-18.66],[-50.2,-18.68],[-50.24,-18.68],[-50.27,-18.68],[-50.31,-18.7],[-50.32,-18.71],[-50.35,-18.76],[-50.38,-18.81],[-50.39,-18.82],[-50.41,-18.83],[-50.44,-18.89],[-50.47,-18.92],[-50.5,-18.93],[-50.51,-18.95],[-50.5,-18.98],[-50.5,-19.0],[-50.5,-19.03],[-50.52,-19.08],[-50.54,-19.1],[-50.57,-19.12],[-50.58,-19.14],[-50.65,-19.13],[-50.67,-19.14],[-50.67,-19.16],[-50.73,-19.19],[-50.74,-19.21],[-50.75,-19.24],[-50.77,-19.26],[-50.82,-19.29],[-50.83,-19.31],[-50.84,-19.33],[-50.86,-19.39],[-50.87,-19.42],[-50.84,-19.46],[-50.82,-19.47],[-50.84,-19.5],[-50.94,-19.47],[-50.95,-19.44],[-50.98,-19.43],[-50.98,-19.41],[-51.01,-19.4],[-51.03,-19.4],[-51.02,-19.38],[-51.03,-19.36],[-51.05,-19.33],[-51.07,-19.32],[-51.09,-19.31],[-51.12,-19.3],[-51.14,-19.29],[-51.17,-19.29],[-51.19,-19.27],[-51.21,-19.27],[-51.23,-19.26],[-51.25,-19.27],[-51.27,-19.26],[-51.3,-19.24],[-51.31,-19.22],[-51.33,-19.22],[-51.35,-19.22],[-51.37,-19.22],[-51.37,-19.2],[-51.39,-19.2],[-51.41,-19.18],[-51.42,-19.17],[-51.45,-19.16],[-51.47,-19.16],[-51.49,-19.16],[-51.51,-19.15],[-51.53,-19.14],[-51.55,-19.13],[-51.58,-19.13],[-51.6,-19.14],[-51.62,-19.14],[-51.64,-19.13],[-51.66,-19.14],[-51.69,-19.12],[-51.71,-19.11],[-51.73,-19.1],[-51.76,-19.09],[-51.78,-19.08],[-51.8,-19.07],[-51.82,-19.05],[-51.84,-19.06],[-51.87,-19.04],[-51.88,-19.02],[-51.9,-18.99],[-51.92,-18.98],[-51.94,-18.97],[-51.97,-18.97],[-51.99,-18.97],[-52.02,-18.98],[-52.03,-18.96],[-52.06,-18.95],[-52.08,-18.95],[-52.1,-18.94],[-52.1,-18.92],[-52.12,-18.9],[-52.15,-18.89],[-52.16,-18.88],[-52.17,-18.86],[-52.2,-18.85],[-52.22,-18.84],[-52.25,-18.84],[-52.29,-18.83],[-52.32,-18.83],[-52.34,-18.82],[-52.35,-18.8],[-52.37,-18.79],[-52.4,-18.76],[-52.41,-18.75],[-52.42,-18.73],[-52.45,-18.69],[-52.48,-18.69],[-52.5,-18.67],[-52.52,-18.67],[-52.55,-18.66],[-52.59,-18.68],[-52.62,-18.69],[-52.64,-18.69],[-52.67,-18.68],[-52.7,-18.68],[-52.72,-18.69],[-52.75,-18.69],[-52.77,-18.68],[-52.8,-18.67],[-52.82,-18.67],[-52.85,-18.67],[-52.87,-18.65],[-52.91,-18.64],[-52.91,-18.62],[-52.94,-18.61],[-52.94,-18.59],[-52.95,-18.57],[-52.96,-18.55],[-52.94,-18.52],[-52.92,-18.51],[-52.91,-18.49],[-52.88,-18.47],[-52.87,-18.43],[-52.8,-18.41],[-52.79,-18.39],[-52.76,-18.37],[-52.76,-18.35],[-52.78,-18.33],[-52.82,-18.31],[-52.87,-18.31],[-52.92,-18.3],[-52.95,-18.3],[-52.98,-18.3],[-53.0,-18.32],[-53.02,-18.35],[-53.04,-18.34],[-53.07,-18.34],[-53.1,-18.32],[-53.1,-18.29],[-53.1,-18.27],[-53.11,-18.25],[-53.11,-18.22],[-53.13,-18.16],[-53.13,-18.14],[-53.14,-18.12],[-53.14,-18.08],[-53.13,-18.06],[-53.1,-18.06],[-53.08,-18.05],[-53.07,-17.99],[-53.08,-17.96],[-53.1,-17.94],[-53.13,-17.92],[-53.13,-17.89],[-53.14,-17.87],[-53.14,-17.84],[-53.16,-17.8],[-53.17,-17.77],[-53.18,-17.75],[-53.2,-17.73],[-53.24,-17.71],[-53.25,-17.69],[-53.24,-17.67],[-53.25,-17.64],[-53.25,-17.62],[-53.24,-17.6],[-53.24,-17.58],[-53.25,-17.56],[-53.24,-17.53],[-53.24,-17.51],[-53.24,-17.48],[-53.22,-17.46],[-53.23,-17.44],[-53.22,-17.41],[-53.21,-17.4],[-53.2,-17.37],[-53.2,-17.34],[-53.22,-17.33],[-53.22,-17.3],[-53.2,-17.28],[-53.19,-17.26],[-53.17,-17.24],[-53.17,-17.22],[-53.16,-17.19],[-53.16,-17.17],[-53.14,-17.16],[-53.13,-17.14],[-53.12,-17.13],[-53.1,-17.11],[-53.09,-17.09],[-53.07,-17.08],[-53.06,-17.06],[-53.07,-17.04],[-53.06,-17.02],[-53.05,-16.99],[-53.05,-16.96],[-53.04,-16.95],[-53.03,-16.92],[-53.02,-16.9],[-53.01,-16.88],[-53.01,-16.86],[-52.99,-16.86],[-52.97,-16.87],[-52.96,-16.85],[-52.93,-16.84],[-52.94,-16.81],[-52.91,-16.81],[-52.89,-16.79],[-52.88,-16.78],[-52.86,-16.77],[-52.84,-16.77],[-52.81,-16.74],[-52.79,-16.74],[-52.78,-16.71],[-52.76,-16.68],[-52.75,-16.66],[-52.75,-16.64],[-52.72,-16.65],[-52.73,-16.61],[-52.74,-16.59],[-52.71,-16.6],[-52.71,-16.58],[-52.68,-16.58],[-52.66,-16.57],[-52.67,-16.55],[-52.65,-16.56],[-52.63,-16.54],[-52.63,-16.52],[-52.61,-16.5],[-52.61,-16.48],[-52.61,-16.46],[-52.63,-16.44],[-52.64,-16.43],[-52.66,-16.41],[-52.69,-16.4],[-52.68,-16.37],[-52.69,-16.35],[-52.69,-16.33],[-52.68,-16.3],[-52.66,-16.28],[-52.62,-16.29],[-52.6,-16.27],[-52.58,-16.26],[-52.56,-16.26],[-52.57,-16.23],[-52.55,-16.22],[-52.55,-16.2],[-52.54,-16.18],[-52.53,-16.16],[-52.52,-16.13],[-52.49,-16.14],[-52.47,-16.13],[-52.44,-16.11],[-52.4,-16.09],[-52.37,-16.1],[-52.36,-16.08],[-52.33,-16.07],[-52.32,-16.04],[-52.31,-16.01],[-52.29,-15.98],[-52.27,-15.95],[-52.26,-15.93],[-52.25,-15.91],[-52.24,-15.89],[-52.21,-15.89],[-52.13,-15.89],[-52.11,-15.88],[-52.08,-15.88],[-52.06,-15.89],[-52.01,-15.89],[-51.98,-15.84],[-51.96,-15.84],[-51.95,-15.81],[-51.91,-15.81],[-51.89,-15.83],[-51.87,-15.8],[-51.86,-15.79],[-51.84,-15.77],[-51.83,-15.75],[-51.82,-15.73],[-51.8,-15.72],[-51.76,-15.65],[-51.75,-15.61],[-51.78,-15.56],[-51.78,-15.54],[-51.75,-15.55],[-51.73,-15.55],[-51.73,-15.53],[-51.73,-15.5],[-51.7,-15.5],[-51.7,-15.47],[-51.69,-15.43],[-51.7,-15.41],[-51.67,-15.37],[-51.68,-15.35],[-51.69,-15.31],[-51.68,-15.29],[-51.65,-15.27],[-51.67,-15.25],[-51.65,-15.21],[-51.65,-15.18],[-51.63,-15.17],[-51.61,-15.16],[-51.58,-15.13],[-51.56,-15.11],[-51.54,-15.08],[-51.52,-15.06],[-51.48,-15.06],[-51.45,-15.03],[-51.43,-15.01],[-51.4,-15.0],[-51.38,-15.01],[-51.36,-15.0],[-51.34,-14.98],[-51.32,-14.97],[-51.3,-14.99],[-51.3,-15.02],[-51.27,-15.04],[-51.24,-15.03],[-51.2,-15.0],[-51.15,-14.98],[-51.15,-14.96],[-51.13,-14.94],[-51.11,-14.93],[-51.09,-14.92],[-51.09,-14.9],[-51.09,-14.87],[-51.09,-14.84],[-51.07,-14.81],[-51.04,-14.79],[-51.05,-14.76],[-51.05,-14.73],[-51.03,-14.71],[-51.03,-14.68],[-51.02,-14.66],[-50.99,-14.61],[-51.0,-14.58],[-50.96,-14.53],[-50.97,-14.5],[-50.98,-14.47],[-50.99,-14.45],[-51.0,-14.42],[-50.99,-14.4],[-50.99,-14.36],[-50.97,-14.33],[-50.97,-14.29],[-50.96,-14.25],[-50.94,-14.21],[-50.93,-14.18],[-50.91,-14.15],[-50.92,-14.13],[-50.9,-14.12],[-50.87,-14.13],[-50.85,-14.11],[-50.83,-14.09],[-50.85,-14.03],[-50.85,-14.0],[-50.87,-13.98],[-50.86,-13.96],[-50.85,-13.94],[-50.84,-13.92],[-50.84,-13.89],[-50.84,-13.86],[-50.86,-13.83],[-50.85,-13.81],[-50.85,-13.77],[-50.87,-13.73],[-50.84,-13.71],[-50.8,-13.69],[-50.79,-13.65],[-50.78,-13.62],[-50.77,-13.6],[-50.76,-13.53],[-50.74,-13.51],[-50.71,-13.49],[-50.7,-13.48],[-50.68,-13.44],[-50.66,-13.42],[-50.67,-13.4],[-50.67,-13.38],[-50.65,-13.36],[-50.62,-13.33],[-50.61,-13.32],[-50.6,-13.28],[-50.59,-13.25],[-50.58,-13.22],[-50.6,-13.19],[-50.59,-13.17],[-50.6,-13.15],[-50.59,-13.11],[-50.61,-13.06],[-50.58,-13.05],[-50.58,-13.03],[-50.59,-13.0],[-50.57,-13.0],[-50.54,-12.98],[-50.52,-12.94],[-50.52,-12.92],[-50.51,-12.9],[-50.5,-12.88],[-50.51,-12.86],[-50.5,-12.84],[-50.49,-12.82],[-50.49,-12.8],[-50.48,-12.78],[-50.47,-12.75],[-50.48,-12.74],[-50.47,-12.72],[-50.46,-12.69],[-50.44,-12.7],[-50.44,-12.68],[-50.43,-12.66],[-50.41,-12.65],[-50.42,-12.62],[-50.4,-12.61],[-50.39,-12.59],[-50.37,-12.58],[-50.37,-12.55],[-50.35,-12.54],[-50.33,-12.52],[-50.31,-12.52],[-50.31,-12.5],[-50.29,-12.49],[-50.26,-12.48],[-50.25,-12.46],[-50.23,-12.46],[-50.21,-12.45],[-50.18,-12.43],[-50.2,-12.41],[-50.18,-12.42],[-50.14,-12.4],[-50.16,-12.41]]]]},"properties":{"sigla":"GO","name":"Goi\u00e1s"}},{"type":"Feature","geometry":{"type":"MultiPolygon","coordinates":[[[[-47.03,-8.99],[-47.01,-8.97],[-47.01,-8.95],[-47.0,-8.93],[-46.97,-8.91],[-46.99,-8.9],[-46.99,-8.88],[-46.97,-8.87],[-46.94,-8.86],[-46.92,-8.86],[-46.91,-8.83],[-46.9,-8.81],[-46.9,-8.79],[-46.91,-8.77],[-46.92,-8.74],[-46.93,-8.72],[-46.91,-8.71],[-46.89,-8.69],[-46.89,-8.67],[-46.9,-8.65],[-46.92,-8.63],[-46.91,-8.61],[-46.92,-8.6],[-46.9,-8.58],[-46.88,-8.57],[-46.86,-8.56],[-46.85,-8.54],[-46.85,-8.52],[-46.85,-8.48],[-46.83,-8.46],[-46.8,-8.45],[-46.8,-8.42],[-46.81,-8.4],[-46.79,-8.39],[-46.79,-8.37],[-46.76,-8.38],[-46.74,-8.38],[-46.72,-8.37],[-46.71,-8.35],[-46.68,-8.34],[-46.67,-8.33],[-46.65,-8.33],[-46.61,-8.33],[-46.59,-8.33],[-46.57,-8.32],[-46.54,-8.32],[-46.53,-8.3],[-46.51,-8.27],[-46.51,-8.24],[-46.49,-8.21],[-46.5,-8.18],[-46.51,-8.17],[-46.49,-8.12],[-46.48,-8.09],[-46.47,-8.07],[-46.48,-8.05],[-46.48,-8.01],[-46.49,-7.98],[-46.52,-7.96],[-46.54,-7.95],[-46.56,-7.93],[-46.58,-7.92],[-46.59,-7.9],[-46.63,-7.9],[-46.65,-7.91],[-46.67,-7.91],[-46.69,-7.91],[-46.71,-7.91],[-46.73,-7.92],[-46.76,-7.92],[-46.77,-7.94],[-46.79,-7.95],[-46.81,-7.95],[-46.84,-7.96],[-46.86,-7.96],[-46.88,-7.96],[-46.9,-7.99],[-46.92,-7.98],[-46.94,-8.0],[-46.96,-8.02],[-46.97,-8.03],[-46.98,-8.05],[-47.0,-8.07],[-47.02,-8.06],[-47.04,-8.05],[-47.05,-8.03],[-47.06,-8.0],[-47.08,-7.99],[-47.11,-7.99],[-47.11,-7.97],[-47.11,-7.95],[-47.12,-7.92],[-47.14,-7.91],[-47.15,-7.89],[-47.17,-7.87],[-47.19,-7.85],[-47.2,-7.84],[-47.22,-7.83],[-47.24,-7.81],[-47.24,-7.79],[-47.25,-7.76],[-47.26,-7.74],[-47.28,-7.73],[-47.31,-7.73],[-47.31,-7.71],[-47.3,-7.69],[-47.33,-7.68],[-47.33,-7.66],[-47.34,-7.64],[-47.35,-7.62],[-47.35,-7.64],[-47.37,-7.65],[-47.39,-7.63],[-47.38,-7.6],[-47.4,-7.59],[-47.41,-7.56],[-47.44,-7.56],[-47.42,-7.53],[-47.46,-7.52],[-47.48,-7.51],[-47.49,-7.49],[-47.5,-7.47],[-47.5,-7.44],[-47.53,-7.43],[-47.55,-7.44],[-47.59,-7.44],[-47.58,-7.42],[-47.51,-7.39],[-47.49,-7.37],[-47.48,-7.34],[-47.5,-7.29],[-47.54,-7.27],[-47.59,-7.26],[-47.61,-7.28],[-47.63,-7.3],[-47.65,-7.3],[-47.67,-7.26],[-47.69,-7.24],[-47.74,-7.22],[-47.75,-7.19],[-47.75,-7.17],[-47.72,-7.14],[-47.69,-7.14],[-47.68,-7.15],[-47.64,-7.14],[-47.63,-7.12],[-47.62,-7.09],[-47.59,-7.06],[-47.57,-7.05],[-47.55,-7.01],[-47.54,-6.99],[-47.53,-6.95],[-47.51,-6.91],[-47.51,-6.87],[-47.52,-6.84],[-47.52,-6.79],[-47.49,-6.75],[-47.5,-6.71],[-47.5,-6.68],[-47.48,-6.64],[-47.47,-6.61],[-47.46,-6.59],[-47.46,-6.55],[-47.43,-6.5],[-47.43,-6.44],[-47.42,-6.4],[-47.41,-6.38],[-47.41,-6.35],[-47.38,-6.27],[-47.38,-6.25],[-47.38,-6.23],[-47.4,-6.21],[-47.42,-6.18],[-47.43,-6.12],[-47.43,-6.09],[-47.43,-6.07],[-47.43,-6.04],[-47.44,-6.01],[-47.45,-5.99],[-47.43,-5.94],[-47.43,-5.87],[-47.44,-5.83],[-47.46,-5.79],[-47.48,-5.76],[-47.49,-5.73],[-47.49,-5.71],[-47.47,-5.66],[-47.48,-5.63],[-47.48,-5.6],[-47.48,-5.56],[-47.5,-5.53],[-47.55,-5.47],[-47.58,-5.47],[-47.62,-5.46],[-47.67,-5.42],[-47.69,-5.41],[-47.74,-5.38],[-47.77,-5.38],[-47.79,-5.38],[-47.83,-5.39],[-47.87,-5.34],[-47.87,-5.32],[-47.87,-5.27],[-47.93,-5.24],[-47.96,-5.24],[-47.98,-5.24],[-48.01,-5.24],[-48.04,-5.26],[-48.07,-5.27],[-48.11,-5.27],[-48.18,-5.26],[-48.21,-5.25],[-48.22,-5.24],[-48.24,-5.23],[-48.27,-5.22],[-48.29,-5.2],[-48.32,-5.2],[-48.35,-5.17],[-48.47,-5.19],[-48.49,-5.19],[-48.52,-5.19],[-48.54,-5.2],[-48.56,-5.23],[-48.57,-5.26],[-48.57,-5.28],[-48.58,-5.31],[-48.61,-5.34],[-48.63,-5.33],[-48.64,-5.32],[-48.68,-5.31],[-48.7,-5.32],[-48.7,-5.34],[-48.73,-5.35],[-48.75,-5.35],[-48.64,-5.26],[-48.45,-5.11],[-48.43,-5.1],[-48.43,-5.07],[-48.4,-5.07],[-48.21,-4.92],[-48.19,-4.91],[-48.06,-4.8],[-48.03,-4.78],[-47.82,-4.61],[-47.8,-4.6],[-47.77,-4.59],[-47.75,-4.6],[-47.72,-4.61],[-47.7,-4.6],[-47.68,-4.61],[-47.65,-4.59],[-47.64,-4.57],[-47.61,-4.56],[-47.58,-4.52],[-47.56,-4.48],[-47.53,-4.44],[-47.52,-4.43],[-47.5,-4.4],[-47.49,-4.38],[-47.48,-4.35],[-47.48,-4.33],[-47.47,-4.31],[-47.45,-4.3],[-47.43,-4.28],[-47.41,-4.27],[-47.39,-4.25],[-47.38,-4.23],[-47.37,-4.21],[-47.36,-4.19],[-47.34,-4.18],[-47.35,-4.16],[-47.35,-4.14],[-47.35,-4.11],[-47.33,-4.09],[-47.33,-4.07],[-47.32,-4.05],[-47.29,-4.05],[-47.28,-4.03],[-47.24,-4.01],[-47.24,-3.99],[-47.22,-3.99],[-47.2,-3.97],[-47.18,-3.96],[-47.17,-3.94],[-47.16,-3.91],[-47.14,-3.9],[-47.13,-3.88],[-47.11,-3.88],[-47.09,-3.86],[-47.08,-3.84],[-47.08,-3.82],[-47.06,-3.8],[-47.06,-3.77],[-47.05,-3.75],[-47.05,-3.72],[-47.05,-3.68],[-47.04,-3.66],[-47.06,-3.65],[-47.04,-3.63],[-47.04,-3.6],[-47.03,-3.58],[-47.02,-3.55],[-47.0,-3.53],[-46.98,-3.53],[-46.98,-3.5],[-46.96,-3.49],[-46.97,-3.47],[-46.95,-3.48],[-46.95,-3.46],[-46.95,-3.44],[-46.94,-3.42],[-46.95,-3.39],[-46.94,-3.37],[-46.92,-3.36],[-46.9,-3.35],[-46.89,-3.34],[-46.87,-3.33],[-46.85,-3.32],[-46.83,-3.31],[-46.81,-3.3],[-46.81,-3.28],[-46.8,-3.26],[-46.8,-3.24],[-46.78,-3.22],[-46.76,-3.21],[-46.76,-3.19],[-46.75,-3.16],[-46.73,-3.16],[-46.73,-3.14],[-46.75,-3.12],[-46.72,-3.11],[-46.71,-3.13],[-46.71,-3.1],[-46.68,-3.09],[-46.68,-3.07],[-46.68,-3.04],[-46.67,-3.01],[-46.67,-2.99],[-46.65,-2.98],[-46.65,-2.96],[-46.67,-2.95],[-46.65,-2.93],[-46.67,-2.91],[-46.68,-2.89],[-46.67,-2.88],[-46.65,-2.88],[-46.64,-2.86],[-46.62,-2.86],[-46.62,-2.84],[-46.59,-2.84],[-46.59,-2.82],[-46.6,-2.8],[-46.63,-2.8],[-46.64,-2.78],[-46.64,-2.75],[-46.66,-2.74],[-46.67,-2.71],[-46.65,-2.69],[-46.63,-2.68],[-46.62,-2.67],[-46.62,-2.64],[-46.6,-2.65],[-46.58,-2.64],[-46.56,-2.63],[-46.54,-2.62],[-46.5,-2.61],[-46.51,-2.59],[-46.49,-2.58],[-46.49,-2.56],[-46.5,-2.54],[-46.47,-2.54],[-46.42,-2.53],[-46.43,-2.51],[-46.43,-2.49],[-46.43,-2.47],[-46.44,-2.45],[-46.44,-2.42],[-46.43,-2.4],[-46.41,-2.37],[-46.43,-2.36],[-46.45,-2.38],[-46.46,-2.36],[-46.44,-2.33],[-46.43,-2.3],[-46.42,-2.26],[-46.43,-2.24],[-46.41,-2.23],[-46.39,-2.25],[-46.37,-2.24],[-46.36,-2.23],[-46.34,-2.21],[-46.33,-2.19],[-46.29,-2.16],[-46.3,-2.14],[-46.27,-2.12],[-46.27,-2.09],[-46.27,-2.06],[-46.26,-2.04],[-46.25,-2.02],[-46.23,-1.97],[-46.22,-1.91],[-46.23,-1.88],[-46.23,-1.86],[-46.21,-1.83],[-46.23,-1.8],[-46.26,-1.79],[-46.28,-1.8],[-46.31,-1.8],[-46.32,-1.77],[-46.31,-1.74],[-46.29,-1.72],[-46.26,-1.73],[-46.24,-1.72],[-46.22,-1.73],[-46.2,-1.71],[-46.17,-1.7],[-46.15,-1.68],[-46.16,-1.65],[-46.16,-1.62],[-46.14,-1.61],[-46.15,-1.59],[-46.14,-1.52],[-46.15,-1.5],[-46.17,-1.48],[-46.16,-1.46],[-46.14,-1.44],[-46.16,-1.42],[-46.13,-1.4],[-46.12,-1.38],[-46.11,-1.35],[-46.13,-1.33],[-46.13,-1.31],[-46.16,-1.28],[-46.14,-1.25],[-46.15,-1.22],[-46.13,-1.21],[-46.11,-1.2],[-46.08,-1.2],[-46.07,-1.16],[-46.06,-1.14],[-46.04,-1.16],[-46.04,-1.13],[-46.03,-1.11],[-46.02,-1.08],[-46.0,-1.09],[-46.0,-1.07],[-45.99,-1.05],[-45.96,-1.05],[-45.98,-1.07],[-45.96,-1.08],[-45.98,-1.09],[-45.97,-1.1],[-45.98,-1.12],[-45.96,-1.11],[-45.96,-1.13],[-45.99,-1.14],[-45.99,-1.16],[-45.97,-1.14],[-45.95,-1.14],[-45.94,-1.16],[-45.95,-1.18],[-45.95,-1.21],[-45.95,-1.23],[-45.93,-1.2],[-45.93,-1.17],[-45.91,-1.14],[-45.89,-1.11],[-45.87,-1.1],[-45.87,-1.07],[-45.85,-1.05],[-45.83,-1.08],[-45.84,-1.1],[-45.85,-1.12],[-45.88,-1.13],[-45.91,-1.16],[-45.91,-1.19],[-45.9,-1.17],[-45.88,-1.15],[-45.87,-1.15],[-45.88,-1.17],[-45.87,-1.19],[-45.88,-1.21],[-45.89,-1.23],[-45.87,-1.22],[-45.85,-1.21],[-45.86,-1.23],[-45.84,-1.22],[-45.88,-1.26],[-45.86,-1.25],[-45.86,-1.28],[-45.84,-1.23],[-45.83,-1.2],[-45.81,-1.22],[-45.82,-1.19],[-45.81,-1.17],[-45.79,-1.16],[-45.8,-1.19],[-45.8,-1.21],[-45.81,-1.25],[-45.83,-1.27],[-45.81,-1.26],[-45.79,-1.25],[-45.8,-1.28],[-45.78,-1.27],[-45.78,-1.24],[-45.77,-1.22],[-45.77,-1.19],[-45.74,-1.17],[-45.74,-1.15],[-45.71,-1.13],[-45.69,-1.13],[-45.68,-1.15],[-45.7,-1.17],[-45.72,-1.19],[-45.73,-1.21],[-45.73,-1.23],[-45.71,-1.24],[-45.69,-1.27],[-45.7,-1.3],[-45.72,-1.31],[-45.73,-1.34],[-45.72,-1.32],[-45.7,-1.31],[-45.69,-1.34],[-45.7,-1.35],[-45.72,-1.38],[-45.74,-1.38],[-45.72,-1.38],[-45.7,-1.36],[-45.7,-1.38],[-45.72,-1.4],[-45.69,-1.4],[-45.7,-1.38],[-45.67,-1.37],[-45.64,-1.37],[-45.62,-1.34],[-45.62,-1.31],[-45.61,-1.28],[-45.59,-1.27],[-45.59,-1.29],[-45.57,-1.28],[-45.54,-1.27],[-45.54,-1.29],[-45.55,-1.31],[-45.56,-1.33],[-45.55,-1.35],[-45.52,-1.32],[-45.51,-1.3],[-45.51,-1.32],[-45.52,-1.34],[-45.52,-1.36],[-45.51,-1.38],[-45.52,-1.4],[-45.5,-1.39],[-45.49,-1.37],[-45.48,-1.34],[-45.48,-1.36],[-45.49,-1.38],[-45.48,-1.36],[-45.47,-1.34],[-45.46,-1.32],[-45.44,-1.31],[-45.42,-1.29],[-45.4,-1.31],[-45.4,-1.33],[-45.42,-1.35],[-45.44,-1.37],[-45.47,-1.37],[-45.47,-1.4],[-45.47,-1.42],[-45.48,-1.44],[-45.47,-1.46],[-45.48,-1.48],[-45.47,-1.49],[-45.45,-1.52],[-45.47,-1.52],[-45.44,-1.54],[-45.45,-1.52],[-45.46,-1.48],[-45.45,-1.46],[-45.43,-1.42],[-45.42,-1.45],[-45.42,-1.47],[-45.4,-1.49],[-45.42,-1.47],[-45.41,-1.44],[-45.4,-1.42],[-45.38,-1.42],[-45.38,-1.4],[-45.36,-1.38],[-45.35,-1.39],[-45.36,-1.38],[-45.36,-1.35],[-45.33,-1.36],[-45.34,-1.34],[-45.36,-1.32],[-45.34,-1.31],[-45.32,-1.32],[-45.31,-1.33],[-45.31,-1.36],[-45.3,-1.38],[-45.29,-1.42],[-45.32,-1.41],[-45.3,-1.43],[-45.35,-1.45],[-45.38,-1.47],[-45.39,-1.49],[-45.38,-1.51],[-45.38,-1.48],[-45.36,-1.47],[-45.35,-1.48],[-45.36,-1.5],[-45.37,-1.52],[-45.37,-1.54],[-45.36,-1.52],[-45.35,-1.5],[-45.34,-1.48],[-45.33,-1.5],[-45.32,-1.48],[-45.3,-1.49],[-45.31,-1.52],[-45.32,-1.54],[-45.32,-1.56],[-45.34,-1.58],[-45.34,-1.61],[-45.34,-1.63],[-45.35,-1.67],[-45.37,-1.68],[-45.37,-1.7],[-45.36,-1.68],[-45.37,-1.71],[-45.35,-1.74],[-45.34,-1.72],[-45.34,-1.68],[-45.32,-1.64],[-45.31,-1.61],[-45.29,-1.59],[-45.27,-1.61],[-45.25,-1.62],[-45.25,-1.6],[-45.25,-1.58],[-45.24,-1.56],[-45.21,-1.53],[-45.19,-1.51],[-45.17,-1.5],[-45.16,-1.48],[-45.14,-1.46],[-45.14,-1.48],[-45.13,-1.5],[-45.15,-1.52],[-45.13,-1.51],[-45.12,-1.48],[-45.12,-1.45],[-45.11,-1.43],[-45.1,-1.41],[-45.11,-1.38],[-45.1,-1.36],[-45.1,-1.38],[-45.1,-1.43],[-45.09,-1.46],[-45.1,-1.48],[-45.09,-1.5],[-45.09,-1.48],[-45.07,-1.48],[-45.07,-1.45],[-45.06,-1.48],[-45.06,-1.5],[-45.08,-1.52],[-45.06,-1.5],[-45.06,-1.48],[-45.04,-1.49],[-45.02,-1.49],[-45.0,-1.49],[-44.97,-1.5],[-44.96,-1.49],[-44.93,-1.49],[-44.95,-1.5],[-44.91,-1.49],[-44.91,-1.47],[-44.89,-1.45],[-44.87,-1.46],[-44.87,-1.44],[-44.85,-1.42],[-44.82,-1.41],[-44.81,-1.43],[-44.83,-1.45],[-44.83,-1.49],[-44.84,-1.46],[-44.85,-1.49],[-44.87,-1.48],[-44.86,-1.49],[-44.87,-1.52],[-44.88,-1.53],[-44.9,-1.55],[-44.91,-1.58],[-44.9,-1.6],[-44.88,-1.6],[-44.86,-1.61],[-44.83,-1.59],[-44.82,-1.57],[-44.81,-1.59],[-44.79,-1.61],[-44.78,-1.64],[-44.8,-1.66],[-44.78,-1.65],[-44.77,-1.62],[-44.79,-1.59],[-44.77,-1.58],[-44.77,-1.61],[-44.76,-1.63],[-44.76,-1.61],[-44.74,-1.61],[-44.75,-1.59],[-44.72,-1.57],[-44.7,-1.57],[-44.72,-1.6],[-44.7,-1.59],[-44.69,-1.57],[-44.67,-1.58],[-44.65,-1.61],[-44.65,-1.65],[-44.66,-1.67],[-44.67,-1.65],[-44.69,-1.65],[-44.74,-1.66],[-44.75,-1.68],[-44.78,-1.68],[-44.79,-1.7],[-44.79,-1.72],[-44.76,-1.73],[-44.77,-1.75],[-44.79,-1.74],[-44.77,-1.75],[-44.75,-1.73],[-44.77,-1.72],[-44.75,-1.72],[-44.72,-1.72],[-44.7,-1.72],[-44.71,-1.75],[-44.75,-1.78],[-44.78,-1.79],[-44.79,-1.8],[-44.81,-1.81],[-44.78,-1.8],[-44.76,-1.8],[-44.74,-1.79],[-44.72,-1.78],[-44.73,-1.8],[-44.76,-1.81],[-44.74,-1.81],[-44.72,-1.79],[-44.7,-1.77],[-44.66,-1.77],[-44.66,-1.74],[-44.65,-1.77],[-44.67,-1.79],[-44.65,-1.76],[-44.65,-1.79],[-44.64,-1.77],[-44.65,-1.74],[-44.65,-1.72],[-44.62,-1.73],[-44.59,-1.74],[-44.61,-1.76],[-44.63,-1.78],[-44.63,-1.81],[-44.61,-1.83],[-44.59,-1.84],[-44.61,-1.86],[-44.63,-1.86],[-44.6,-1.86],[-44.58,-1.86],[-44.59,-1.84],[-44.59,-1.81],[-44.58,-1.8],[-44.56,-1.83],[-44.57,-1.85],[-44.55,-1.83],[-44.53,-1.84],[-44.54,-1.87],[-44.56,-1.88],[-44.58,-1.89],[-44.57,-1.91],[-44.55,-1.89],[-44.53,-1.91],[-44.53,-1.89],[-44.5,-1.93],[-44.49,-1.94],[-44.49,-1.97],[-44.5,-1.95],[-44.49,-1.97],[-44.48,-2.0],[-44.47,-2.02],[-44.48,-2.04],[-44.5,-2.05],[-44.5,-2.1],[-44.5,-2.14],[-44.48,-2.14],[-44.46,-2.15],[-44.44,-2.16],[-44.43,-2.18],[-44.41,-2.2],[-44.4,-2.21],[-44.41,-2.23],[-44.39,-2.24],[-44.38,-2.26],[-44.36,-2.32],[-44.36,-2.34],[-44.37,-2.36],[-44.37,-2.39],[-44.39,-2.41],[-44.41,-2.41],[-44.37,-2.45],[-44.33,-2.5],[-44.3,-2.49],[-44.28,-2.48],[-44.26,-2.48],[-44.23,-2.48],[-44.21,-2.47],[-44.19,-2.46],[-44.17,-2.45],[-44.15,-2.44],[-44.13,-2.43],[-44.11,-2.42],[-44.09,-2.42],[-44.07,-2.4],[-44.03,-2.41],[-44.02,-2.43],[-44.04,-2.45],[-44.06,-2.44],[-44.08,-2.45],[-44.1,-2.46],[-44.08,-2.46],[-44.06,-2.46],[-44.06,-2.48],[-44.04,-2.46],[-43.99,-2.47],[-43.97,-2.47],[-43.97,-2.51],[-43.98,-2.55],[-44.0,-2.58],[-43.98,-2.57],[-43.96,-2.54],[-43.92,-2.51],[-43.9,-2.46],[-43.89,-2.43],[-43.87,-2.41],[-43.86,-2.39],[-43.83,-2.36],[-43.79,-2.34],[-43.77,-2.35],[-43.75,-2.37],[-43.73,-2.29],[-43.67,-2.26],[-43.63,-2.23],[-43.59,-2.23],[-43.57,-2.25],[-43.52,-2.34],[-43.5,-2.37],[-43.48,-2.36],[-43.45,-2.34],[-43.43,-2.33],[-43.4,-2.33],[-43.38,-2.32],[-43.34,-2.34],[-43.32,-2.34],[-43.27,-2.35],[-43.18,-2.37],[-43.16,-2.39],[-43.11,-2.41],[-43.02,-2.45],[-42.99,-2.47],[-42.96,-2.48],[-42.94,-2.49],[-42.92,-2.5],[-42.89,-2.51],[-42.87,-2.52],[-42.84,-2.53],[-42.81,-2.55],[-42.78,-2.56],[-42.76,-2.56],[-42.74,-2.56],[-42.72,-2.59],[-42.7,-2.59],[-42.69,-2.61],[-42.7,-2.64],[-42.69,-2.62],[-42.69,-2.6],[-42.7,-2.58],[-42.73,-2.58],[-42.71,-2.56],[-42.74,-2.56],[-42.71,-2.56],[-42.68,-2.59],[-42.65,-2.62],[-42.64,-2.63],[-42.61,-2.65],[-42.58,-2.67],[-42.56,-2.68],[-42.53,-2.68],[-42.51,-2.68],[-42.49,-2.7],[-42.48,-2.71],[-42.48,-2.69],[-42.43,-2.71],[-42.37,-2.71],[-42.33,-2.69],[-42.31,-2.69],[-42.27,-2.69],[-42.24,-2.67],[-42.22,-2.69],[-42.2,-2.69],[-42.16,-2.69],[-42.14,-2.69],[-42.12,-2.69],[-42.1,-2.69],[-42.07,-2.69],[-42.06,-2.7],[-42.04,-2.72],[-42.03,-2.74],[-42.02,-2.76],[-42.01,-2.74],[-42.01,-2.72],[-41.99,-2.72],[-41.96,-2.72],[-41.94,-2.72],[-41.91,-2.72],[-41.89,-2.72],[-41.87,-2.72],[-41.85,-2.72],[-41.82,-2.72],[-41.81,-2.74],[-41.85,-2.77],[-41.85,-2.81],[-41.85,-2.83],[-41.86,-2.85],[-41.87,-2.87],[-41.84,-2.91],[-41.82,-2.93],[-41.8,-2.94],[-41.8,-2.97],[-41.81,-2.99],[-41.82,-3.02],[-41.84,-3.04],[-41.86,-3.05],[-41.89,-3.09],[-41.91,-3.1],[-41.93,-3.12],[-41.93,-3.15],[-41.94,-3.19],[-41.96,-3.18],[-41.97,-3.21],[-42.0,-3.24],[-42.02,-3.25],[-42.07,-3.25],[-42.12,-3.26],[-42.13,-3.28],[-42.1,-3.29],[-42.11,-3.31],[-42.13,-3.34],[-42.14,-3.36],[-42.15,-3.39],[-42.19,-3.39],[-42.2,-3.42],[-42.2,-3.44],[-42.24,-3.43],[-42.27,-3.44],[-42.3,-3.45],[-42.32,-3.44],[-42.35,-3.45],[-42.38,-3.45],[-42.4,-3.47],[-42.42,-3.46],[-42.45,-3.48],[-42.47,-3.48],[-42.49,-3.47],[-42.5,-3.45],[-42.51,-3.47],[-42.53,-3.49],[-42.53,-3.52],[-42.56,-3.56],[-42.61,-3.59],[-42.62,-3.61],[-42.63,-3.63],[-42.66,-3.65],[-42.68,-3.68],[-42.68,-3.7],[-42.67,-3.73],[-42.68,-3.76],[-42.67,-3.79],[-42.69,-3.81],[-42.72,-3.88],[-42.73,-3.91],[-42.74,-3.93],[-42.78,-3.96],[-42.79,-3.98],[-42.81,-4.0],[-42.84,-4.04],[-42.86,-4.08],[-42.88,-4.11],[-42.9,-4.12],[-42.89,-4.15],[-42.91,-4.16],[-42.94,-4.16],[-42.98,-4.21],[-42.99,-4.23],[-42.98,-4.29],[-42.98,-4.31],[-42.96,-4.33],[-42.96,-4.38],[-42.94,-4.38],[-42.89,-4.41],[-42.87,-4.43],[-42.88,-4.45],[-42.87,-4.47],[-42.85,-4.48],[-42.86,-4.5],[-42.87,-4.53],[-42.87,-4.56],[-42.87,-4.58],[-42.91,-4.64],[-42.95,-4.67],[-42.95,-4.7],[-42.92,-4.72],[-42.93,-4.75],[-42.95,-4.77],[-42.95,-4.79],[-42.94,-4.81],[-42.9,-4.84],[-42.89,-4.87],[-42.89,-4.89],[-42.87,-4.92],[-42.85,-4.94],[-42.86,-4.97],[-42.84,-5.03],[-42.84,-5.06],[-42.82,-5.09],[-42.81,-5.13],[-42.8,-5.15],[-42.8,-5.18],[-42.81,-5.22],[-42.83,-5.23],[-42.82,-5.26],[-42.81,-5.28],[-42.83,-5.35],[-42.86,-5.37],[-42.88,-5.39],[-42.9,-5.39],[-42.92,-5.41],[-42.93,-5.44],[-42.96,-5.45],[-42.97,-5.48],[-42.99,-5.51],[-43.0,-5.54],[-43.02,-5.56],[-43.03,-5.59],[-43.06,-5.6],[-43.09,-5.61],[-43.1,-5.63],[-43.08,-5.65],[-43.09,-5.68],[-43.08,-5.73],[-43.09,-5.74],[-43.1,-5.77],[-43.1,-5.79],[-43.1,-5.83],[-43.08,-5.86],[-43.1,-5.9],[-43.09,-5.92],[-43.09,-5.95],[-43.07,-5.97],[-43.06,-5.99],[-43.05,-6.01],[-43.07,-6.04],[-43.06,-6.07],[-43.05,-6.1],[-43.01,-6.11],[-42.98,-6.13],[-42.98,-6.17],[-42.95,-6.19],[-42.92,-6.21],[-42.91,-6.22],[-42.88,-6.23],[-42.85,-6.25],[-42.85,-6.28],[-42.85,-6.3],[-42.86,-6.33],[-42.84,-6.32],[-42.85,-6.36],[-42.86,-6.38],[-42.87,-6.41],[-42.88,-6.43],[-42.87,-6.45],[-42.87,-6.48],[-42.89,-6.5],[-42.89,-6.54],[-42.88,-6.56],[-42.9,-6.6],[-42.92,-6.64],[-42.92,-6.67],[-42.95,-6.7],[-42.98,-6.72],[-42.99,-6.75],[-43.03,-6.76],[-43.05,-6.76],[-43.07,-6.75],[-43.1,-6.77],[-43.13,-6.78],[-43.15,-6.78],[-43.17,-6.77],[-43.2,-6.76],[-43.24,-6.77],[-43.26,-6.79],[-43.31,-6.8],[-43.35,-6.8],[-43.36,-6.82],[-43.39,-6.82],[-43.4,-6.84],[-43.43,-6.84],[-43.46,-6.85],[-43.48,-6.83],[-43.49,-6.81],[-43.53,-6.79],[-43.55,-6.76],[-43.57,-6.75],[-43.6,-6.74],[-43.62,-6.73],[-43.64,-6.72],[-43.67,-6.71],[-43.7,-6.71],[-43.72,-6.7],[-43.75,-6.7],[-43.77,-6.71],[-43.79,-6.7],[-43.82,-6.73],[-43.85,-6.74],[-43.88,-6.76],[-43.91,-6.75],[-43.93,-6.77],[-43.95,-6.75],[-43.97,-6.74],[-43.99,-6.76],[-44.03,-6.76],[-44.05,-6.77],[-44.06,-6.81],[-44.08,-6.82],[-44.09,-6.8],[-44.11,-6.8],[-44.1,-6.84],[-44.11,-6.86],[-44.11,-6.84],[-44.14,-6.86],[-44.16,-6.87],[-44.17,-6.89],[-44.17,-6.92],[-44.2,-6.93],[-44.21,-6.96],[-44.24,-7.0],[-44.26,-7.0],[-44.26,-7.02],[-44.28,-7.05],[-44.27,-7.07],[-44.31,-7.12],[-44.33,-7.11],[-44.36,-7.12],[-44.38,-7.12],[-44.41,-7.14],[-44.44,-7.16],[-44.46,-7.16],[-44.49,-7.18],[-44.51,-7.2],[-44.52,-7.22],[-44.56,-7.23],[-44.57,-7.25],[-44.6,-7.27],[-44.62,-7.31],[-44.64,-7.31],[-44.66,-7.33],[-44.67,-7.35],[-44.69,-7.39],[-44.71,-7.4],[-44.74,-7.36],[-44.78,-7.38],[-44.82,-7.36],[-44.83,-7.38],[-44.85,-7.4],[-44.87,-7.42],[-44.89,-7.42],[-44.91,-7.44],[-44.92,-7.47],[-44.96,-7.48],[-44.98,-7.48],[-45.0,-7.49],[-45.02,-7.5],[-45.04,-7.51],[-45.07,-7.5],[-45.13,-7.51],[-45.15,-7.52],[-45.17,-7.53],[-45.2,-7.55],[-45.22,-7.57],[-45.23,-7.55],[-45.25,-7.56],[-45.28,-7.57],[-45.3,-7.57],[-45.32,-7.57],[-45.34,-7.59],[-45.37,-7.62],[-45.39,-7.61],[-45.4,-7.63],[-45.42,-7.64],[-45.43,-7.66],[-45.46,-7.67],[-45.47,-7.69],[-45.47,-7.71],[-45.49,-7.73],[-45.48,-7.75],[-45.49,-7.78],[-45.5,-7.8],[-45.51,-7.82],[-45.52,-7.84],[-45.52,-7.85],[-45.53,-7.88],[-45.54,-7.9],[-45.52,-7.91],[-45.54,-7.92],[-45.55,-7.95],[-45.55,-7.97],[-45.57,-8.0],[-45.55,-8.01],[-45.57,-8.03],[-45.56,-8.05],[-45.57,-8.07],[-45.58,-8.1],[-45.58,-8.13],[-45.58,-8.16],[-45.59,-8.17],[-45.61,-8.19],[-45.66,-8.25],[-45.66,-8.29],[-45.68,-8.32],[-45.69,-8.34],[-45.69,-8.36],[-45.7,-8.38],[-45.72,-8.39],[-45.73,-8.41],[-45.74,-8.44],[-45.74,-8.46],[-45.75,-8.49],[-45.75,-8.51],[-45.75,-8.54],[-45.76,-8.56],[-45.79,-8.58],[-45.77,-8.61],[-45.8,-8.61],[-45.82,-8.63],[-45.82,-8.65],[-45.84,-8.71],[-45.86,-8.72],[-45.89,-8.74],[-45.89,-8.76],[-45.92,-8.77],[-45.93,-8.78],[-45.94,-8.8],[-45.96,-8.82],[-45.95,-8.84],[-45.96,-8.86],[-45.98,-8.88],[-45.98,-8.9],[-45.99,-8.92],[-45.98,-8.97],[-45.96,-9.0],[-45.94,-9.01],[-45.94,-9.04],[-45.94,-9.06],[-45.93,-9.08],[-45.93,-9.1],[-45.93,-9.14],[-45.91,-9.17],[-45.9,-9.19],[-45.9,-9.21],[-45.9,-9.23],[-45.9,-9.25],[-45.9,-9.28],[-45.9,-9.31],[-45.89,-9.33],[-45.87,-9.35],[-45.85,-9.36],[-45.82,-9.37],[-45.8,-9.42],[-45.79,-9.44],[-45.79,-9.46],[-45.78,-9.48],[-45.8,-9.5],[-45.82,-9.52],[-45.83,-9.54],[-45.84,-9.56],[-45.83,-9.59],[-45.82,-9.61],[-45.82,-9.64],[-45.83,-9.68],[-45.83,-9.7],[-45.83,-9.72],[-45.83,-9.75],[-45.82,-9.77],[-45.84,-9.8],[-45.85,-9.83],[-45.86,-9.86],[-45.86,-9.89],[-45.86,-9.91],[-45.85,-9.92],[-45.85,-9.95],[-45.85,-9.98],[-45.86,-10.0],[-45.88,-10.04],[-45.88,-10.06],[-45.88,-10.11],[-45.9,-10.14],[-45.91,-10.16],[-45.92,-10.17],[-45.93,-10.19],[-45.95,-10.2],[-45.95,-10.25],[-45.97,-10.25],[-46.0,-10.25],[-46.02,-10.24],[-46.02,-10.22],[-46.02,-10.18],[-46.05,-10.18],[-46.1,-10.21],[-46.14,-10.21],[-46.16,-10.21],[-46.19,-10.18],[-46.21,-10.17],[-46.24,-10.17],[-46.27,-10.18],[-46.3,-10.18],[-46.33,-10.18],[-46.35,-10.17],[-46.37,-10.17],[-46.38,-10.12],[-46.42,-10.08],[-46.44,-10.08],[-46.45,-10.06],[-46.46,-10.02],[-46.48,-9.99],[-46.47,-9.96],[-46.47,-9.94],[-46.47,-9.91],[-46.47,-9.88],[-46.49,-9.87],[-46.49,-9.85],[-46.49,-9.83],[-46.51,-9.8],[-46.54,-9.81],[-46.56,-9.81],[-46.58,-9.8],[-46.57,-9.77],[-46.6,-9.75],[-46.63,-9.75],[-46.65,-9.73],[-46.65,-9.69],[-46.61,-9.67],[-46.61,-9.63],[-46.59,-9.61],[-46.58,-9.58],[-46.54,-9.56],[-46.56,-9.54],[-46.58,-9.52],[-46.56,-9.49],[-46.57,-9.48],[-46.59,-9.48],[-46.61,-9.46],[-46.65,-9.44],[-46.64,-9.42],[-46.66,-9.4],[-46.68,-9.39],[-46.71,-9.4],[-46.74,-9.4],[-46.76,-9.41],[-46.76,-9.38],[-46.77,-9.36],[-46.8,-9.34],[-46.81,-9.31],[-46.83,-9.31],[-46.84,-9.28],[-46.83,-9.27],[-46.83,-9.24],[-46.82,-9.21],[-46.84,-9.2],[-46.85,-9.17],[-46.86,-9.15],[-46.89,-9.14],[-46.92,-9.13],[-46.93,-9.11],[-46.93,-9.08],[-46.94,-9.06],[-46.98,-9.08],[-47.0,-9.08],[-47.02,-9.07],[-47.04,-9.07],[-47.07,-9.06],[-47.05,-9.05],[-47.04,-9.03],[-47.07,-9.01],[-47.05,-9.01],[-47.03,-8.99]],[[-44.81,-1.8],[-44.81,-1.81],[-44.81,-1.8],[-44.81,-1.8]],[[-44.57,-1.92],[-44.56,-1.92],[-44.57,-1.92],[-44.57,-1.92]],[[-45.75,-1.37],[-45.75,-1.38],[-45.74,-1.37],[-45.75,-1.37]],[[-45.89,-1.18],[-45.88,-1.18],[-45.88,-1.18],[-45.89,-1.18]],[[-45.82,-1.31],[-45.82,-1.31]],[[-44.69,-1.82],[-44.69,-1.81],[-44.69,-1.81],[-44.69,-1.82]],[[-45.39,-1.69],[-45.39,-1.69]],[[-44.8,-1.63],[-44.79,-1.63],[-44.79,-1.62],[-44.8,-1.63]],[[-45.13,-1.54],[-45.13,-1.54]],[[-45.82,-1.25],[-45.81,-1.23],[-45.82,-1.24],[-45.82,-1.25]],[[-45.58,-1.34],[-45.58,-1.34]],[[-45.8,-1.33],[-45.8,-1.33]],[[-44.83,-1.82],[-44.85,-1.83],[-44.82,-1.82],[-44.83,-1.82]],[[-45.37,-1.44],[-45.37,-1.44]],[[-45.91,-1.24],[-45.91,-1.24]],[[-45.59,-1.34],[-45.59,-1.31],[-45.59,-1.34]],[[-45.39,-1.56],[-45.39,-1.54],[-45.4,-1.56],[-45.39,-1.56]]],[[[-44.97,-1.34],[-44.95,-1.34],[-44.96,-1.31],[-44.98,-1.31],[-44.97,-1.28],[-44.95,-1.28],[-44.93,-1.29],[-44.92,-1.3],[-44.93,-1.28],[-44.9,-1.28],[-44.88,-1.28],[-44.86,-1.3],[-44.85,-1.32],[-44.86,-1.34],[-44.88,-1.34],[-44.9,-1.33],[-44.89,-1.35],[-44.92,-1.37],[-44.94,-1.38],[-44.96,-1.4],[-44.98,-1.41],[-45.0,-1.39],[-45.02,-1.36],[-45.0,-1.34],[-45.03,-1.34],[-45.01,-1.32],[-44.98,-1.33],[-44.98,-1.35],[-44.97,-1.34]],[[-44.92,-1.34],[-44.92,-1.35],[-44.92,-1.34],[-44.92,-1.34]],[[-44.91,-1.33],[-44.91,-1.3],[-44.91,-1.33],[-44.91,-1.33]]],[[[-45.68,-1.3],[-45.68,-1.27],[-45.66,-1.25],[-45.64,-1.27],[-45.64,-1.25],[-45.64,-1.21],[-45.64,-1.18],[-45.63,-1.14],[-45.62,-1.12],[-45.6,-1.13],[-45.6,-1.16],[-45.62,-1.19],[-45.63,-1.22],[-45.62,-1.24],[-45.63,-1.27],[-45.64,-1.3],[-45.64,-1.33],[-45.64,-1.36],[-45.68,-1.36],[-45.68,-1.34],[-45.68,-1.32],[-45.68,-1.3]],[[-45.66,-1.3],[-45.66,-1.3]]],[[[-44.8,-1.53],[-44.79,-1.55],[-44.8,-1.56],[-44.83,-1.54],[-44.81,-1.53],[-44.8,-1.5],[-44.77,-1.48],[-44.78,-1.51],[-44.79,-1.53],[-44.8,-1.53]]],[[[-44.77,-1.53],[-44.76,-1.49],[-44.77,-1.47],[-44.75,-1.46],[-44.74,-1.51],[-44.77,-1.52],[-44.77,-1.53]]],[[[-45.69,-1.2],[-45.67,-1.21],[-45.66,-1.24],[-45.68,-1.26],[-45.7,-1.24],[-45.7,-1.22],[-45.69,-1.2],[-45.68,-1.22],[-45.69,-1.2]]],[[[-45.54,-1.2],[-45.53,-1.21],[-45.54,-1.23],[-45.58,-1.23],[-45.59,-1.25],[-45.58,-1.22],[-45.56,-1.21],[-45.57,-1.19],[-45.55,-1.19],[-45.54,-1.2]]],[[[-44.62,-1.79],[-44.6,-1.77],[-44.58,-1.78],[-44.6,-1.8],[-44.61,-1.82],[-44.62,-1.8],[-44.62,-1.79]]],[[[-44.73,-1.56],[-44.76,-1.58],[-44.75,-1.56],[-44.74,-1.54],[-44.72,-1.55],[-44.73,-1.56]]],[[[-45.8,-1.13],[-45.8,-1.15],[-45.82,-1.13],[-45.8,-1.11],[-45.8,-1.13]]],[[[-45.79,-1.19],[-45.78,-1.2],[-45.79,-1.23],[-45.8,-1.2],[-45.79,-1.19]]],[[[-45.56,-1.33],[-45.55,-1.31],[-45.53,-1.32],[-45.55,-1.33],[-45.56,-1.33]]],[[[-45.09,-1.42],[-45.09,-1.4],[-45.08,-1.38],[-45.08,-1.4],[-45.09,-1.42]]],[[[-45.1,-1.47],[-45.07,-1.46],[-45.1,-1.47],[-45.1,-1.47]]],[[[-45.04,-1.39],[-45.04,-1.36],[-45.04,-1.34],[-45.04,-1.36],[-45.03,-1.39],[-45.04,-1.39]]],[[[-44.75,-1.69],[-44.73,-1.69],[-44.75,-1.69],[-44.75,-1.69]]],[[[-45.69,-1.3],[-45.68,-1.32],[-45.69,-1.29],[-45.69,-1.3]]],[[[-44.47,-2.08],[-44.44,-2.06],[-44.47,-2.08]]],[[[-44.48,-2.11],[-44.47,-2.12],[-44.48,-2.11]]],[[[-45.4,-1.4],[-45.41,-1.42],[-45.41,-1.4],[-45.4,-1.4]]],[[[-45.07,-1.45],[-45.07,-1.42],[-45.06,-1.44],[-45.07,-1.45]]],[[[-44.72,-1.66],[-44.72,-1.66]]],[[[-44.45,-2.03],[-44.45,-2.03]]],[[[-44.62,-1.81],[-44.63,-1.79],[-44.62,-1.81]]],[[[-45.09,-1.43],[-45.09,-1.43]]],[[[-45.52,-1.41],[-45.52,-1.41]]],[[[-45.05,-1.33],[-45.05,-1.33]]],[[[-45.79,-1.25],[-45.79,-1.25]]],[[[-45.0,-1.4],[-45.0,-1.4]]],[[[-44.61,-1.83],[-44.61,-1.83]]],[[[-45.63,-1.32],[-45.63,-1.34],[-45.63,-1.31],[-45.63,-1.32]]],[[[-44.83,-1.56],[-44.83,-1.56]]],[[[-45.56,-1.26],[-45.56,-1.26]]],[[[-42.75,-2.54],[-42.75,-2.54]]],[[[-44.01,-2.4],[-44.01,-2.4]]],[[[-44.61,-1.78],[-44.61,-1.78]]],[[[-45.64,-1.31],[-45.64,-1.31]]],[[[-45.65,-1.36],[-45.65,-1.36]]],[[[-45.64,-1.25],[-45.64,-1.25]]],[[[-44.02,-2.4],[-44.02,-2.4]]],[[[-45.14,-1.47],[-45.14,-1.47]]],[[[-44.78,-1.57],[-44.78,-1.57]]],[[[-44.88,-1.34],[-44.88,-1.34]]],[[[-45.04,-1.39],[-45.04,-1.39]]],[[[-45.14,-1.49],[-45.14,-1.49]]],[[[-44.46,-2.13],[-44.46,-2.13]]],[[[-45.82,-1.26],[-45.82,-1.26]]],[[[-47.03,-8.98],[-47.03,-8.98]]],[[[-45.11,-1.4],[-45.1,-1.4],[-45.11,-1.41],[-45.11,-1.4]]],[[[-45.11,-1.39],[-45.11,-1.39],[-45.11,-1.4],[-45.11,-1.39]]],[[[-45.56,-1.26],[-45.56,-1.26],[-45.56,-1.26],[-45.56,-1.26]]],[[[-44.76,-1.59],[-44.76,-1.59],[-44.75,-1.59],[-44.76,-1.59]]],[[[-45.76,-1.19],[-45.76,-1.19],[-45.76,-1.19],[-45.76,-1.19]]]]},"properties":{"sigla":"MA","name":"Maranh\u00e3o"}},{"type":"Feature","geometry":{"type":"MultiPolygon","coordinates":[[[[-44.21,-14.24],[-44.18,-14.26],[-44.16,-14.27],[-44.14,-14.26],[-44.11,-14.26],[-44.09,-14.27],[-44.07,-14.28],[-44.05,-14.28],[-44.03,-14.28],[-44.01,-14.27],[-43.98,-14.27],[-43.96,-14.28],[-43.94,-14.3],[-43.93,-14.31],[-43.9,-14.3],[-43.88,-14.31],[-43.86,-14.31],[-43.84,-14.31],[-43.82,-14.32],[-43.8,-14.34],[-43.8,-14.37],[-43.82,-14.39],[-43.83,-14.44],[-43.84,-14.46],[-43.87,-14.52],[-43.88,-14.56],[-43.89,-14.58],[-43.88,-14.61],[-43.88,-14.63],[-43.88,-14.65],[-43.86,-14.66],[-43.82,-14.68],[-43.8,-14.69],[-43.78,-14.69],[-43.76,-14.7],[-43.73,-14.7],[-43.71,-14.71],[-43.69,-14.72],[-43.67,-14.74],[-43.64,-14.75],[-43.61,-14.76],[-43.59,-14.75],[-43.57,-14.76],[-43.54,-14.78],[-43.54,-14.81],[-43.51,-14.8],[-43.49,-14.79],[-43.47,-14.78],[-43.48,-14.77],[-43.46,-14.76],[-43.45,-14.74],[-43.43,-14.73],[-43.4,-14.71],[-43.36,-14.7],[-43.33,-14.69],[-43.31,-14.67],[-43.29,-14.68],[-43.24,-14.66],[-43.21,-14.66],[-43.18,-14.66],[-43.16,-14.66],[-43.13,-14.67],[-43.11,-14.68],[-43.09,-14.68],[-43.07,-14.69],[-43.05,-14.69],[-43.03,-14.69],[-43.01,-14.7],[-42.98,-14.7],[-42.95,-14.71],[-42.93,-14.72],[-42.93,-14.74],[-42.91,-14.76],[-42.89,-14.77],[-42.86,-14.78],[-42.84,-14.8],[-42.79,-14.84],[-42.75,-14.85],[-42.74,-14.87],[-42.72,-14.89],[-42.7,-14.89],[-42.68,-14.91],[-42.66,-14.92],[-42.63,-14.93],[-42.61,-14.94],[-42.59,-14.93],[-42.57,-14.95],[-42.56,-14.96],[-42.53,-14.97],[-42.52,-14.98],[-42.5,-14.99],[-42.48,-15.02],[-42.44,-15.02],[-42.44,-15.06],[-42.42,-15.07],[-42.4,-15.08],[-42.38,-15.07],[-42.35,-15.1],[-42.34,-15.08],[-42.32,-15.1],[-42.29,-15.11],[-42.28,-15.11],[-42.25,-15.11],[-42.23,-15.1],[-42.2,-15.1],[-42.18,-15.1],[-42.15,-15.1],[-42.15,-15.12],[-42.13,-15.13],[-42.12,-15.14],[-42.11,-15.17],[-42.09,-15.19],[-42.07,-15.18],[-42.03,-15.17],[-42.0,-15.16],[-41.98,-15.17],[-41.95,-15.18],[-41.93,-15.17],[-41.91,-15.16],[-41.88,-15.14],[-41.87,-15.12],[-41.85,-15.12],[-41.82,-15.11],[-41.79,-15.11],[-41.63,-15.25],[-41.46,-15.4],[-41.36,-15.49],[-41.34,-15.64],[-41.33,-15.74],[-41.3,-15.74],[-41.28,-15.74],[-41.25,-15.75],[-41.21,-15.74],[-41.2,-15.75],[-41.17,-15.76],[-41.14,-15.77],[-41.13,-15.75],[-41.09,-15.74],[-41.08,-15.72],[-41.05,-15.72],[-41.04,-15.71],[-41.01,-15.71],[-40.99,-15.69],[-40.97,-15.67],[-40.96,-15.65],[-40.94,-15.66],[-40.91,-15.66],[-40.9,-15.69],[-40.88,-15.69],[-40.86,-15.69],[-40.84,-15.67],[-40.83,-15.65],[-40.79,-15.67],[-40.79,-15.69],[-40.77,-15.71],[-40.75,-15.71],[-40.74,-15.69],[-40.72,-15.67],[-40.7,-15.67],[-40.69,-15.69],[-40.67,-15.7],[-40.64,-15.73],[-40.63,-15.72],[-40.61,-15.73],[-40.6,-15.75],[-40.59,-15.77],[-40.57,-15.78],[-40.56,-15.8],[-40.54,-15.79],[-40.52,-15.8],[-40.51,-15.77],[-40.49,-15.77],[-40.47,-15.76],[-40.43,-15.78],[-40.42,-15.81],[-40.4,-15.82],[-40.38,-15.82],[-40.36,-15.81],[-40.34,-15.82],[-40.31,-15.82],[-40.29,-15.82],[-40.27,-15.82],[-40.24,-15.8],[-40.22,-15.82],[-40.21,-15.84],[-40.2,-15.86],[-40.17,-15.87],[-40.17,-15.89],[-40.15,-15.9],[-40.13,-15.91],[-40.1,-15.91],[-40.08,-15.9],[-40.08,-15.92],[-40.07,-15.93],[-40.06,-15.95],[-40.04,-15.97],[-40.03,-15.98],[-40.01,-15.99],[-39.98,-16.0],[-39.95,-15.99],[-39.92,-15.99],[-39.94,-16.02],[-39.9,-16.05],[-39.88,-16.07],[-39.88,-16.09],[-39.86,-16.11],[-39.87,-16.13],[-39.89,-16.14],[-39.88,-16.16],[-39.88,-16.19],[-39.9,-16.21],[-39.94,-16.24],[-39.92,-16.26],[-39.92,-16.28],[-39.94,-16.29],[-39.96,-16.32],[-39.98,-16.31],[-40.0,-16.33],[-40.01,-16.35],[-40.03,-16.37],[-40.04,-16.4],[-40.05,-16.43],[-40.07,-16.46],[-40.09,-16.45],[-40.1,-16.42],[-40.11,-16.45],[-40.14,-16.5],[-40.16,-16.51],[-40.17,-16.53],[-40.16,-16.55],[-40.16,-16.58],[-40.19,-16.57],[-40.21,-16.57],[-40.23,-16.56],[-40.25,-16.57],[-40.28,-16.57],[-40.29,-16.6],[-40.29,-16.62],[-40.3,-16.65],[-40.31,-16.68],[-40.3,-16.7],[-40.31,-16.72],[-40.32,-16.74],[-40.34,-16.78],[-40.32,-16.8],[-40.3,-16.8],[-40.27,-16.79],[-40.26,-16.82],[-40.25,-16.84],[-40.25,-16.86],[-40.27,-16.87],[-40.28,-16.9],[-40.3,-16.89],[-40.32,-16.9],[-40.35,-16.9],[-40.37,-16.87],[-40.39,-16.89],[-40.42,-16.9],[-40.44,-16.89],[-40.45,-16.88],[-40.48,-16.88],[-40.49,-16.9],[-40.5,-16.93],[-40.52,-16.96],[-40.53,-16.98],[-40.55,-17.01],[-40.57,-17.06],[-40.56,-17.08],[-40.56,-17.13],[-40.58,-17.15],[-40.57,-17.18],[-40.55,-17.19],[-40.56,-17.21],[-40.56,-17.24],[-40.56,-17.27],[-40.57,-17.29],[-40.58,-17.31],[-40.6,-17.32],[-40.59,-17.34],[-40.6,-17.36],[-40.6,-17.39],[-40.62,-17.41],[-40.6,-17.42],[-40.58,-17.41],[-40.56,-17.43],[-40.52,-17.45],[-40.51,-17.47],[-40.49,-17.49],[-40.49,-17.51],[-40.47,-17.53],[-40.46,-17.57],[-40.44,-17.57],[-40.41,-17.57],[-40.41,-17.59],[-40.41,-17.61],[-40.4,-17.63],[-40.38,-17.61],[-40.36,-17.64],[-40.35,-17.61],[-40.33,-17.63],[-40.33,-17.65],[-40.31,-17.67],[-40.3,-17.68],[-40.29,-17.7],[-40.28,-17.72],[-40.26,-17.72],[-40.24,-17.73],[-40.21,-17.75],[-40.21,-17.78],[-40.2,-17.8],[-40.2,-17.83],[-40.17,-17.85],[-40.21,-17.9],[-40.23,-17.91],[-40.26,-17.92],[-40.24,-17.95],[-40.22,-17.98],[-40.24,-17.97],[-40.27,-17.96],[-40.29,-17.95],[-40.31,-17.94],[-40.33,-17.93],[-40.36,-17.93],[-40.38,-17.93],[-40.4,-17.93],[-40.42,-17.92],[-40.45,-17.92],[-40.48,-17.92],[-40.5,-17.91],[-40.52,-17.89],[-40.55,-17.91],[-40.57,-17.92],[-40.58,-17.93],[-40.61,-17.94],[-40.62,-17.96],[-40.63,-17.99],[-40.65,-17.99],[-40.66,-18.01],[-40.68,-18.01],[-40.7,-18.02],[-40.72,-18.0],[-40.74,-18.0],[-40.77,-18.0],[-40.77,-17.98],[-40.79,-17.98],[-40.8,-17.96],[-40.82,-17.96],[-40.86,-17.98],[-40.88,-17.97],[-40.9,-17.98],[-40.77,-18.11],[-40.77,-18.16],[-40.79,-18.16],[-40.82,-18.15],[-40.85,-18.15],[-40.87,-18.13],[-40.89,-18.12],[-40.9,-18.11],[-40.92,-18.13],[-40.95,-18.13],[-40.95,-18.15],[-40.98,-18.14],[-40.99,-18.17],[-41.01,-18.17],[-41.03,-18.16],[-41.06,-18.17],[-41.09,-18.2],[-41.1,-18.21],[-41.09,-18.23],[-41.1,-18.26],[-41.13,-18.28],[-41.15,-18.3],[-41.15,-18.33],[-41.15,-18.36],[-41.16,-18.38],[-41.16,-18.4],[-41.18,-18.44],[-41.02,-18.46],[-41.02,-18.48],[-41.03,-18.53],[-41.04,-18.6],[-41.04,-18.63],[-41.04,-18.65],[-41.02,-18.65],[-41.0,-18.67],[-40.97,-18.68],[-40.95,-18.68],[-40.94,-18.74],[-40.94,-18.77],[-40.93,-18.79],[-40.92,-18.81],[-40.94,-18.83],[-40.96,-18.83],[-40.99,-18.84],[-41.03,-18.84],[-41.08,-18.84],[-41.11,-18.84],[-41.12,-18.82],[-41.13,-18.8],[-41.23,-18.8],[-41.25,-18.82],[-41.24,-18.84],[-41.23,-18.86],[-41.21,-18.88],[-41.21,-18.85],[-41.19,-18.86],[-41.17,-18.86],[-41.15,-18.89],[-41.13,-18.89],[-41.11,-18.91],[-41.1,-18.93],[-41.08,-18.94],[-41.06,-18.95],[-41.05,-18.97],[-41.03,-18.97],[-41.05,-19.0],[-41.07,-19.02],[-41.06,-19.04],[-41.05,-19.06],[-41.04,-19.07],[-41.01,-19.08],[-41.01,-19.1],[-40.98,-19.1],[-40.97,-19.12],[-40.96,-19.14],[-40.95,-19.16],[-40.94,-19.18],[-40.93,-19.2],[-40.93,-19.22],[-40.93,-19.24],[-40.92,-19.26],[-40.93,-19.27],[-40.93,-19.29],[-40.91,-19.31],[-40.92,-19.33],[-40.94,-19.35],[-40.93,-19.37],[-40.96,-19.4],[-40.96,-19.42],[-40.96,-19.44],[-40.94,-19.46],[-40.97,-19.49],[-41.01,-19.51],[-41.03,-19.5],[-41.05,-19.49],[-41.04,-19.51],[-41.04,-19.54],[-41.04,-19.57],[-41.06,-19.58],[-41.07,-19.59],[-41.09,-19.6],[-41.11,-19.64],[-41.13,-19.64],[-41.15,-19.66],[-41.17,-19.67],[-41.17,-19.69],[-41.17,-19.72],[-41.18,-19.74],[-41.17,-19.77],[-41.17,-19.79],[-41.18,-19.83],[-41.18,-19.85],[-41.18,-19.89],[-41.2,-19.9],[-41.23,-19.91],[-41.24,-19.94],[-41.27,-19.94],[-41.3,-19.94],[-41.31,-19.96],[-41.31,-19.99],[-41.31,-20.01],[-41.32,-20.04],[-41.33,-20.06],[-41.34,-20.09],[-41.35,-20.12],[-41.36,-20.14],[-41.37,-20.16],[-41.38,-20.19],[-41.4,-20.2],[-41.42,-20.21],[-41.56,-20.21],[-41.67,-20.21],[-41.75,-20.21],[-41.77,-20.22],[-41.77,-20.25],[-41.78,-20.28],[-41.79,-20.3],[-41.81,-20.31],[-41.83,-20.33],[-41.85,-20.35],[-41.86,-20.37],[-41.83,-20.41],[-41.8,-20.42],[-41.8,-20.44],[-41.8,-20.48],[-41.81,-20.5],[-41.8,-20.54],[-41.83,-20.56],[-41.84,-20.59],[-41.85,-20.61],[-41.83,-20.62],[-41.81,-20.64],[-41.83,-20.66],[-41.84,-20.68],[-41.85,-20.7],[-41.86,-20.72],[-41.86,-20.75],[-41.88,-20.76],[-41.88,-20.78],[-41.9,-20.79],[-41.93,-20.79],[-41.93,-20.83],[-41.94,-20.85],[-41.95,-20.87],[-41.96,-20.89],[-41.97,-20.92],[-41.98,-20.94],[-42.0,-20.93],[-42.02,-20.92],[-42.05,-20.93],[-42.07,-20.94],[-42.09,-20.94],[-42.11,-20.95],[-42.14,-20.96],[-42.15,-20.98],[-42.13,-21.0],[-42.11,-21.01],[-42.08,-21.02],[-42.1,-21.04],[-42.12,-21.07],[-42.13,-21.09],[-42.16,-21.1],[-42.17,-21.13],[-42.19,-21.15],[-42.2,-21.17],[-42.2,-21.2],[-42.2,-21.22],[-42.19,-21.24],[-42.2,-21.26],[-42.22,-21.28],[-42.23,-21.31],[-42.23,-21.33],[-42.23,-21.35],[-42.24,-21.37],[-42.25,-21.39],[-42.26,-21.41],[-42.28,-21.42],[-42.29,-21.44],[-42.28,-21.47],[-42.25,-21.49],[-42.27,-21.5],[-42.29,-21.53],[-42.31,-21.53],[-42.31,-21.55],[-42.33,-21.56],[-42.35,-21.58],[-42.37,-21.62],[-42.37,-21.64],[-42.35,-21.64],[-42.34,-21.66],[-42.32,-21.65],[-42.28,-21.67],[-42.27,-21.69],[-42.27,-21.71],[-42.3,-21.73],[-42.34,-21.75],[-42.36,-21.74],[-42.38,-21.75],[-42.43,-21.77],[-42.46,-21.78],[-42.56,-21.83],[-42.58,-21.84],[-42.6,-21.85],[-42.62,-21.86],[-42.65,-21.87],[-42.67,-21.88],[-42.7,-21.89],[-42.73,-21.9],[-42.76,-21.91],[-42.78,-21.92],[-42.82,-21.94],[-42.88,-21.96],[-42.91,-21.99],[-42.95,-22.01],[-42.97,-22.01],[-42.99,-22.03],[-43.03,-22.04],[-43.03,-22.06],[-43.05,-22.08],[-43.07,-22.09],[-43.09,-22.09],[-43.12,-22.09],[-43.14,-22.11],[-43.15,-22.08],[-43.13,-22.06],[-43.13,-22.04],[-43.15,-22.03],[-43.18,-22.02],[-43.2,-22.03],[-43.22,-22.03],[-43.24,-22.01],[-43.26,-22.01],[-43.28,-22.01],[-43.32,-22.02],[-43.34,-22.01],[-43.37,-22.01],[-43.42,-22.05],[-43.44,-22.06],[-43.46,-22.07],[-43.48,-22.07],[-43.51,-22.07],[-43.56,-22.08],[-43.58,-22.07],[-43.61,-22.07],[-43.63,-22.07],[-43.65,-22.07],[-43.67,-22.09],[-43.69,-22.07],[-43.71,-22.08],[-43.73,-22.1],[-43.76,-22.08],[-43.78,-22.07],[-43.8,-22.08],[-43.82,-22.09],[-43.84,-22.1],[-43.87,-22.1],[-43.89,-22.11],[-43.94,-22.13],[-43.96,-22.14],[-43.99,-22.15],[-44.0,-22.16],[-44.02,-22.15],[-44.05,-22.16],[-44.07,-22.16],[-44.09,-22.18],[-44.12,-22.19],[-44.13,-22.21],[-44.15,-22.22],[-44.16,-22.23],[-44.19,-22.24],[-44.21,-22.25],[-44.24,-22.27],[-44.26,-22.27],[-44.26,-22.24],[-44.28,-22.24],[-44.31,-22.25],[-44.34,-22.26],[-44.36,-22.25],[-44.38,-22.27],[-44.41,-22.25],[-44.44,-22.26],[-44.46,-22.27],[-44.49,-22.3],[-44.51,-22.31],[-44.53,-22.32],[-44.56,-22.33],[-44.58,-22.33],[-44.62,-22.33],[-44.63,-22.35],[-44.65,-22.36],[-44.66,-22.38],[-44.68,-22.37],[-44.71,-22.37],[-44.72,-22.36],[-44.74,-22.37],[-44.77,-22.38],[-44.79,-22.39],[-44.81,-22.4],[-44.82,-22.42],[-44.84,-22.43],[-44.87,-22.42],[-44.9,-22.45],[-44.94,-22.45],[-44.96,-22.47],[-44.99,-22.47],[-45.01,-22.47],[-45.04,-22.47],[-45.06,-22.47],[-45.08,-22.49],[-45.1,-22.49],[-45.13,-22.5],[-45.15,-22.51],[-45.16,-22.53],[-45.18,-22.55],[-45.2,-22.56],[-45.22,-22.56],[-45.26,-22.58],[-45.26,-22.6],[-45.29,-22.61],[-45.33,-22.62],[-45.35,-22.63],[-45.39,-22.65],[-45.41,-22.63],[-45.44,-22.62],[-45.45,-22.61],[-45.47,-22.59],[-45.49,-22.63],[-45.51,-22.64],[-45.53,-22.65],[-45.57,-22.66],[-45.55,-22.63],[-45.57,-22.61],[-45.59,-22.62],[-45.61,-22.63],[-45.65,-22.65],[-45.67,-22.65],[-45.68,-22.63],[-45.66,-22.6],[-45.66,-22.58],[-45.69,-22.58],[-45.72,-22.58],[-45.73,-22.6],[-45.73,-22.62],[-45.71,-22.64],[-45.72,-22.66],[-45.74,-22.66],[-45.76,-22.67],[-45.78,-22.68],[-45.81,-22.7],[-45.82,-22.72],[-45.81,-22.74],[-45.76,-22.72],[-45.73,-22.72],[-45.72,-22.75],[-45.71,-22.77],[-45.73,-22.79],[-45.72,-22.81],[-45.74,-22.81],[-45.77,-22.81],[-45.77,-22.84],[-45.79,-22.86],[-45.8,-22.83],[-45.82,-22.83],[-45.85,-22.84],[-45.86,-22.86],[-45.88,-22.87],[-45.89,-22.86],[-45.91,-22.83],[-45.93,-22.84],[-45.95,-22.85],[-45.98,-22.87],[-46.0,-22.88],[-46.03,-22.88],[-46.05,-22.9],[-46.07,-22.89],[-46.09,-22.89],[-46.12,-22.91],[-46.14,-22.92],[-46.14,-22.89],[-46.14,-22.86],[-46.16,-22.87],[-46.19,-22.87],[-46.23,-22.88],[-46.26,-22.89],[-46.28,-22.88],[-46.3,-22.9],[-46.32,-22.89],[-46.34,-22.9],[-46.36,-22.9],[-46.37,-22.88],[-46.37,-22.84],[-46.37,-22.82],[-46.36,-22.79],[-46.34,-22.78],[-46.35,-22.76],[-46.37,-22.75],[-46.41,-22.74],[-46.43,-22.74],[-46.45,-22.73],[-46.46,-22.71],[-46.48,-22.7],[-46.48,-22.68],[-46.46,-22.67],[-46.43,-22.66],[-46.41,-22.66],[-46.39,-22.66],[-46.41,-22.64],[-46.42,-22.62],[-46.42,-22.6],[-46.41,-22.59],[-46.43,-22.57],[-46.42,-22.56],[-46.41,-22.54],[-46.43,-22.55],[-46.45,-22.53],[-46.47,-22.52],[-46.49,-22.51],[-46.54,-22.49],[-46.53,-22.47],[-46.55,-22.46],[-46.57,-22.45],[-46.59,-22.44],[-46.61,-22.43],[-46.64,-22.43],[-46.67,-22.41],[-46.66,-22.39],[-46.66,-22.37],[-46.68,-22.36],[-46.7,-22.34],[-46.7,-22.32],[-46.72,-22.31],[-46.7,-22.3],[-46.71,-22.27],[-46.69,-22.25],[-46.68,-22.22],[-46.67,-22.18],[-46.65,-22.18],[-46.64,-22.16],[-46.61,-22.15],[-46.62,-22.13],[-46.63,-22.11],[-46.65,-22.09],[-46.67,-22.1],[-46.69,-22.09],[-46.72,-22.09],[-46.7,-22.07],[-46.67,-22.07],[-46.68,-22.04],[-46.68,-22.02],[-46.65,-22.02],[-46.63,-22.01],[-46.61,-22.0],[-46.63,-21.98],[-46.65,-21.95],[-46.67,-21.93],[-46.67,-21.91],[-46.65,-21.9],[-46.66,-21.87],[-46.67,-21.85],[-46.69,-21.84],[-46.67,-21.82],[-46.65,-21.79],[-46.64,-21.77],[-46.63,-21.74],[-46.62,-21.72],[-46.63,-21.7],[-46.62,-21.68],[-46.58,-21.68],[-46.57,-21.66],[-46.55,-21.64],[-46.53,-21.63],[-46.52,-21.61],[-46.52,-21.58],[-46.51,-21.57],[-46.51,-21.54],[-46.52,-21.52],[-46.52,-21.5],[-46.51,-21.48],[-46.52,-21.45],[-46.55,-21.44],[-46.57,-21.44],[-46.6,-21.44],[-46.62,-21.43],[-46.64,-21.41],[-46.65,-21.39],[-46.64,-21.37],[-46.67,-21.36],[-46.68,-21.38],[-46.71,-21.4],[-46.72,-21.39],[-46.76,-21.38],[-46.76,-21.36],[-46.79,-21.37],[-46.82,-21.37],[-46.84,-21.38],[-46.85,-21.39],[-46.87,-21.4],[-46.89,-21.42],[-46.91,-21.42],[-46.94,-21.42],[-46.96,-21.42],[-46.98,-21.43],[-47.01,-21.42],[-47.01,-21.4],[-47.01,-21.38],[-47.0,-21.36],[-47.02,-21.34],[-47.03,-21.31],[-47.04,-21.29],[-47.04,-21.27],[-47.05,-21.25],[-47.08,-21.24],[-47.07,-21.21],[-47.09,-21.21],[-47.12,-21.19],[-47.12,-21.15],[-47.13,-21.13],[-47.12,-21.11],[-47.14,-21.09],[-47.14,-21.07],[-47.15,-21.04],[-47.15,-21.01],[-47.14,-20.98],[-47.16,-20.97],[-47.18,-20.95],[-47.19,-20.93],[-47.21,-20.92],[-47.24,-20.88],[-47.23,-20.86],[-47.21,-20.83],[-47.22,-20.8],[-47.21,-20.78],[-47.18,-20.74],[-47.17,-20.72],[-47.15,-20.71],[-47.12,-20.71],[-47.1,-20.68],[-47.1,-20.66],[-47.11,-20.64],[-47.12,-20.61],[-47.13,-20.59],[-47.14,-20.57],[-47.14,-20.55],[-47.15,-20.52],[-47.18,-20.51],[-47.2,-20.5],[-47.23,-20.49],[-47.25,-20.48],[-47.27,-20.47],[-47.29,-20.45],[-47.29,-20.43],[-47.29,-20.4],[-47.29,-20.39],[-47.29,-20.36],[-47.29,-20.34],[-47.29,-20.32],[-47.28,-20.29],[-47.25,-20.27],[-47.23,-20.23],[-47.25,-20.19],[-47.26,-20.17],[-47.29,-20.15],[-47.31,-20.12],[-47.33,-20.11],[-47.35,-20.1],[-47.37,-20.08],[-47.4,-20.08],[-47.42,-20.06],[-47.44,-20.05],[-47.44,-20.03],[-47.43,-20.02],[-47.44,-20.0],[-47.46,-19.98],[-47.47,-19.96],[-47.5,-19.97],[-47.54,-19.98],[-47.58,-20.0],[-47.59,-20.02],[-47.61,-20.04],[-47.64,-20.05],[-47.66,-20.03],[-47.67,-20.01],[-47.7,-19.98],[-47.73,-19.99],[-47.76,-19.99],[-47.8,-19.98],[-47.83,-20.0],[-47.86,-19.99],[-47.87,-20.02],[-47.86,-20.05],[-47.87,-20.08],[-47.88,-20.1],[-47.89,-20.12],[-47.93,-20.11],[-47.95,-20.06],[-47.98,-20.03],[-47.99,-20.07],[-48.0,-20.1],[-48.02,-20.12],[-48.05,-20.13],[-48.07,-20.15],[-48.09,-20.15],[-48.12,-20.13],[-48.15,-20.12],[-48.16,-20.1],[-48.18,-20.1],[-48.18,-20.07],[-48.2,-20.04],[-48.23,-20.03],[-48.25,-20.04],[-48.25,-20.08],[-48.22,-20.11],[-48.25,-20.14],[-48.27,-20.14],[-48.29,-20.13],[-48.31,-20.12],[-48.34,-20.11],[-48.37,-20.12],[-48.41,-20.11],[-48.44,-20.12],[-48.46,-20.13],[-48.49,-20.14],[-48.51,-20.14],[-48.54,-20.13],[-48.58,-20.13],[-48.63,-20.16],[-48.65,-20.17],[-48.67,-20.16],[-48.69,-20.16],[-48.72,-20.15],[-48.75,-20.15],[-48.78,-20.16],[-48.82,-20.16],[-48.84,-20.17],[-48.86,-20.2],[-48.86,-20.23],[-48.88,-20.27],[-48.89,-20.29],[-48.88,-20.31],[-48.88,-20.35],[-48.87,-20.38],[-48.87,-20.4],[-48.88,-20.43],[-48.9,-20.44],[-48.96,-20.4],[-48.96,-20.28],[-48.96,-20.26],[-48.97,-20.21],[-48.98,-20.17],[-49.02,-20.15],[-49.06,-20.15],[-49.09,-20.21],[-49.12,-20.27],[-49.18,-20.31],[-49.22,-20.3],[-49.24,-20.29],[-49.26,-20.26],[-49.27,-20.23],[-49.3,-20.17],[-49.31,-20.12],[-49.31,-20.07],[-49.3,-20.02],[-49.27,-20.01],[-49.25,-20.0],[-49.25,-19.97],[-49.3,-19.96],[-49.32,-19.97],[-49.34,-19.98],[-49.41,-19.98],[-49.44,-19.98],[-49.49,-19.95],[-49.5,-19.92],[-49.52,-19.91],[-49.55,-19.91],[-49.58,-19.91],[-49.61,-19.92],[-49.63,-19.93],[-49.71,-19.93],[-49.75,-19.92],[-49.78,-19.92],[-49.83,-19.93],[-49.86,-19.95],[-49.88,-19.94],[-49.9,-19.94],[-49.96,-19.92],[-50.01,-19.93],[-50.04,-19.92],[-50.08,-19.89],[-50.1,-19.88],[-50.14,-19.87],[-50.16,-19.88],[-50.2,-19.87],[-50.22,-19.87],[-50.24,-19.88],[-50.29,-19.87],[-50.31,-19.87],[-50.34,-19.87],[-50.36,-19.86],[-50.41,-19.8],[-50.45,-19.79],[-50.49,-19.79],[-50.51,-19.8],[-50.55,-19.81],[-50.58,-19.82],[-50.59,-19.83],[-50.61,-19.86],[-50.64,-19.87],[-50.66,-19.9],[-50.68,-19.91],[-50.72,-19.93],[-50.78,-19.94],[-50.8,-19.95],[-50.82,-19.96],[-50.84,-19.97],[-50.87,-19.99],[-50.9,-19.99],[-50.93,-20.01],[-50.94,-20.03],[-50.97,-20.03],[-51.0,-20.08],[-51.02,-20.05],[-51.01,-20.02],[-51.0,-20.0],[-51.02,-19.97],[-51.01,-19.94],[-51.0,-19.92],[-51.02,-19.87],[-51.02,-19.84],[-51.02,-19.81],[-51.04,-19.78],[-51.03,-19.76],[-51.04,-19.74],[-51.04,-19.69],[-51.02,-19.66],[-51.0,-19.64],[-50.99,-19.6],[-50.97,-19.58],[-50.95,-19.59],[-50.92,-19.58],[-50.93,-19.55],[-50.94,-19.53],[-50.96,-19.5],[-50.96,-19.48],[-50.94,-19.47],[-50.84,-19.5],[-50.82,-19.47],[-50.84,-19.46],[-50.87,-19.43],[-50.87,-19.41],[-50.84,-19.35],[-50.83,-19.31],[-50.82,-19.29],[-50.79,-19.26],[-50.75,-19.24],[-50.74,-19.21],[-50.73,-19.19],[-50.68,-19.17],[-50.67,-19.15],[-50.65,-19.13],[-50.58,-19.14],[-50.57,-19.12],[-50.55,-19.11],[-50.52,-19.08],[-50.5,-19.04],[-50.49,-19.01],[-50.5,-18.98],[-50.51,-18.95],[-50.5,-18.93],[-50.47,-18.92],[-50.44,-18.89],[-50.42,-18.84],[-50.4,-18.82],[-50.38,-18.81],[-50.35,-18.76],[-50.33,-18.72],[-50.32,-18.71],[-50.29,-18.69],[-50.25,-18.68],[-50.22,-18.68],[-50.16,-18.66],[-50.08,-18.67],[-50.06,-18.65],[-50.04,-18.63],[-50.04,-18.61],[-50.02,-18.6],[-49.98,-18.6],[-49.96,-18.62],[-49.93,-18.62],[-49.9,-18.62],[-49.88,-18.61],[-49.87,-18.62],[-49.84,-18.64],[-49.79,-18.64],[-49.78,-18.63],[-49.76,-18.61],[-49.74,-18.62],[-49.71,-18.59],[-49.67,-18.59],[-49.65,-18.6],[-49.65,-18.57],[-49.63,-18.55],[-49.59,-18.54],[-49.56,-18.55],[-49.54,-18.53],[-49.55,-18.51],[-49.5,-18.49],[-49.49,-18.53],[-49.48,-18.56],[-49.43,-18.61],[-49.42,-18.64],[-49.39,-18.65],[-49.37,-18.63],[-49.34,-18.6],[-49.33,-18.57],[-49.3,-18.57],[-49.29,-18.54],[-49.27,-18.53],[-49.25,-18.52],[-49.23,-18.48],[-49.2,-18.46],[-49.2,-18.44],[-49.21,-18.42],[-49.19,-18.42],[-49.16,-18.41],[-49.13,-18.38],[-49.11,-18.39],[-49.09,-18.41],[-49.07,-18.41],[-49.04,-18.38],[-49.02,-18.37],[-49.0,-18.37],[-48.98,-18.36],[-48.97,-18.33],[-48.94,-18.31],[-48.92,-18.31],[-48.89,-18.32],[-48.87,-18.33],[-48.83,-18.35],[-48.83,-18.37],[-48.81,-18.37],[-48.78,-18.35],[-48.76,-18.34],[-48.73,-18.35],[-48.71,-18.34],[-48.68,-18.34],[-48.65,-18.34],[-48.63,-18.33],[-48.6,-18.33],[-48.57,-18.33],[-48.55,-18.33],[-48.54,-18.35],[-48.52,-18.37],[-48.49,-18.35],[-48.49,-18.37],[-48.45,-18.36],[-48.42,-18.36],[-48.4,-18.37],[-48.35,-18.37],[-48.31,-18.38],[-48.31,-18.36],[-48.29,-18.35],[-48.27,-18.33],[-48.25,-18.34],[-48.23,-18.35],[-48.2,-18.36],[-48.17,-18.37],[-48.15,-18.39],[-48.13,-18.42],[-48.1,-18.43],[-48.07,-18.43],[-48.06,-18.41],[-48.04,-18.43],[-48.01,-18.44],[-47.98,-18.44],[-47.98,-18.48],[-47.96,-18.5],[-47.94,-18.49],[-47.92,-18.47],[-47.9,-18.47],[-47.88,-18.47],[-47.87,-18.45],[-47.85,-18.44],[-47.83,-18.43],[-47.81,-18.41],[-47.79,-18.42],[-47.77,-18.42],[-47.75,-18.41],[-47.74,-18.38],[-47.72,-18.36],[-47.7,-18.38],[-47.69,-18.36],[-47.66,-18.33],[-47.63,-18.33],[-47.61,-18.31],[-47.63,-18.3],[-47.63,-18.28],[-47.62,-18.25],[-47.59,-18.24],[-47.57,-18.22],[-47.54,-18.19],[-47.54,-18.22],[-47.52,-18.21],[-47.5,-18.19],[-47.48,-18.19],[-47.47,-18.18],[-47.45,-18.16],[-47.43,-18.17],[-47.43,-18.14],[-47.41,-18.14],[-47.39,-18.12],[-47.37,-18.11],[-47.35,-18.1],[-47.32,-18.07],[-47.3,-18.07],[-47.28,-18.06],[-47.29,-18.03],[-47.3,-18.01],[-47.32,-17.99],[-47.31,-17.96],[-47.33,-17.95],[-47.34,-17.93],[-47.35,-17.9],[-47.36,-17.88],[-47.37,-17.83],[-47.36,-17.82],[-47.35,-17.8],[-47.34,-17.78],[-47.33,-17.76],[-47.32,-17.73],[-47.31,-17.7],[-47.3,-17.68],[-47.27,-17.67],[-47.28,-17.65],[-47.27,-17.64],[-47.27,-17.61],[-47.28,-17.58],[-47.31,-17.56],[-47.32,-17.53],[-47.34,-17.53],[-47.37,-17.52],[-47.4,-17.51],[-47.45,-17.53],[-47.47,-17.53],[-47.48,-17.51],[-47.49,-17.53],[-47.51,-17.49],[-47.51,-17.47],[-47.54,-17.46],[-47.53,-17.43],[-47.54,-17.41],[-47.54,-17.39],[-47.51,-17.37],[-47.52,-17.35],[-47.5,-17.34],[-47.49,-17.35],[-47.46,-17.36],[-47.44,-17.35],[-47.45,-17.33],[-47.44,-17.32],[-47.42,-17.3],[-47.43,-17.28],[-47.42,-17.27],[-47.41,-17.25],[-47.39,-17.25],[-47.38,-17.23],[-47.36,-17.22],[-47.36,-17.2],[-47.34,-17.19],[-47.35,-17.17],[-47.33,-17.16],[-47.31,-17.15],[-47.28,-17.14],[-47.28,-17.12],[-47.27,-17.1],[-47.26,-17.09],[-47.23,-17.09],[-47.21,-17.08],[-47.19,-17.07],[-47.18,-17.04],[-47.17,-17.05],[-47.15,-17.03],[-47.13,-17.01],[-47.15,-17.0],[-47.13,-16.99],[-47.14,-16.97],[-47.16,-16.95],[-47.17,-16.94],[-47.17,-16.92],[-47.18,-16.9],[-47.2,-16.89],[-47.21,-16.87],[-47.21,-16.84],[-47.21,-16.82],[-47.22,-16.8],[-47.23,-16.77],[-47.24,-16.75],[-47.23,-16.73],[-47.23,-16.71],[-47.25,-16.71],[-47.25,-16.68],[-47.25,-16.66],[-47.28,-16.66],[-47.28,-16.64],[-47.3,-16.63],[-47.32,-16.62],[-47.34,-16.6],[-47.36,-16.59],[-47.38,-16.6],[-47.39,-16.58],[-47.41,-16.58],[-47.41,-16.56],[-47.43,-16.55],[-47.44,-16.53],[-47.46,-16.5],[-47.45,-16.47],[-47.44,-16.45],[-47.42,-16.42],[-47.43,-16.39],[-47.41,-16.38],[-47.38,-16.35],[-47.36,-16.31],[-47.35,-16.29],[-47.34,-16.26],[-47.32,-16.23],[-47.32,-16.21],[-47.33,-16.19],[-47.34,-16.16],[-47.35,-16.14],[-47.34,-16.12],[-47.33,-16.09],[-47.31,-16.09],[-47.31,-16.07],[-47.31,-16.04],[-47.3,-16.02],[-47.28,-16.01],[-47.26,-16.02],[-47.24,-16.01],[-47.22,-16.0],[-47.2,-15.99],[-47.18,-15.98],[-47.17,-15.96],[-47.16,-15.94],[-47.14,-15.93],[-47.12,-15.95],[-47.1,-15.96],[-47.05,-15.94],[-46.96,-15.92],[-46.87,-15.9],[-46.82,-15.89],[-46.81,-15.87],[-46.82,-15.83],[-46.82,-15.81],[-46.81,-15.79],[-46.83,-15.75],[-46.84,-15.71],[-46.86,-15.68],[-46.85,-15.65],[-46.85,-15.62],[-46.88,-15.61],[-46.9,-15.59],[-46.92,-15.59],[-46.94,-15.57],[-46.94,-15.52],[-46.93,-15.48],[-46.93,-15.44],[-46.91,-15.41],[-46.85,-15.37],[-46.87,-15.36],[-46.85,-15.35],[-46.84,-15.32],[-46.87,-15.29],[-46.89,-15.27],[-46.89,-15.23],[-46.91,-15.25],[-46.94,-15.23],[-46.94,-15.2],[-46.92,-15.18],[-46.91,-15.16],[-46.9,-15.13],[-46.9,-15.1],[-46.91,-15.08],[-46.92,-15.06],[-46.87,-15.03],[-46.86,-15.01],[-46.82,-15.01],[-46.78,-15.02],[-46.75,-15.03],[-46.73,-15.04],[-46.68,-15.06],[-46.66,-15.08],[-46.63,-15.09],[-46.6,-15.09],[-46.58,-15.08],[-46.55,-15.06],[-46.53,-15.06],[-46.51,-15.06],[-46.52,-15.01],[-46.53,-14.99],[-46.53,-14.96],[-46.54,-14.94],[-46.54,-14.9],[-46.52,-14.85],[-46.53,-14.83],[-46.56,-14.82],[-46.56,-14.8],[-46.55,-14.77],[-46.54,-14.75],[-46.52,-14.74],[-46.51,-14.73],[-46.5,-14.7],[-46.47,-14.7],[-46.46,-14.73],[-46.44,-14.74],[-46.42,-14.76],[-46.39,-14.78],[-46.37,-14.79],[-46.34,-14.8],[-46.32,-14.83],[-46.31,-14.85],[-46.31,-14.88],[-46.32,-14.9],[-46.3,-14.91],[-46.29,-14.93],[-46.26,-14.93],[-46.23,-14.92],[-46.22,-14.94],[-46.18,-14.95],[-46.16,-14.93],[-46.17,-14.91],[-46.15,-14.92],[-46.12,-14.92],[-46.09,-14.94],[-46.08,-14.9],[-46.06,-14.89],[-46.04,-14.88],[-46.02,-14.88],[-46.0,-14.9],[-46.01,-14.92],[-45.99,-14.94],[-45.97,-14.97],[-45.97,-14.99],[-45.98,-15.04],[-46.02,-15.08],[-46.03,-15.1],[-46.04,-15.12],[-46.04,-15.14],[-46.05,-15.17],[-46.07,-15.18],[-46.09,-15.18],[-46.12,-15.19],[-46.11,-15.21],[-46.1,-15.24],[-46.08,-15.25],[-46.05,-15.26],[-46.05,-15.24],[-46.04,-15.22],[-46.01,-15.2],[-45.98,-15.2],[-45.98,-15.18],[-45.97,-15.15],[-45.95,-15.14],[-45.92,-15.13],[-45.87,-15.16],[-45.85,-15.14],[-45.83,-15.13],[-45.81,-15.11],[-45.79,-15.11],[-45.76,-15.12],[-45.72,-15.11],[-45.71,-15.09],[-45.69,-15.09],[-45.66,-15.05],[-45.65,-15.03],[-45.62,-15.02],[-45.61,-15.0],[-45.59,-14.98],[-45.57,-14.96],[-45.55,-14.94],[-45.52,-14.95],[-45.5,-14.95],[-45.47,-14.95],[-45.45,-14.94],[-45.43,-14.92],[-45.4,-14.92],[-45.38,-14.9],[-45.36,-14.87],[-45.34,-14.86],[-45.32,-14.85],[-45.32,-14.83],[-45.3,-14.83],[-45.28,-14.81],[-45.26,-14.8],[-45.24,-14.79],[-45.23,-14.77],[-45.21,-14.74],[-45.18,-14.74],[-45.16,-14.73],[-45.13,-14.75],[-45.1,-14.75],[-45.06,-14.73],[-45.05,-14.7],[-45.04,-14.68],[-45.01,-14.67],[-45.0,-14.66],[-44.97,-14.65],[-44.96,-14.63],[-44.94,-14.63],[-44.92,-14.62],[-44.9,-14.6],[-44.88,-14.59],[-44.86,-14.58],[-44.84,-14.57],[-44.85,-14.55],[-44.82,-14.54],[-44.84,-14.52],[-44.82,-14.5],[-44.79,-14.5],[-44.77,-14.48],[-44.75,-14.47],[-44.73,-14.46],[-44.7,-14.45],[-44.69,-14.42],[-44.67,-14.42],[-44.66,-14.4],[-44.64,-14.39],[-44.62,-14.37],[-44.6,-14.37],[-44.58,-14.35],[-44.57,-14.34],[-44.54,-14.34],[-44.53,-14.33],[-44.51,-14.33],[-44.49,-14.33],[-44.47,-14.32],[-44.44,-14.3],[-44.41,-14.28],[-44.39,-14.28],[-44.37,-14.27],[-44.35,-14.26],[-44.32,-14.24],[-44.3,-14.25],[-44.28,-14.25],[-44.26,-14.25],[-44.23,-14.25],[-44.21,-14.23],[-44.21,-14.24]]]]},"properties":{"sigla":"MG","name":"Minas Gerais"}},{"type":"Feature","geometry":{"type":"MultiPolygon","coordinates":[[[[-53.87,-17.92],[-53.85,-17.93],[-53.84,-17.95],[-53.82,-17.96],[-53.8,-17.97],[-53.79,-17.99],[-53.76,-18.0],[-53.74,-18.0],[-53.72,-18.0],[-53.69,-18.01],[-53.68,-17.99],[-53.66,-17.98],[-53.63,-17.98],[-53.61,-17.99],[-53.59,-18.0],[-53.56,-18.0],[-53.55,-18.01],[-53.52,-18.02],[-53.5,-18.04],[-53.48,-18.04],[-53.46,-18.02],[-53.45,-18.0],[-53.44,-17.98],[-53.42,-17.99],[-53.38,-18.01],[-53.36,-18.01],[-53.34,-18.01],[-53.3,-18.0],[-53.24,-18.01],[-53.22,-18.01],[-53.19,-18.03],[-53.17,-18.04],[-53.08,-18.04],[-53.1,-18.06],[-53.13,-18.06],[-53.14,-18.08],[-53.14,-18.12],[-53.13,-18.14],[-53.13,-18.16],[-53.11,-18.22],[-53.11,-18.25],[-53.1,-18.27],[-53.1,-18.29],[-53.1,-18.32],[-53.07,-18.34],[-53.04,-18.34],[-53.02,-18.35],[-53.02,-18.33],[-52.98,-18.3],[-52.95,-18.3],[-52.92,-18.3],[-52.88,-18.31],[-52.82,-18.31],[-52.8,-18.32],[-52.77,-18.34],[-52.76,-18.37],[-52.78,-18.39],[-52.79,-18.4],[-52.87,-18.43],[-52.88,-18.47],[-52.9,-18.48],[-52.92,-18.51],[-52.94,-18.52],[-52.96,-18.54],[-52.95,-18.56],[-52.94,-18.59],[-52.94,-18.61],[-52.91,-18.62],[-52.91,-18.64],[-52.87,-18.65],[-52.85,-18.66],[-52.83,-18.67],[-52.8,-18.67],[-52.77,-18.68],[-52.75,-18.69],[-52.72,-18.69],[-52.7,-18.68],[-52.67,-18.68],[-52.64,-18.69],[-52.62,-18.69],[-52.6,-18.69],[-52.57,-18.66],[-52.53,-18.66],[-52.5,-18.67],[-52.48,-18.69],[-52.45,-18.69],[-52.43,-18.73],[-52.41,-18.75],[-52.4,-18.76],[-52.38,-18.78],[-52.37,-18.79],[-52.35,-18.81],[-52.33,-18.83],[-52.31,-18.84],[-52.26,-18.83],[-52.23,-18.84],[-52.21,-18.85],[-52.19,-18.85],[-52.17,-18.86],[-52.15,-18.88],[-52.13,-18.9],[-52.11,-18.91],[-52.1,-18.94],[-52.08,-18.95],[-52.06,-18.95],[-52.04,-18.96],[-52.02,-18.96],[-52.0,-18.97],[-51.98,-18.98],[-51.96,-18.97],[-51.93,-18.98],[-51.91,-18.98],[-51.89,-19.01],[-51.88,-19.03],[-51.85,-19.05],[-51.82,-19.05],[-51.8,-19.07],[-51.78,-19.08],[-51.76,-19.09],[-51.74,-19.1],[-51.72,-19.11],[-51.7,-19.12],[-51.66,-19.14],[-51.64,-19.13],[-51.62,-19.14],[-51.6,-19.14],[-51.58,-19.13],[-51.55,-19.13],[-51.53,-19.14],[-51.51,-19.15],[-51.49,-19.16],[-51.47,-19.15],[-51.46,-19.17],[-51.44,-19.17],[-51.42,-19.17],[-51.4,-19.19],[-51.37,-19.19],[-51.36,-19.21],[-51.34,-19.21],[-51.31,-19.22],[-51.3,-19.24],[-51.28,-19.25],[-51.26,-19.27],[-51.23,-19.26],[-51.21,-19.27],[-51.19,-19.27],[-51.17,-19.29],[-51.14,-19.29],[-51.13,-19.3],[-51.11,-19.31],[-51.07,-19.32],[-51.05,-19.34],[-51.04,-19.36],[-51.02,-19.38],[-51.03,-19.4],[-51.01,-19.4],[-50.98,-19.41],[-50.98,-19.43],[-50.96,-19.44],[-50.95,-19.45],[-50.96,-19.48],[-50.96,-19.5],[-50.94,-19.53],[-50.93,-19.55],[-50.92,-19.58],[-50.94,-19.59],[-50.96,-19.58],[-50.99,-19.59],[-51.0,-19.64],[-51.02,-19.66],[-51.04,-19.69],[-51.04,-19.72],[-51.03,-19.76],[-51.04,-19.78],[-51.02,-19.81],[-51.02,-19.84],[-51.02,-19.87],[-51.0,-19.91],[-51.01,-19.94],[-51.02,-19.96],[-51.0,-20.0],[-51.01,-20.02],[-51.02,-20.05],[-51.01,-20.07],[-51.0,-20.1],[-51.03,-20.15],[-51.04,-20.18],[-51.05,-20.2],[-51.06,-20.23],[-51.07,-20.25],[-51.1,-20.27],[-51.13,-20.29],[-51.15,-20.3],[-51.24,-20.32],[-51.3,-20.33],[-51.32,-20.34],[-51.34,-20.36],[-51.36,-20.38],[-51.37,-20.4],[-51.39,-20.43],[-51.4,-20.45],[-51.42,-20.47],[-51.45,-20.48],[-51.46,-20.5],[-51.49,-20.55],[-51.52,-20.59],[-51.57,-20.62],[-51.59,-20.63],[-51.63,-20.72],[-51.63,-20.75],[-51.62,-20.78],[-51.63,-20.82],[-51.63,-20.85],[-51.62,-20.87],[-51.61,-20.89],[-51.62,-20.93],[-51.67,-20.97],[-51.71,-20.97],[-51.75,-21.01],[-51.77,-21.05],[-51.78,-21.07],[-51.79,-21.1],[-51.81,-21.12],[-51.84,-21.13],[-51.86,-21.13],[-51.88,-21.15],[-51.88,-21.18],[-51.86,-21.23],[-51.85,-21.26],[-51.86,-21.3],[-51.86,-21.34],[-51.91,-21.38],[-51.92,-21.41],[-51.92,-21.43],[-51.93,-21.46],[-51.95,-21.47],[-51.96,-21.5],[-52.0,-21.52],[-52.06,-21.5],[-52.08,-21.51],[-52.09,-21.54],[-52.1,-21.56],[-52.07,-21.6],[-52.06,-21.62],[-52.05,-21.64],[-52.08,-21.71],[-52.09,-21.73],[-52.14,-21.76],[-52.16,-21.77],[-52.18,-21.8],[-52.18,-21.82],[-52.19,-21.85],[-52.23,-21.88],[-52.25,-21.9],[-52.27,-21.91],[-52.31,-21.95],[-52.32,-21.97],[-52.34,-22.06],[-52.38,-22.11],[-52.4,-22.12],[-52.41,-22.14],[-52.46,-22.18],[-52.48,-22.2],[-52.49,-22.22],[-52.52,-22.23],[-52.55,-22.24],[-52.58,-22.25],[-52.6,-22.27],[-52.62,-22.28],[-52.66,-22.3],[-52.69,-22.31],[-52.72,-22.33],[-52.75,-22.34],[-52.8,-22.38],[-52.84,-22.41],[-52.85,-22.44],[-52.89,-22.45],[-52.95,-22.47],[-53.0,-22.49],[-53.01,-22.52],[-53.06,-22.54],[-53.08,-22.56],[-53.11,-22.6],[-53.1,-22.62],[-53.13,-22.65],[-53.18,-22.71],[-53.2,-22.73],[-53.24,-22.73],[-53.33,-22.76],[-53.35,-22.78],[-53.38,-22.8],[-53.4,-22.81],[-53.43,-22.83],[-53.45,-22.84],[-53.48,-22.86],[-53.53,-22.88],[-53.56,-22.91],[-53.57,-22.93],[-53.59,-22.94],[-53.61,-22.95],[-53.62,-22.97],[-53.63,-23.0],[-53.64,-23.12],[-53.66,-23.15],[-53.68,-23.21],[-53.71,-23.26],[-53.71,-23.28],[-53.73,-23.32],[-53.76,-23.36],[-53.82,-23.39],[-53.88,-23.42],[-53.93,-23.45],[-53.96,-23.44],[-53.98,-23.46],[-54.0,-23.51],[-54.01,-23.54],[-54.02,-23.59],[-54.03,-23.63],[-54.03,-23.65],[-54.04,-23.67],[-54.05,-23.72],[-54.08,-23.76],[-54.08,-23.81],[-54.08,-23.83],[-54.08,-23.86],[-54.08,-23.89],[-54.1,-23.95],[-54.13,-23.98],[-54.17,-24.0],[-54.24,-24.05],[-54.27,-24.06],[-54.3,-24.06],[-54.31,-24.03],[-54.32,-24.01],[-54.34,-24.0],[-54.37,-23.99],[-54.39,-23.98],[-54.41,-23.96],[-54.43,-23.93],[-54.44,-23.91],[-54.46,-23.9],[-54.48,-23.89],[-54.5,-23.88],[-54.52,-23.88],[-54.55,-23.87],[-54.57,-23.87],[-54.57,-23.85],[-54.59,-23.84],[-54.61,-23.85],[-54.62,-23.83],[-54.65,-23.83],[-54.66,-23.82],[-54.69,-23.83],[-54.7,-23.85],[-54.71,-23.86],[-54.73,-23.86],[-54.76,-23.86],[-54.78,-23.87],[-54.8,-23.88],[-54.82,-23.89],[-54.84,-23.89],[-54.86,-23.9],[-54.88,-23.9],[-54.9,-23.91],[-54.92,-23.92],[-54.93,-23.94],[-54.94,-23.96],[-54.96,-23.96],[-54.99,-23.96],[-55.02,-23.97],[-55.04,-23.98],[-55.06,-23.99],[-55.08,-23.98],[-55.1,-23.97],[-55.12,-23.98],[-55.14,-23.98],[-55.16,-23.99],[-55.18,-23.99],[-55.2,-24.0],[-55.25,-24.0],[-55.26,-23.99],[-55.28,-23.98],[-55.3,-23.96],[-55.32,-23.97],[-55.34,-23.99],[-55.36,-23.99],[-55.38,-23.98],[-55.4,-23.98],[-55.42,-23.96],[-55.43,-23.94],[-55.44,-23.92],[-55.44,-23.89],[-55.44,-23.87],[-55.44,-23.83],[-55.44,-23.81],[-55.43,-23.78],[-55.44,-23.76],[-55.44,-23.74],[-55.43,-23.72],[-55.46,-23.71],[-55.46,-23.69],[-55.47,-23.66],[-55.49,-23.64],[-55.51,-23.63],[-55.53,-23.63],[-55.53,-23.61],[-55.53,-23.59],[-55.53,-23.56],[-55.54,-23.53],[-55.55,-23.5],[-55.56,-23.49],[-55.55,-23.47],[-55.55,-23.45],[-55.53,-23.43],[-55.52,-23.41],[-55.51,-23.38],[-55.52,-23.36],[-55.53,-23.34],[-55.55,-23.32],[-55.55,-23.3],[-55.55,-23.28],[-55.53,-23.27],[-55.54,-23.24],[-55.55,-23.22],[-55.53,-23.21],[-55.53,-23.19],[-55.54,-23.17],[-55.57,-23.14],[-55.59,-23.15],[-55.6,-23.13],[-55.6,-23.1],[-55.62,-23.08],[-55.61,-23.06],[-55.62,-23.03],[-55.63,-23.0],[-55.63,-22.98],[-55.64,-22.96],[-55.64,-22.94],[-55.65,-22.91],[-55.65,-22.89],[-55.66,-22.87],[-55.66,-22.84],[-55.66,-22.82],[-55.65,-22.8],[-55.64,-22.78],[-55.62,-22.77],[-55.62,-22.74],[-55.61,-22.72],[-55.61,-22.7],[-55.61,-22.68],[-55.61,-22.66],[-55.62,-22.63],[-55.64,-22.61],[-55.66,-22.6],[-55.68,-22.59],[-55.69,-22.57],[-55.71,-22.56],[-55.73,-22.54],[-55.74,-22.53],[-55.75,-22.5],[-55.75,-22.48],[-55.74,-22.46],[-55.73,-22.44],[-55.74,-22.42],[-55.74,-22.39],[-55.76,-22.38],[-55.78,-22.38],[-55.8,-22.37],[-55.81,-22.35],[-55.83,-22.32],[-55.84,-22.3],[-55.85,-22.28],[-55.87,-22.28],[-55.9,-22.28],[-55.92,-22.28],[-55.94,-22.28],[-55.97,-22.29],[-55.99,-22.28],[-56.01,-22.29],[-56.03,-22.28],[-56.06,-22.28],[-56.08,-22.28],[-56.1,-22.28],[-56.12,-22.27],[-56.13,-22.28],[-56.15,-22.28],[-56.17,-22.28],[-56.19,-22.27],[-56.22,-22.27],[-56.23,-22.26],[-56.24,-22.24],[-56.26,-22.24],[-56.28,-22.23],[-56.3,-22.22],[-56.32,-22.21],[-56.34,-22.19],[-56.36,-22.17],[-56.37,-22.15],[-56.37,-22.13],[-56.38,-22.11],[-56.39,-22.1],[-56.39,-22.07],[-56.42,-22.08],[-56.44,-22.08],[-56.46,-22.08],[-56.48,-22.09],[-56.5,-22.1],[-56.52,-22.12],[-56.52,-22.14],[-56.54,-22.15],[-56.55,-22.17],[-56.55,-22.18],[-56.57,-22.21],[-56.59,-22.21],[-56.61,-22.22],[-56.62,-22.24],[-56.64,-22.26],[-56.66,-22.25],[-56.68,-22.24],[-56.68,-22.22],[-56.7,-22.24],[-56.71,-22.25],[-56.73,-22.25],[-56.75,-22.23],[-56.76,-22.25],[-56.78,-22.26],[-56.8,-22.25],[-56.8,-22.28],[-56.82,-22.3],[-56.85,-22.3],[-56.86,-22.29],[-56.88,-22.26],[-56.9,-22.25],[-56.92,-22.26],[-56.94,-22.26],[-56.96,-22.24],[-56.98,-22.24],[-57.0,-22.22],[-57.01,-22.23],[-57.04,-22.24],[-57.07,-22.24],[-57.09,-22.24],[-57.11,-22.24],[-57.13,-22.23],[-57.16,-22.23],[-57.18,-22.23],[-57.19,-22.22],[-57.21,-22.22],[-57.22,-22.24],[-57.24,-22.25],[-57.26,-22.24],[-57.28,-22.23],[-57.3,-22.22],[-57.32,-22.24],[-57.34,-22.23],[-57.36,-22.23],[-57.38,-22.23],[-57.39,-22.2],[-57.41,-22.2],[-57.43,-22.2],[-57.45,-22.19],[-57.47,-22.19],[-57.49,-22.18],[-57.52,-22.17],[-57.54,-22.18],[-57.56,-22.18],[-57.59,-22.17],[-57.59,-22.14],[-57.6,-22.13],[-57.61,-22.11],[-57.63,-22.1],[-57.66,-22.11],[-57.69,-22.09],[-57.7,-22.1],[-57.73,-22.1],[-57.73,-22.12],[-57.75,-22.13],[-57.78,-22.13],[-57.79,-22.14],[-57.82,-22.14],[-57.83,-22.12],[-57.85,-22.13],[-57.88,-22.13],[-57.9,-22.13],[-57.92,-22.12],[-57.93,-22.1],[-57.95,-22.09],[-57.98,-22.09],[-57.98,-22.07],[-58.01,-22.05],[-58.0,-22.03],[-57.97,-22.01],[-57.96,-21.99],[-57.95,-21.97],[-57.95,-21.95],[-57.94,-21.92],[-57.95,-21.9],[-57.93,-21.89],[-57.94,-21.86],[-57.96,-21.85],[-57.94,-21.83],[-57.92,-21.81],[-57.91,-21.77],[-57.93,-21.76],[-57.95,-21.74],[-57.92,-21.72],[-57.9,-21.7],[-57.88,-21.69],[-57.9,-21.67],[-57.93,-21.66],[-57.94,-21.64],[-57.94,-21.62],[-57.92,-21.6],[-57.91,-21.59],[-57.94,-21.57],[-57.96,-21.56],[-57.97,-21.54],[-57.96,-21.52],[-57.95,-21.5],[-57.93,-21.48],[-57.92,-21.46],[-57.91,-21.42],[-57.9,-21.39],[-57.88,-21.38],[-57.86,-21.35],[-57.85,-21.33],[-57.87,-21.31],[-57.89,-21.31],[-57.91,-21.3],[-57.92,-21.28],[-57.89,-21.26],[-57.88,-21.25],[-57.86,-21.23],[-57.85,-21.21],[-57.85,-21.19],[-57.85,-21.17],[-57.86,-21.14],[-57.85,-21.12],[-57.84,-21.1],[-57.86,-21.07],[-57.87,-21.05],[-57.86,-21.03],[-57.84,-21.02],[-57.83,-20.99],[-57.82,-20.97],[-57.82,-20.94],[-57.84,-20.94],[-57.86,-20.95],[-57.88,-20.92],[-57.89,-20.9],[-57.91,-20.9],[-57.9,-20.88],[-57.88,-20.86],[-57.86,-20.85],[-57.86,-20.83],[-57.87,-20.81],[-57.89,-20.79],[-57.92,-20.79],[-57.94,-20.8],[-57.95,-20.78],[-57.94,-20.76],[-57.92,-20.74],[-57.9,-20.75],[-57.87,-20.75],[-57.87,-20.72],[-57.89,-20.7],[-57.91,-20.67],[-57.93,-20.67],[-57.95,-20.7],[-57.98,-20.7],[-57.99,-20.68],[-57.98,-20.66],[-57.97,-20.64],[-57.99,-20.63],[-58.01,-20.62],[-58.01,-20.59],[-58.0,-20.57],[-58.01,-20.54],[-58.02,-20.52],[-58.01,-20.49],[-57.99,-20.45],[-58.0,-20.43],[-58.02,-20.4],[-58.05,-20.4],[-58.07,-20.39],[-58.08,-20.37],[-58.1,-20.34],[-58.1,-20.31],[-58.09,-20.27],[-58.1,-20.25],[-58.12,-20.25],[-58.14,-20.27],[-58.16,-20.26],[-58.17,-20.24],[-58.16,-20.22],[-58.13,-20.21],[-58.14,-20.18],[-58.16,-20.18],[-58.15,-20.15],[-58.13,-20.15],[-58.11,-20.14],[-58.1,-20.11],[-58.07,-20.11],[-58.05,-20.1],[-58.04,-20.08],[-58.03,-20.06],[-58.0,-20.06],[-57.98,-20.05],[-57.97,-20.03],[-57.95,-20.02],[-57.91,-20.03],[-57.89,-20.01],[-57.87,-20.0],[-57.86,-19.98],[-58.13,-19.76],[-58.01,-19.5],[-57.78,-19.03],[-57.71,-19.03],[-57.69,-19.01],[-57.7,-18.99],[-57.72,-18.98],[-57.72,-18.9],[-57.77,-18.9],[-57.56,-18.24],[-57.5,-18.23],[-57.47,-18.23],[-57.47,-18.21],[-57.49,-18.2],[-57.57,-18.13],[-57.6,-18.05],[-57.62,-18.0],[-57.63,-17.98],[-57.72,-17.83],[-57.68,-17.83],[-57.68,-17.81],[-57.72,-17.77],[-57.71,-17.73],[-57.73,-17.72],[-57.74,-17.7],[-57.75,-17.68],[-57.77,-17.66],[-57.78,-17.64],[-57.77,-17.61],[-57.78,-17.59],[-57.78,-17.57],[-57.76,-17.56],[-57.74,-17.54],[-57.71,-17.54],[-57.71,-17.57],[-57.7,-17.59],[-57.69,-17.63],[-57.68,-17.65],[-57.67,-17.66],[-57.68,-17.68],[-57.68,-17.72],[-57.67,-17.73],[-57.65,-17.72],[-57.62,-17.74],[-57.61,-17.77],[-57.6,-17.8],[-57.58,-17.8],[-57.56,-17.82],[-57.53,-17.84],[-57.51,-17.86],[-57.48,-17.86],[-57.46,-17.9],[-57.45,-17.88],[-57.42,-17.85],[-57.4,-17.85],[-57.38,-17.83],[-57.35,-17.84],[-57.32,-17.83],[-57.31,-17.81],[-57.29,-17.81],[-57.26,-17.82],[-57.23,-17.81],[-57.25,-17.79],[-57.23,-17.79],[-57.2,-17.79],[-57.17,-17.78],[-57.15,-17.77],[-57.13,-17.77],[-57.11,-17.77],[-57.09,-17.75],[-57.07,-17.74],[-57.05,-17.73],[-57.04,-17.7],[-57.02,-17.69],[-57.01,-17.67],[-56.99,-17.66],[-56.96,-17.61],[-56.98,-17.61],[-56.98,-17.58],[-56.96,-17.57],[-56.95,-17.56],[-56.92,-17.54],[-56.9,-17.54],[-56.88,-17.53],[-56.86,-17.5],[-56.86,-17.48],[-56.85,-17.46],[-56.82,-17.46],[-56.84,-17.44],[-56.82,-17.43],[-56.84,-17.42],[-56.83,-17.39],[-56.8,-17.39],[-56.79,-17.37],[-56.76,-17.36],[-56.76,-17.34],[-56.74,-17.32],[-56.72,-17.31],[-56.7,-17.32],[-56.67,-17.32],[-56.65,-17.33],[-56.63,-17.33],[-56.61,-17.33],[-56.58,-17.33],[-56.56,-17.32],[-56.53,-17.31],[-56.51,-17.31],[-56.5,-17.29],[-56.48,-17.3],[-56.46,-17.31],[-56.44,-17.33],[-56.42,-17.31],[-56.39,-17.3],[-56.36,-17.28],[-56.34,-17.29],[-56.31,-17.27],[-56.29,-17.27],[-56.29,-17.25],[-56.27,-17.24],[-56.25,-17.22],[-56.23,-17.23],[-56.21,-17.23],[-56.2,-17.21],[-56.18,-17.19],[-56.16,-17.19],[-56.14,-17.18],[-56.12,-17.17],[-56.1,-17.17],[-56.07,-17.17],[-56.05,-17.19],[-56.02,-17.19],[-56.02,-17.22],[-56.01,-17.24],[-55.99,-17.24],[-55.97,-17.25],[-55.95,-17.25],[-55.94,-17.28],[-55.93,-17.26],[-55.89,-17.26],[-55.86,-17.28],[-55.84,-17.3],[-55.82,-17.3],[-55.78,-17.33],[-55.76,-17.32],[-55.74,-17.34],[-55.72,-17.35],[-55.7,-17.35],[-55.68,-17.34],[-55.66,-17.34],[-55.65,-17.36],[-55.64,-17.34],[-55.63,-17.36],[-55.61,-17.36],[-55.59,-17.37],[-55.58,-17.39],[-55.58,-17.42],[-55.57,-17.43],[-55.55,-17.45],[-55.54,-17.47],[-55.51,-17.48],[-55.49,-17.48],[-55.46,-17.49],[-55.44,-17.51],[-55.42,-17.51],[-55.39,-17.52],[-55.37,-17.52],[-55.35,-17.53],[-55.34,-17.55],[-55.32,-17.55],[-55.29,-17.54],[-55.28,-17.56],[-55.26,-17.58],[-55.24,-17.59],[-55.22,-17.61],[-55.19,-17.62],[-55.17,-17.63],[-55.14,-17.64],[-55.11,-17.64],[-55.1,-17.63],[-55.07,-17.63],[-55.05,-17.64],[-55.03,-17.64],[-55.01,-17.63],[-54.99,-17.63],[-54.97,-17.62],[-54.95,-17.61],[-54.91,-17.61],[-54.88,-17.62],[-54.86,-17.62],[-54.84,-17.61],[-54.82,-17.6],[-54.8,-17.58],[-54.78,-17.57],[-54.76,-17.57],[-54.76,-17.54],[-54.75,-17.52],[-54.73,-17.52],[-54.7,-17.51],[-54.68,-17.5],[-54.66,-17.5],[-54.64,-17.5],[-54.61,-17.49],[-54.59,-17.48],[-54.57,-17.47],[-54.54,-17.48],[-54.5,-17.48],[-54.48,-17.49],[-54.48,-17.51],[-54.47,-17.53],[-54.44,-17.53],[-54.41,-17.54],[-54.4,-17.56],[-54.38,-17.57],[-54.38,-17.59],[-54.39,-17.63],[-54.35,-17.65],[-54.34,-17.66],[-54.31,-17.66],[-54.29,-17.66],[-54.25,-17.64],[-54.22,-17.62],[-54.2,-17.61],[-54.18,-17.6],[-54.15,-17.61],[-54.13,-17.62],[-54.11,-17.62],[-54.08,-17.62],[-54.07,-17.6],[-54.05,-17.56],[-54.05,-17.54],[-54.06,-17.52],[-54.04,-17.5],[-54.03,-17.48],[-53.99,-17.47],[-53.97,-17.47],[-53.95,-17.46],[-53.93,-17.44],[-53.92,-17.42],[-53.9,-17.4],[-53.88,-17.39],[-53.87,-17.37],[-53.83,-17.35],[-53.82,-17.29],[-53.8,-17.29],[-53.77,-17.26],[-53.76,-17.24],[-53.73,-17.23],[-53.71,-17.23],[-53.69,-17.25],[-53.71,-17.66],[-53.73,-17.66],[-53.76,-17.67],[-53.78,-17.68],[-53.81,-17.67],[-53.84,-17.69],[-53.86,-17.71],[-53.88,-17.73],[-53.89,-17.75],[-53.9,-17.77],[-53.91,-17.79],[-53.92,-17.81],[-53.94,-17.84],[-53.95,-17.86],[-53.96,-17.88],[-53.95,-17.9],[-53.95,-17.92],[-53.93,-17.91],[-53.91,-17.91],[-53.88,-17.91],[-53.87,-17.92]]],[[[-53.87,-17.92],[-53.87,-17.92],[-53.87,-17.92],[-53.87,-17.92]]]]},"properties":{"sigla":"MS","name":"Mato Grosso do Sul"}},{"type":"Feature","geometry":{"type":"MultiPolygon","coordinates":[[[[-60.36,-13.3],[-60.35,-13.28],[-60.33,-13.26],[-60.33,-13.23],[-60.31,-13.2],[-60.3,-13.18],[-60.27,-13.14],[-60.28,-13.12],[-60.28,-13.1],[-60.27,-13.08],[-60.25,-13.06],[-60.24,-13.03],[-60.21,-13.03],[-60.21,-13.0],[-60.19,-12.98],[-60.17,-12.97],[-60.15,-12.96],[-60.13,-12.96],[-60.1,-12.92],[-60.09,-12.9],[-60.08,-12.84],[-60.08,-12.8],[-60.07,-12.77],[-60.09,-12.75],[-60.09,-12.72],[-60.08,-12.69],[-60.08,-12.66],[-60.06,-12.64],[-60.07,-12.62],[-60.04,-12.6],[-60.03,-12.58],[-60.02,-12.56],[-60.0,-12.54],[-59.97,-12.53],[-59.96,-12.5],[-59.94,-12.49],[-59.91,-12.48],[-59.89,-12.47],[-59.87,-12.48],[-59.85,-12.47],[-59.84,-12.43],[-59.83,-12.41],[-59.82,-12.39],[-59.81,-12.37],[-59.8,-12.35],[-59.77,-12.34],[-59.83,-12.29],[-59.89,-12.25],[-59.9,-12.22],[-59.91,-12.19],[-59.9,-12.17],[-59.9,-12.12],[-59.91,-12.1],[-59.93,-12.08],[-59.95,-12.07],[-59.96,-12.05],[-59.98,-12.03],[-59.97,-12.01],[-59.98,-11.99],[-59.97,-11.97],[-59.98,-11.95],[-59.99,-11.93],[-59.99,-11.91],[-60.01,-11.89],[-60.03,-11.9],[-60.06,-11.89],[-60.07,-11.88],[-60.08,-11.86],[-60.1,-11.85],[-60.1,-11.82],[-60.1,-11.8],[-60.1,-11.78],[-60.11,-11.76],[-60.12,-11.73],[-60.12,-11.71],[-60.12,-11.69],[-60.11,-11.66],[-60.11,-11.64],[-60.11,-11.62],[-60.11,-11.6],[-60.1,-11.58],[-60.09,-11.55],[-60.06,-11.54],[-60.04,-11.52],[-60.03,-11.5],[-60.01,-11.49],[-59.98,-11.47],[-59.98,-11.44],[-59.95,-11.44],[-59.93,-11.42],[-59.92,-11.4],[-59.92,-11.37],[-59.92,-11.35],[-59.93,-11.31],[-59.95,-11.3],[-59.96,-11.28],[-59.97,-11.26],[-59.98,-11.23],[-59.98,-11.2],[-59.96,-11.19],[-59.99,-11.17],[-60.0,-11.15],[-59.98,-11.14],[-59.99,-11.11],[-60.01,-11.12],[-60.03,-11.12],[-60.07,-11.13],[-60.07,-11.1],[-60.1,-11.11],[-60.13,-11.1],[-60.15,-11.1],[-60.18,-11.1],[-60.19,-11.11],[-60.21,-11.11],[-60.23,-11.1],[-60.26,-11.09],[-60.28,-11.06],[-60.3,-11.06],[-60.33,-11.08],[-60.35,-11.1],[-60.37,-11.1],[-60.39,-11.09],[-60.4,-11.07],[-60.41,-11.05],[-60.43,-11.04],[-60.44,-11.02],[-60.45,-10.99],[-60.83,-10.99],[-60.97,-10.99],[-61.0,-10.99],[-61.43,-10.99],[-61.55,-10.99],[-61.53,-10.98],[-61.53,-10.96],[-61.52,-10.92],[-61.52,-10.9],[-61.52,-10.84],[-61.51,-10.82],[-61.51,-10.79],[-61.49,-10.8],[-61.48,-10.77],[-61.48,-10.74],[-61.48,-10.72],[-61.5,-10.7],[-61.49,-10.68],[-61.48,-10.65],[-61.49,-10.63],[-61.48,-10.61],[-61.48,-10.57],[-61.47,-10.54],[-61.48,-10.49],[-61.47,-10.46],[-61.46,-10.44],[-61.47,-10.42],[-61.48,-10.4],[-61.5,-10.38],[-61.5,-10.35],[-61.52,-10.33],[-61.54,-10.32],[-61.55,-10.28],[-61.57,-10.26],[-61.58,-10.23],[-61.57,-10.21],[-61.56,-10.19],[-61.58,-10.16],[-61.6,-10.15],[-61.59,-10.12],[-61.59,-10.1],[-61.58,-10.08],[-61.58,-10.06],[-61.56,-10.04],[-61.54,-10.0],[-61.53,-9.97],[-61.52,-9.95],[-61.52,-9.93],[-61.52,-9.91],[-61.51,-9.86],[-61.52,-9.82],[-61.52,-9.8],[-61.55,-9.79],[-61.53,-9.76],[-61.54,-9.73],[-61.57,-9.73],[-61.55,-9.71],[-61.53,-9.71],[-61.5,-9.69],[-61.51,-9.66],[-61.48,-9.64],[-61.5,-9.62],[-61.5,-9.59],[-61.5,-9.57],[-61.51,-9.54],[-61.53,-9.53],[-61.55,-9.51],[-61.53,-9.5],[-61.56,-9.49],[-61.58,-9.47],[-61.56,-9.44],[-61.55,-9.42],[-61.56,-9.4],[-61.57,-9.38],[-61.6,-9.37],[-61.63,-9.36],[-61.62,-9.34],[-61.61,-9.32],[-61.61,-9.28],[-61.63,-9.28],[-61.63,-9.26],[-61.6,-9.26],[-61.58,-9.24],[-61.54,-9.24],[-61.52,-9.19],[-61.53,-9.17],[-61.54,-9.15],[-61.56,-9.13],[-61.55,-9.09],[-61.55,-9.07],[-61.54,-9.05],[-61.53,-9.02],[-61.51,-8.99],[-61.49,-8.94],[-61.47,-8.92],[-61.49,-8.88],[-61.51,-8.86],[-61.51,-8.84],[-61.53,-8.82],[-61.56,-8.81],[-61.58,-8.8],[-61.18,-8.8],[-60.85,-8.8],[-60.75,-8.8],[-60.42,-8.8],[-59.86,-8.8],[-59.7,-8.8],[-59.13,-8.8],[-58.5,-8.8],[-58.44,-8.8],[-58.42,-8.79],[-58.39,-8.78],[-58.35,-8.74],[-58.33,-8.73],[-58.35,-8.7],[-58.38,-8.71],[-58.41,-8.72],[-58.43,-8.71],[-58.41,-8.64],[-58.4,-8.62],[-58.39,-8.59],[-58.41,-8.57],[-58.4,-8.54],[-58.42,-8.51],[-58.42,-8.49],[-58.4,-8.47],[-58.39,-8.44],[-58.35,-8.39],[-58.35,-8.37],[-58.35,-8.35],[-58.32,-8.33],[-58.32,-8.31],[-58.33,-8.29],[-58.32,-8.25],[-58.32,-8.23],[-58.31,-8.21],[-58.32,-8.18],[-58.32,-8.16],[-58.3,-8.14],[-58.29,-8.12],[-58.29,-8.09],[-58.32,-8.03],[-58.32,-8.01],[-58.33,-7.98],[-58.35,-7.94],[-58.37,-7.91],[-58.37,-7.86],[-58.38,-7.84],[-58.37,-7.82],[-58.33,-7.8],[-58.29,-7.77],[-58.28,-7.75],[-58.28,-7.72],[-58.27,-7.7],[-58.25,-7.68],[-58.24,-7.65],[-58.2,-7.62],[-58.2,-7.6],[-58.22,-7.56],[-58.22,-7.52],[-58.21,-7.49],[-58.21,-7.46],[-58.17,-7.39],[-58.14,-7.36],[-58.12,-7.35],[-58.07,-7.39],[-58.03,-7.45],[-58.0,-7.49],[-57.97,-7.53],[-57.94,-7.61],[-57.94,-7.65],[-57.92,-7.66],[-57.9,-7.68],[-57.87,-7.8],[-57.84,-7.86],[-57.83,-7.88],[-57.83,-7.93],[-57.83,-7.95],[-57.8,-8.0],[-57.78,-8.05],[-57.73,-8.09],[-57.72,-8.15],[-57.7,-8.17],[-57.68,-8.17],[-57.64,-8.21],[-57.65,-8.25],[-57.66,-8.27],[-57.66,-8.29],[-57.68,-8.32],[-57.67,-8.35],[-57.67,-8.37],[-57.69,-8.41],[-57.68,-8.43],[-57.65,-8.47],[-57.66,-8.49],[-57.64,-8.51],[-57.64,-8.54],[-57.65,-8.58],[-57.62,-8.59],[-57.62,-8.62],[-57.62,-8.65],[-57.6,-8.66],[-57.59,-8.71],[-57.6,-8.74],[-57.56,-8.76],[-57.53,-8.75],[-57.48,-8.77],[-57.46,-8.78],[-57.43,-8.78],[-57.41,-8.83],[-57.42,-8.85],[-57.4,-8.86],[-57.38,-8.88],[-57.35,-8.88],[-57.31,-8.89],[-57.31,-8.91],[-57.29,-8.92],[-57.25,-8.91],[-57.21,-8.92],[-57.19,-8.93],[-57.14,-8.99],[-57.09,-9.02],[-57.08,-9.05],[-57.06,-9.06],[-57.05,-9.09],[-57.04,-9.11],[-57.06,-9.14],[-57.05,-9.16],[-57.06,-9.18],[-57.04,-9.2],[-57.02,-9.22],[-57.0,-9.23],[-56.95,-9.22],[-56.87,-9.24],[-56.84,-9.24],[-56.82,-9.25],[-56.8,-9.27],[-56.79,-9.29],[-56.78,-9.32],[-56.78,-9.35],[-56.77,-9.38],[-56.76,-9.4],[-56.74,-9.4],[-56.72,-9.38],[-56.67,-9.37],[-56.27,-9.4],[-56.16,-9.41],[-55.79,-9.44],[-55.0,-9.51],[-54.88,-9.51],[-54.61,-9.53],[-54.34,-9.55],[-54.11,-9.57],[-53.59,-9.61],[-53.34,-9.63],[-53.13,-9.64],[-52.62,-9.68],[-52.36,-9.7],[-52.25,-9.71],[-51.95,-9.73],[-51.3,-9.77],[-51.05,-9.79],[-50.84,-9.8],[-50.22,-9.84],[-50.24,-9.87],[-50.26,-9.91],[-50.27,-9.93],[-50.28,-9.95],[-50.28,-9.98],[-50.29,-10.0],[-50.3,-10.04],[-50.34,-10.06],[-50.35,-10.08],[-50.37,-10.11],[-50.38,-10.12],[-50.4,-10.16],[-50.38,-10.22],[-50.4,-10.25],[-50.4,-10.28],[-50.42,-10.33],[-50.42,-10.36],[-50.44,-10.37],[-50.45,-10.39],[-50.47,-10.4],[-50.49,-10.47],[-50.48,-10.49],[-50.52,-10.5],[-50.51,-10.53],[-50.52,-10.55],[-50.53,-10.57],[-50.54,-10.6],[-50.56,-10.61],[-50.58,-10.64],[-50.6,-10.66],[-50.59,-10.69],[-50.58,-10.71],[-50.58,-10.73],[-50.57,-10.75],[-50.59,-10.79],[-50.61,-10.8],[-50.62,-10.84],[-50.62,-10.86],[-50.6,-10.88],[-50.62,-10.92],[-50.63,-10.94],[-50.62,-10.96],[-50.62,-10.98],[-50.62,-11.01],[-50.62,-11.03],[-50.61,-11.07],[-50.64,-11.1],[-50.64,-11.12],[-50.66,-11.16],[-50.66,-11.19],[-50.66,-11.21],[-50.66,-11.25],[-50.67,-11.28],[-50.7,-11.3],[-50.71,-11.33],[-50.71,-11.36],[-50.73,-11.38],[-50.73,-11.41],[-50.74,-11.43],[-50.74,-11.5],[-50.74,-11.54],[-50.72,-11.58],[-50.68,-11.58],[-50.66,-11.6],[-50.66,-11.62],[-50.66,-11.67],[-50.67,-11.69],[-50.72,-11.73],[-50.71,-11.76],[-50.7,-11.8],[-50.69,-11.82],[-50.69,-11.86],[-50.66,-11.87],[-50.64,-11.88],[-50.66,-11.91],[-50.66,-11.94],[-50.66,-11.97],[-50.68,-11.99],[-50.68,-12.01],[-50.69,-12.03],[-50.67,-12.06],[-50.67,-12.1],[-50.68,-12.12],[-50.68,-12.15],[-50.68,-12.18],[-50.68,-12.22],[-50.65,-12.22],[-50.65,-12.25],[-50.63,-12.27],[-50.65,-12.3],[-50.64,-12.32],[-50.64,-12.35],[-50.63,-12.37],[-50.63,-12.4],[-50.62,-12.43],[-50.62,-12.45],[-50.65,-12.46],[-50.65,-12.48],[-50.66,-12.51],[-50.66,-12.54],[-50.68,-12.56],[-50.67,-12.58],[-50.68,-12.6],[-50.7,-12.6],[-50.7,-12.62],[-50.7,-12.65],[-50.66,-12.65],[-50.65,-12.66],[-50.64,-12.7],[-50.62,-12.73],[-50.63,-12.76],[-50.61,-12.78],[-50.62,-12.8],[-50.62,-12.82],[-50.6,-12.8],[-50.58,-12.8],[-50.6,-12.82],[-50.57,-12.84],[-50.53,-12.84],[-50.51,-12.85],[-50.5,-12.87],[-50.51,-12.89],[-50.52,-12.92],[-50.52,-12.94],[-50.53,-12.98],[-50.56,-13.0],[-50.58,-13.0],[-50.59,-13.02],[-50.57,-13.04],[-50.6,-13.06],[-50.59,-13.11],[-50.6,-13.15],[-50.59,-13.17],[-50.6,-13.19],[-50.59,-13.21],[-50.59,-13.25],[-50.6,-13.28],[-50.61,-13.31],[-50.62,-13.33],[-50.64,-13.35],[-50.67,-13.38],[-50.67,-13.4],[-50.66,-13.42],[-50.68,-13.44],[-50.69,-13.46],[-50.71,-13.48],[-50.74,-13.51],[-50.76,-13.53],[-50.77,-13.6],[-50.78,-13.62],[-50.79,-13.65],[-50.8,-13.69],[-50.82,-13.71],[-50.86,-13.72],[-50.85,-13.77],[-50.86,-13.8],[-50.86,-13.83],[-50.84,-13.86],[-50.84,-13.89],[-50.84,-13.92],[-50.85,-13.94],[-50.86,-13.96],[-50.87,-13.98],[-50.85,-14.0],[-50.85,-14.03],[-50.83,-14.07],[-50.84,-14.1],[-50.87,-14.13],[-50.89,-14.13],[-50.91,-14.11],[-50.91,-14.15],[-50.91,-14.17],[-50.94,-14.21],[-50.96,-14.25],[-50.97,-14.29],[-50.97,-14.33],[-50.98,-14.35],[-50.99,-14.4],[-51.0,-14.42],[-50.99,-14.44],[-50.98,-14.46],[-50.97,-14.48],[-50.96,-14.53],[-51.0,-14.58],[-50.99,-14.61],[-51.02,-14.66],[-51.03,-14.68],[-51.03,-14.71],[-51.05,-14.73],[-51.05,-14.76],[-51.04,-14.78],[-51.07,-14.81],[-51.09,-14.84],[-51.09,-14.86],[-51.09,-14.89],[-51.09,-14.92],[-51.11,-14.93],[-51.13,-14.94],[-51.15,-14.96],[-51.15,-14.98],[-51.2,-15.0],[-51.24,-15.03],[-51.27,-15.04],[-51.3,-15.02],[-51.3,-15.0],[-51.32,-14.97],[-51.34,-14.98],[-51.36,-15.0],[-51.38,-15.01],[-51.4,-15.0],[-51.43,-15.01],[-51.44,-15.03],[-51.48,-15.06],[-51.51,-15.05],[-51.54,-15.07],[-51.55,-15.11],[-51.57,-15.11],[-51.6,-15.16],[-51.62,-15.16],[-51.65,-15.18],[-51.65,-15.21],[-51.67,-15.25],[-51.65,-15.26],[-51.68,-15.29],[-51.69,-15.31],[-51.69,-15.35],[-51.67,-15.37],[-51.69,-15.4],[-51.7,-15.42],[-51.71,-15.46],[-51.7,-15.48],[-51.73,-15.5],[-51.74,-15.52],[-51.73,-15.54],[-51.74,-15.56],[-51.76,-15.53],[-51.78,-15.56],[-51.75,-15.61],[-51.76,-15.65],[-51.8,-15.71],[-51.82,-15.73],[-51.83,-15.75],[-51.84,-15.77],[-51.86,-15.79],[-51.87,-15.8],[-51.88,-15.82],[-51.91,-15.81],[-51.95,-15.81],[-51.95,-15.84],[-51.98,-15.84],[-52.0,-15.87],[-52.06,-15.89],[-52.08,-15.88],[-52.1,-15.89],[-52.13,-15.89],[-52.19,-15.88],[-52.22,-15.89],[-52.24,-15.89],[-52.26,-15.93],[-52.27,-15.95],[-52.29,-15.97],[-52.31,-16.01],[-52.31,-16.03],[-52.33,-16.07],[-52.35,-16.08],[-52.37,-16.09],[-52.4,-16.09],[-52.44,-16.11],[-52.46,-16.13],[-52.49,-16.13],[-52.5,-16.14],[-52.53,-16.14],[-52.55,-16.16],[-52.55,-16.19],[-52.55,-16.22],[-52.57,-16.22],[-52.55,-16.25],[-52.58,-16.25],[-52.59,-16.27],[-52.61,-16.27],[-52.64,-16.28],[-52.67,-16.3],[-52.69,-16.32],[-52.68,-16.34],[-52.69,-16.37],[-52.68,-16.38],[-52.68,-16.41],[-52.65,-16.41],[-52.64,-16.44],[-52.62,-16.45],[-52.61,-16.47],[-52.61,-16.5],[-52.63,-16.5],[-52.63,-16.53],[-52.64,-16.55],[-52.66,-16.56],[-52.67,-16.57],[-52.69,-16.58],[-52.71,-16.6],[-52.72,-16.59],[-52.74,-16.6],[-52.72,-16.64],[-52.74,-16.63],[-52.74,-16.65],[-52.77,-16.67],[-52.76,-16.71],[-52.79,-16.72],[-52.8,-16.75],[-52.82,-16.76],[-52.85,-16.77],[-52.87,-16.78],[-52.89,-16.78],[-52.91,-16.81],[-52.93,-16.82],[-52.93,-16.84],[-52.95,-16.84],[-52.96,-16.86],[-52.99,-16.86],[-53.01,-16.86],[-53.02,-16.88],[-53.02,-16.9],[-53.03,-16.92],[-53.03,-16.94],[-53.05,-16.97],[-53.05,-16.99],[-53.06,-17.01],[-53.06,-17.03],[-53.07,-17.05],[-53.06,-17.07],[-53.07,-17.08],[-53.09,-17.09],[-53.11,-17.11],[-53.13,-17.14],[-53.14,-17.16],[-53.16,-17.17],[-53.16,-17.19],[-53.17,-17.21],[-53.17,-17.24],[-53.19,-17.26],[-53.2,-17.28],[-53.22,-17.3],[-53.22,-17.32],[-53.2,-17.34],[-53.2,-17.36],[-53.2,-17.39],[-53.21,-17.41],[-53.22,-17.43],[-53.23,-17.46],[-53.24,-17.48],[-53.24,-17.5],[-53.25,-17.53],[-53.24,-17.55],[-53.24,-17.57],[-53.24,-17.6],[-53.25,-17.62],[-53.25,-17.64],[-53.24,-17.66],[-53.24,-17.69],[-53.24,-17.71],[-53.21,-17.73],[-53.19,-17.74],[-53.18,-17.77],[-53.16,-17.79],[-53.14,-17.84],[-53.14,-17.87],[-53.13,-17.89],[-53.13,-17.92],[-53.1,-17.94],[-53.09,-17.96],[-53.07,-17.99],[-53.07,-18.04],[-53.15,-18.04],[-53.18,-18.04],[-53.2,-18.02],[-53.24,-18.01],[-53.3,-18.0],[-53.33,-18.0],[-53.36,-18.01],[-53.38,-18.01],[-53.4,-17.99],[-53.43,-17.99],[-53.45,-17.99],[-53.46,-18.02],[-53.47,-18.04],[-53.5,-18.04],[-53.52,-18.02],[-53.55,-18.01],[-53.56,-18.0],[-53.59,-18.01],[-53.61,-18.0],[-53.63,-17.98],[-53.66,-17.98],[-53.68,-17.99],[-53.69,-18.01],[-53.72,-18.01],[-53.74,-18.0],[-53.76,-18.0],[-53.78,-17.99],[-53.79,-17.97],[-53.81,-17.96],[-53.83,-17.94],[-53.85,-17.93],[-53.87,-17.93],[-53.88,-17.91],[-53.91,-17.91],[-53.93,-17.91],[-53.95,-17.92],[-53.95,-17.9],[-53.96,-17.88],[-53.95,-17.86],[-53.94,-17.84],[-53.92,-17.81],[-53.91,-17.79],[-53.9,-17.77],[-53.89,-17.75],[-53.88,-17.73],[-53.86,-17.71],[-53.84,-17.69],[-53.81,-17.68],[-53.78,-17.68],[-53.76,-17.67],[-53.74,-17.66],[-53.71,-17.66],[-53.68,-17.25],[-53.69,-17.23],[-53.73,-17.23],[-53.76,-17.24],[-53.77,-17.26],[-53.79,-17.29],[-53.81,-17.29],[-53.83,-17.34],[-53.86,-17.36],[-53.88,-17.37],[-53.9,-17.4],[-53.91,-17.41],[-53.93,-17.43],[-53.94,-17.45],[-53.97,-17.47],[-53.99,-17.47],[-54.02,-17.48],[-54.04,-17.5],[-54.06,-17.51],[-54.05,-17.54],[-54.05,-17.56],[-54.07,-17.59],[-54.08,-17.61],[-54.1,-17.61],[-54.12,-17.62],[-54.14,-17.61],[-54.16,-17.61],[-54.19,-17.61],[-54.21,-17.62],[-54.24,-17.63],[-54.27,-17.65],[-54.29,-17.65],[-54.32,-17.66],[-54.34,-17.66],[-54.39,-17.63],[-54.37,-17.61],[-54.39,-17.59],[-54.4,-17.56],[-54.41,-17.54],[-54.43,-17.53],[-54.47,-17.53],[-54.48,-17.51],[-54.48,-17.49],[-54.5,-17.48],[-54.52,-17.48],[-54.55,-17.49],[-54.57,-17.48],[-54.61,-17.49],[-54.63,-17.49],[-54.65,-17.49],[-54.67,-17.5],[-54.7,-17.5],[-54.71,-17.51],[-54.74,-17.52],[-54.76,-17.53],[-54.76,-17.55],[-54.78,-17.57],[-54.8,-17.58],[-54.82,-17.6],[-54.84,-17.61],[-54.86,-17.62],[-54.88,-17.62],[-54.9,-17.61],[-54.94,-17.61],[-54.97,-17.62],[-54.99,-17.63],[-55.01,-17.63],[-55.03,-17.64],[-55.05,-17.64],[-55.07,-17.63],[-55.09,-17.63],[-55.11,-17.64],[-55.13,-17.65],[-55.16,-17.64],[-55.18,-17.62],[-55.2,-17.62],[-55.23,-17.61],[-55.24,-17.59],[-55.25,-17.58],[-55.27,-17.56],[-55.29,-17.56],[-55.3,-17.54],[-55.32,-17.54],[-55.35,-17.55],[-55.36,-17.53],[-55.38,-17.51],[-55.4,-17.51],[-55.43,-17.51],[-55.45,-17.51],[-55.47,-17.48],[-55.5,-17.49],[-55.52,-17.48],[-55.54,-17.46],[-55.56,-17.45],[-55.57,-17.43],[-55.59,-17.41],[-55.59,-17.39],[-55.6,-17.37],[-55.63,-17.36],[-55.64,-17.34],[-55.65,-17.36],[-55.66,-17.34],[-55.68,-17.34],[-55.7,-17.35],[-55.72,-17.35],[-55.74,-17.34],[-55.76,-17.32],[-55.78,-17.33],[-55.8,-17.31],[-55.83,-17.31],[-55.85,-17.29],[-55.87,-17.27],[-55.89,-17.28],[-55.92,-17.26],[-55.94,-17.28],[-55.95,-17.26],[-55.98,-17.25],[-56.0,-17.24],[-56.01,-17.22],[-56.02,-17.19],[-56.04,-17.17],[-56.07,-17.17],[-56.1,-17.17],[-56.12,-17.17],[-56.14,-17.19],[-56.16,-17.19],[-56.18,-17.19],[-56.19,-17.21],[-56.21,-17.21],[-56.23,-17.23],[-56.25,-17.22],[-56.26,-17.24],[-56.28,-17.25],[-56.29,-17.27],[-56.31,-17.27],[-56.33,-17.28],[-56.36,-17.27],[-56.38,-17.29],[-56.4,-17.3],[-56.43,-17.32],[-56.45,-17.31],[-56.47,-17.3],[-56.5,-17.3],[-56.51,-17.31],[-56.54,-17.32],[-56.57,-17.31],[-56.6,-17.33],[-56.62,-17.32],[-56.64,-17.33],[-56.66,-17.32],[-56.68,-17.32],[-56.71,-17.32],[-56.73,-17.31],[-56.74,-17.33],[-56.77,-17.34],[-56.78,-17.37],[-56.79,-17.39],[-56.83,-17.39],[-56.84,-17.42],[-56.82,-17.43],[-56.84,-17.44],[-56.82,-17.46],[-56.85,-17.46],[-56.85,-17.49],[-56.86,-17.5],[-56.87,-17.52],[-56.9,-17.54],[-56.92,-17.54],[-56.94,-17.55],[-56.96,-17.57],[-56.98,-17.58],[-56.98,-17.6],[-56.96,-17.6],[-56.98,-17.64],[-57.0,-17.67],[-57.02,-17.68],[-57.04,-17.7],[-57.04,-17.73],[-57.07,-17.73],[-57.09,-17.75],[-57.1,-17.77],[-57.12,-17.78],[-57.15,-17.77],[-57.17,-17.78],[-57.2,-17.79],[-57.23,-17.78],[-57.24,-17.8],[-57.26,-17.82],[-57.28,-17.81],[-57.31,-17.81],[-57.32,-17.82],[-57.34,-17.84],[-57.36,-17.83],[-57.38,-17.84],[-57.4,-17.85],[-57.44,-17.87],[-57.45,-17.89],[-57.48,-17.88],[-57.51,-17.86],[-57.53,-17.85],[-57.55,-17.83],[-57.57,-17.81],[-57.59,-17.8],[-57.61,-17.78],[-57.62,-17.75],[-57.64,-17.72],[-57.66,-17.73],[-57.68,-17.72],[-57.68,-17.68],[-57.67,-17.66],[-57.68,-17.65],[-57.69,-17.63],[-57.7,-17.6],[-57.7,-17.58],[-57.71,-17.55],[-57.73,-17.53],[-57.75,-17.56],[-57.77,-17.55],[-57.88,-17.45],[-57.97,-17.5],[-57.99,-17.51],[-58.01,-17.5],[-58.03,-17.49],[-58.05,-17.48],[-58.06,-17.46],[-58.08,-17.45],[-58.1,-17.46],[-58.12,-17.44],[-58.12,-17.41],[-58.14,-17.41],[-58.15,-17.38],[-58.17,-17.39],[-58.2,-17.38],[-58.2,-17.36],[-58.23,-17.36],[-58.25,-17.35],[-58.26,-17.34],[-58.28,-17.32],[-58.28,-17.3],[-58.3,-17.3],[-58.3,-17.28],[-58.32,-17.26],[-58.33,-17.24],[-58.35,-17.22],[-58.36,-17.21],[-58.38,-17.19],[-58.4,-17.18],[-58.4,-17.15],[-58.39,-17.13],[-58.39,-17.1],[-58.41,-17.11],[-58.42,-17.09],[-58.43,-17.07],[-58.43,-17.05],[-58.42,-17.03],[-58.43,-17.01],[-58.42,-16.99],[-58.44,-16.98],[-58.46,-16.97],[-58.46,-16.94],[-58.47,-16.93],[-58.46,-16.9],[-58.46,-16.88],[-58.47,-16.86],[-58.47,-16.83],[-58.48,-16.82],[-58.47,-16.79],[-58.47,-16.76],[-58.47,-16.74],[-58.47,-16.72],[-58.46,-16.68],[-58.46,-16.66],[-58.45,-16.63],[-58.44,-16.59],[-58.42,-16.57],[-58.39,-16.56],[-58.39,-16.54],[-58.36,-16.53],[-58.33,-16.49],[-58.34,-16.47],[-58.35,-16.44],[-58.35,-16.42],[-58.34,-16.39],[-58.32,-16.38],[-58.31,-16.36],[-58.3,-16.34],[-58.3,-16.31],[-58.32,-16.29],[-58.32,-16.26],[-58.35,-16.27],[-58.37,-16.27],[-58.39,-16.26],[-58.39,-16.28],[-58.41,-16.31],[-58.43,-16.32],[-58.78,-16.31],[-59.47,-16.28],[-59.54,-16.28],[-59.76,-16.27],[-59.82,-16.27],[-59.91,-16.27],[-60.03,-16.27],[-60.13,-16.27],[-60.17,-16.27],[-60.23,-15.59],[-60.24,-15.47],[-60.5,-15.18],[-60.52,-15.16],[-60.55,-15.13],[-60.56,-15.11],[-60.5,-15.1],[-60.24,-15.1],[-60.27,-14.62],[-60.29,-14.62],[-60.32,-14.61],[-60.32,-14.59],[-60.33,-14.57],[-60.33,-14.55],[-60.34,-14.53],[-60.35,-14.51],[-60.37,-14.49],[-60.37,-14.47],[-60.38,-14.45],[-60.4,-14.43],[-60.4,-14.41],[-60.4,-14.39],[-60.4,-14.37],[-60.41,-14.36],[-60.42,-14.34],[-60.44,-14.33],[-60.45,-14.31],[-60.46,-14.29],[-60.46,-14.26],[-60.45,-14.25],[-60.46,-14.23],[-60.47,-14.21],[-60.47,-14.19],[-60.49,-14.18],[-60.48,-14.16],[-60.48,-14.13],[-60.48,-14.11],[-60.47,-14.09],[-60.45,-14.09],[-60.43,-14.07],[-60.43,-14.05],[-60.41,-14.03],[-60.4,-14.01],[-60.39,-13.99],[-60.4,-13.98],[-60.42,-13.97],[-60.41,-13.95],[-60.43,-13.94],[-60.45,-13.93],[-60.45,-13.9],[-60.45,-13.88],[-60.47,-13.88],[-60.46,-13.86],[-60.49,-13.86],[-60.48,-13.84],[-60.49,-13.82],[-60.47,-13.82],[-60.47,-13.8],[-60.49,-13.79],[-60.53,-13.79],[-60.52,-13.77],[-60.55,-13.77],[-60.57,-13.77],[-60.57,-13.75],[-60.6,-13.75],[-60.61,-13.73],[-60.63,-13.73],[-60.65,-13.74],[-60.68,-13.72],[-60.69,-13.7],[-60.71,-13.69],[-60.7,-13.67],[-60.69,-13.65],[-60.69,-13.62],[-60.67,-13.61],[-60.64,-13.59],[-60.63,-13.57],[-60.61,-13.57],[-60.59,-13.56],[-60.56,-13.55],[-60.54,-13.54],[-60.53,-13.52],[-60.51,-13.5],[-60.49,-13.49],[-60.47,-13.49],[-60.43,-13.49],[-60.41,-13.46],[-60.39,-13.45],[-60.38,-13.42],[-60.38,-13.4],[-60.38,-13.37],[-60.37,-13.35],[-60.37,-13.32],[-60.36,-13.3],[-60.36,-13.3]]],[[[-60.36,-13.3],[-60.36,-13.3],[-60.36,-13.3],[-60.36,-13.3]]]]},"properties":{"sigla":"MT","name":"Mato Grosso"}},{"type":"Feature","geometry":{"type":"MultiPolygon","coordinates":[[[[-46.95,-0.73],[-46.96,-0.75],[-46.98,-0.78],[-46.96,-0.79],[-46.95,-0.81],[-46.94,-0.83],[-46.93,-0.85],[-46.96,-0.86],[-46.93,-0.88],[-46.92,-0.86],[-46.91,-0.83],[-46.9,-0.81],[-46.88,-0.79],[-46.88,-0.77],[-46.86,-0.77],[-46.85,-0.75],[-46.84,-0.77],[-46.83,-0.79],[-46.85,-0.79],[-46.83,-0.8],[-46.85,-0.82],[-46.85,-0.85],[-46.83,-0.84],[-46.82,-0.86],[-46.83,-0.89],[-46.81,-0.88],[-46.79,-0.88],[-46.79,-0.86],[-46.79,-0.84],[-46.77,-0.85],[-46.77,-0.82],[-46.75,-0.83],[-46.74,-0.86],[-46.74,-0.88],[-46.73,-0.9],[-46.75,-0.92],[-46.73,-0.9],[-46.72,-0.88],[-46.73,-0.86],[-46.72,-0.84],[-46.7,-0.82],[-46.69,-0.85],[-46.67,-0.86],[-46.69,-0.82],[-46.66,-0.81],[-46.66,-0.79],[-46.64,-0.79],[-46.64,-0.81],[-46.62,-0.82],[-46.61,-0.84],[-46.63,-0.85],[-46.63,-0.87],[-46.63,-0.89],[-46.63,-0.91],[-46.65,-0.94],[-46.67,-0.95],[-46.69,-0.96],[-46.67,-0.97],[-46.65,-0.96],[-46.62,-0.96],[-46.6,-0.95],[-46.6,-0.97],[-46.57,-0.95],[-46.56,-0.94],[-46.56,-0.91],[-46.55,-0.93],[-46.54,-0.96],[-46.54,-0.98],[-46.53,-0.96],[-46.53,-0.93],[-46.52,-0.91],[-46.51,-0.9],[-46.5,-0.87],[-46.47,-0.88],[-46.45,-0.87],[-46.43,-0.86],[-46.42,-0.88],[-46.44,-0.91],[-46.46,-0.9],[-46.47,-0.92],[-46.47,-0.94],[-46.48,-0.96],[-46.5,-0.97],[-46.47,-0.97],[-46.46,-1.0],[-46.49,-1.0],[-46.48,-1.02],[-46.48,-1.04],[-46.45,-1.03],[-46.43,-1.01],[-46.41,-1.04],[-46.43,-1.05],[-46.41,-1.06],[-46.41,-1.04],[-46.41,-1.02],[-46.42,-1.0],[-46.39,-0.99],[-46.39,-1.02],[-46.38,-1.04],[-46.38,-1.02],[-46.36,-1.0],[-46.34,-1.02],[-46.33,-1.04],[-46.35,-1.06],[-46.32,-1.07],[-46.32,-1.04],[-46.32,-1.01],[-46.3,-1.03],[-46.3,-1.05],[-46.29,-1.04],[-46.3,-1.01],[-46.3,-0.99],[-46.27,-0.99],[-46.27,-0.97],[-46.27,-0.94],[-46.24,-0.93],[-46.27,-0.93],[-46.25,-0.91],[-46.22,-0.91],[-46.21,-0.89],[-46.19,-0.89],[-46.19,-0.93],[-46.21,-0.93],[-46.22,-0.95],[-46.2,-0.97],[-46.23,-0.97],[-46.24,-0.99],[-46.21,-0.98],[-46.22,-1.01],[-46.21,-1.03],[-46.21,-1.06],[-46.23,-1.07],[-46.24,-1.1],[-46.26,-1.12],[-46.27,-1.15],[-46.28,-1.17],[-46.25,-1.15],[-46.24,-1.13],[-46.23,-1.1],[-46.21,-1.08],[-46.19,-1.06],[-46.19,-1.02],[-46.17,-0.99],[-46.16,-1.01],[-46.16,-1.04],[-46.17,-1.07],[-46.18,-1.1],[-46.2,-1.12],[-46.17,-1.15],[-46.18,-1.12],[-46.17,-1.1],[-46.15,-1.13],[-46.15,-1.1],[-46.15,-1.08],[-46.14,-1.06],[-46.1,-1.04],[-46.09,-1.02],[-46.07,-1.03],[-46.09,-1.05],[-46.1,-1.07],[-46.09,-1.09],[-46.07,-1.11],[-46.09,-1.13],[-46.09,-1.16],[-46.1,-1.2],[-46.13,-1.21],[-46.15,-1.22],[-46.14,-1.25],[-46.16,-1.28],[-46.15,-1.31],[-46.13,-1.32],[-46.11,-1.33],[-46.12,-1.37],[-46.13,-1.4],[-46.16,-1.42],[-46.14,-1.44],[-46.16,-1.46],[-46.18,-1.48],[-46.16,-1.49],[-46.15,-1.51],[-46.13,-1.58],[-46.15,-1.59],[-46.16,-1.62],[-46.16,-1.65],[-46.15,-1.68],[-46.17,-1.7],[-46.19,-1.7],[-46.21,-1.72],[-46.24,-1.72],[-46.26,-1.73],[-46.29,-1.72],[-46.31,-1.73],[-46.32,-1.77],[-46.32,-1.79],[-46.29,-1.79],[-46.26,-1.79],[-46.23,-1.8],[-46.21,-1.82],[-46.23,-1.86],[-46.24,-1.88],[-46.22,-1.91],[-46.23,-1.97],[-46.25,-2.0],[-46.26,-2.04],[-46.27,-2.06],[-46.28,-2.08],[-46.27,-2.11],[-46.3,-2.14],[-46.29,-2.16],[-46.32,-2.18],[-46.34,-2.2],[-46.35,-2.23],[-46.37,-2.24],[-46.39,-2.25],[-46.41,-2.23],[-46.43,-2.24],[-46.42,-2.26],[-46.42,-2.29],[-46.43,-2.32],[-46.46,-2.36],[-46.45,-2.38],[-46.44,-2.37],[-46.41,-2.36],[-46.42,-2.38],[-46.44,-2.41],[-46.44,-2.45],[-46.43,-2.47],[-46.43,-2.49],[-46.43,-2.51],[-46.42,-2.52],[-46.47,-2.54],[-46.48,-2.53],[-46.5,-2.56],[-46.49,-2.57],[-46.51,-2.59],[-46.5,-2.61],[-46.54,-2.62],[-46.56,-2.63],[-46.58,-2.64],[-46.59,-2.66],[-46.61,-2.64],[-46.62,-2.67],[-46.63,-2.68],[-46.65,-2.69],[-46.67,-2.71],[-46.67,-2.73],[-46.65,-2.76],[-46.63,-2.77],[-46.64,-2.79],[-46.61,-2.8],[-46.6,-2.82],[-46.58,-2.83],[-46.6,-2.83],[-46.61,-2.85],[-46.64,-2.85],[-46.63,-2.87],[-46.65,-2.88],[-46.68,-2.88],[-46.66,-2.9],[-46.65,-2.93],[-46.67,-2.95],[-46.65,-2.96],[-46.66,-2.98],[-46.65,-3.0],[-46.67,-3.0],[-46.67,-3.02],[-46.68,-3.05],[-46.68,-3.08],[-46.71,-3.1],[-46.7,-3.12],[-46.72,-3.11],[-46.75,-3.12],[-46.73,-3.14],[-46.73,-3.16],[-46.75,-3.16],[-46.75,-3.19],[-46.77,-3.18],[-46.76,-3.19],[-46.76,-3.22],[-46.78,-3.21],[-46.78,-3.24],[-46.81,-3.24],[-46.8,-3.26],[-46.82,-3.27],[-46.83,-3.29],[-46.81,-3.31],[-46.84,-3.32],[-46.86,-3.34],[-46.87,-3.33],[-46.89,-3.34],[-46.91,-3.36],[-46.92,-3.37],[-46.94,-3.37],[-46.94,-3.4],[-46.94,-3.42],[-46.94,-3.45],[-46.96,-3.46],[-46.97,-3.48],[-46.98,-3.5],[-46.97,-3.51],[-46.99,-3.53],[-47.01,-3.54],[-47.02,-3.56],[-47.04,-3.57],[-47.03,-3.6],[-47.05,-3.62],[-47.04,-3.64],[-47.05,-3.66],[-47.05,-3.71],[-47.06,-3.73],[-47.06,-3.75],[-47.06,-3.79],[-47.08,-3.81],[-47.09,-3.83],[-47.09,-3.86],[-47.1,-3.87],[-47.12,-3.88],[-47.13,-3.9],[-47.16,-3.91],[-47.17,-3.93],[-47.18,-3.95],[-47.19,-3.98],[-47.21,-3.99],[-47.24,-3.99],[-47.24,-4.01],[-47.27,-4.03],[-47.28,-4.04],[-47.3,-4.05],[-47.32,-4.06],[-47.33,-4.08],[-47.35,-4.1],[-47.35,-4.12],[-47.35,-4.14],[-47.34,-4.17],[-47.36,-4.18],[-47.37,-4.2],[-47.38,-4.22],[-47.37,-4.24],[-47.4,-4.26],[-47.42,-4.28],[-47.44,-4.29],[-47.47,-4.31],[-47.48,-4.33],[-47.48,-4.35],[-47.49,-4.37],[-47.5,-4.39],[-47.52,-4.43],[-47.53,-4.44],[-47.56,-4.48],[-47.58,-4.52],[-47.61,-4.55],[-47.62,-4.57],[-47.65,-4.59],[-47.68,-4.61],[-47.7,-4.6],[-47.72,-4.61],[-47.75,-4.6],[-47.77,-4.59],[-47.79,-4.59],[-47.82,-4.61],[-48.03,-4.78],[-48.06,-4.8],[-48.19,-4.91],[-48.21,-4.92],[-48.4,-5.07],[-48.42,-5.09],[-48.45,-5.11],[-48.64,-5.26],[-48.75,-5.35],[-48.75,-5.37],[-48.72,-5.37],[-48.68,-5.38],[-48.65,-5.38],[-48.63,-5.41],[-48.6,-5.42],[-48.56,-5.42],[-48.51,-5.43],[-48.46,-5.41],[-48.44,-5.41],[-48.42,-5.4],[-48.4,-5.4],[-48.37,-5.4],[-48.36,-5.42],[-48.35,-5.44],[-48.34,-5.46],[-48.33,-5.48],[-48.3,-5.52],[-48.28,-5.54],[-48.23,-5.55],[-48.19,-5.56],[-48.17,-5.58],[-48.14,-5.6],[-48.14,-5.64],[-48.15,-5.67],[-48.16,-5.69],[-48.17,-5.71],[-48.19,-5.72],[-48.22,-5.73],[-48.27,-5.73],[-48.29,-5.74],[-48.3,-5.78],[-48.29,-5.83],[-48.27,-5.87],[-48.25,-5.9],[-48.23,-5.92],[-48.23,-5.95],[-48.25,-5.96],[-48.28,-5.96],[-48.3,-5.97],[-48.32,-5.99],[-48.33,-6.0],[-48.34,-6.03],[-48.3,-6.05],[-48.29,-6.07],[-48.29,-6.1],[-48.33,-6.13],[-48.37,-6.15],[-48.39,-6.15],[-48.42,-6.16],[-48.43,-6.18],[-48.42,-6.23],[-48.42,-6.27],[-48.42,-6.29],[-48.39,-6.32],[-48.37,-6.35],[-48.38,-6.38],[-48.41,-6.37],[-48.42,-6.36],[-48.45,-6.35],[-48.5,-6.35],[-48.52,-6.37],[-48.55,-6.4],[-48.56,-6.41],[-48.61,-6.45],[-48.63,-6.48],[-48.65,-6.51],[-48.66,-6.54],[-48.66,-6.57],[-48.65,-6.61],[-48.65,-6.64],[-48.66,-6.66],[-48.69,-6.68],[-48.74,-6.69],[-48.76,-6.72],[-48.78,-6.74],[-48.81,-6.75],[-48.84,-6.75],[-48.91,-6.76],[-48.94,-6.77],[-48.97,-6.78],[-49.02,-6.78],[-49.03,-6.8],[-49.08,-6.84],[-49.11,-6.87],[-49.15,-6.89],[-49.17,-6.89],[-49.19,-6.92],[-49.21,-6.93],[-49.22,-6.96],[-49.21,-6.98],[-49.19,-7.03],[-49.19,-7.07],[-49.19,-7.13],[-49.19,-7.18],[-49.18,-7.21],[-49.18,-7.23],[-49.21,-7.27],[-49.22,-7.3],[-49.23,-7.33],[-49.25,-7.35],[-49.27,-7.37],[-49.32,-7.43],[-49.38,-7.5],[-49.38,-7.54],[-49.38,-7.57],[-49.36,-7.61],[-49.34,-7.66],[-49.32,-7.68],[-49.3,-7.7],[-49.26,-7.72],[-49.25,-7.74],[-49.23,-7.75],[-49.21,-7.77],[-49.16,-7.79],[-49.15,-7.81],[-49.16,-7.83],[-49.17,-7.85],[-49.16,-7.9],[-49.16,-7.93],[-49.17,-7.95],[-49.18,-7.98],[-49.18,-8.01],[-49.17,-8.04],[-49.18,-8.07],[-49.2,-8.09],[-49.21,-8.12],[-49.21,-8.18],[-49.22,-8.2],[-49.24,-8.23],[-49.25,-8.27],[-49.26,-8.31],[-49.27,-8.34],[-49.28,-8.38],[-49.31,-8.4],[-49.35,-8.42],[-49.38,-8.45],[-49.38,-8.47],[-49.4,-8.55],[-49.41,-8.58],[-49.45,-8.61],[-49.46,-8.63],[-49.48,-8.66],[-49.49,-8.69],[-49.54,-8.76],[-49.56,-8.8],[-49.58,-8.82],[-49.61,-8.85],[-49.64,-8.85],[-49.68,-8.86],[-49.73,-8.9],[-49.75,-8.92],[-49.77,-8.94],[-49.79,-8.98],[-49.84,-9.03],[-49.85,-9.05],[-49.86,-9.08],[-49.87,-9.1],[-49.9,-9.14],[-49.9,-9.16],[-49.94,-9.2],[-49.96,-9.22],[-49.99,-9.23],[-50.0,-9.27],[-50.02,-9.28],[-50.04,-9.3],[-50.06,-9.34],[-50.05,-9.37],[-50.07,-9.4],[-50.09,-9.43],[-50.1,-9.48],[-50.1,-9.5],[-50.1,-9.52],[-50.09,-9.55],[-50.11,-9.57],[-50.11,-9.59],[-50.13,-9.62],[-50.14,-9.65],[-50.15,-9.67],[-50.15,-9.7],[-50.16,-9.71],[-50.2,-9.76],[-50.2,-9.79],[-50.21,-9.81],[-50.22,-9.83],[-50.84,-9.8],[-51.05,-9.79],[-51.3,-9.77],[-51.95,-9.73],[-52.25,-9.71],[-52.36,-9.7],[-52.62,-9.68],[-53.13,-9.64],[-53.34,-9.63],[-53.59,-9.61],[-54.11,-9.57],[-54.34,-9.55],[-54.61,-9.53],[-54.88,-9.51],[-55.0,-9.51],[-55.79,-9.44],[-56.16,-9.41],[-56.27,-9.4],[-56.67,-9.37],[-56.71,-9.37],[-56.74,-9.4],[-56.75,-9.41],[-56.77,-9.39],[-56.77,-9.37],[-56.78,-9.33],[-56.79,-9.29],[-56.8,-9.27],[-56.82,-9.25],[-56.84,-9.24],[-56.87,-9.24],[-56.94,-9.23],[-57.0,-9.23],[-57.02,-9.22],[-57.04,-9.2],[-57.05,-9.19],[-57.05,-9.16],[-57.06,-9.14],[-57.04,-9.11],[-57.05,-9.09],[-57.06,-9.07],[-57.07,-9.05],[-57.09,-9.03],[-57.14,-8.99],[-57.19,-8.93],[-57.21,-8.92],[-57.25,-8.91],[-57.29,-8.92],[-57.31,-8.91],[-57.31,-8.89],[-57.35,-8.88],[-57.38,-8.88],[-57.4,-8.86],[-57.42,-8.85],[-57.41,-8.83],[-57.42,-8.8],[-57.45,-8.79],[-57.48,-8.77],[-57.53,-8.75],[-57.56,-8.76],[-57.59,-8.76],[-57.59,-8.71],[-57.6,-8.66],[-57.62,-8.65],[-57.62,-8.62],[-57.62,-8.59],[-57.64,-8.58],[-57.65,-8.55],[-57.63,-8.52],[-57.66,-8.5],[-57.65,-8.48],[-57.68,-8.44],[-57.69,-8.41],[-57.67,-8.38],[-57.67,-8.35],[-57.68,-8.33],[-57.66,-8.29],[-57.66,-8.27],[-57.65,-8.25],[-57.64,-8.22],[-57.67,-8.18],[-57.7,-8.17],[-57.72,-8.15],[-57.73,-8.09],[-57.78,-8.05],[-57.8,-8.0],[-57.83,-7.97],[-57.83,-7.93],[-57.83,-7.88],[-57.84,-7.86],[-57.87,-7.8],[-57.9,-7.68],[-57.92,-7.66],[-57.94,-7.65],[-57.94,-7.61],[-57.97,-7.53],[-58.0,-7.49],[-58.03,-7.45],[-58.06,-7.4],[-58.12,-7.35],[-58.15,-7.34],[-58.17,-7.31],[-58.17,-7.27],[-58.17,-7.23],[-58.18,-7.18],[-58.2,-7.16],[-58.21,-7.13],[-58.23,-7.12],[-58.25,-7.09],[-58.27,-7.08],[-58.29,-7.06],[-58.33,-7.0],[-58.34,-6.98],[-58.36,-6.97],[-58.38,-6.97],[-58.39,-6.95],[-58.43,-6.91],[-58.46,-6.84],[-58.47,-6.8],[-58.48,-6.78],[-58.48,-6.7],[-58.46,-6.67],[-58.45,-6.65],[-58.43,-6.62],[-58.37,-6.57],[-58.35,-6.56],[-58.33,-6.53],[-58.33,-6.51],[-58.29,-6.49],[-58.27,-6.48],[-58.15,-6.23],[-57.86,-5.6],[-57.55,-4.92],[-57.02,-3.8],[-56.96,-3.66],[-56.94,-3.62],[-56.91,-3.56],[-56.89,-3.5],[-56.81,-3.33],[-56.78,-3.26],[-56.77,-3.24],[-56.49,-2.63],[-56.43,-2.52],[-56.4,-2.46],[-56.42,-2.45],[-56.45,-2.44],[-56.43,-2.37],[-56.41,-2.32],[-56.39,-2.28],[-56.36,-2.26],[-56.33,-2.25],[-56.26,-2.22],[-56.22,-2.2],[-56.19,-2.17],[-56.17,-2.15],[-56.14,-2.1],[-56.1,-2.05],[-56.1,-2.03],[-56.14,-2.04],[-56.17,-2.04],[-56.19,-2.05],[-56.23,-2.06],[-56.26,-2.09],[-56.28,-2.09],[-56.3,-2.11],[-56.31,-2.13],[-56.33,-2.15],[-56.35,-2.15],[-56.37,-2.14],[-56.39,-2.15],[-56.41,-2.18],[-56.44,-2.16],[-56.46,-2.16],[-56.48,-2.17],[-56.5,-2.15],[-56.53,-2.14],[-56.54,-2.15],[-56.57,-2.17],[-56.59,-2.17],[-56.61,-2.2],[-56.63,-2.2],[-56.66,-2.21],[-56.68,-2.21],[-56.7,-2.2],[-56.73,-2.18],[-56.75,-2.18],[-56.77,-2.17],[-56.77,-2.14],[-56.75,-2.11],[-56.73,-2.09],[-56.72,-2.07],[-56.73,-2.03],[-56.75,-2.01],[-56.79,-2.02],[-56.83,-2.02],[-56.86,-2.02],[-56.88,-1.99],[-56.9,-1.98],[-56.93,-1.96],[-56.95,-1.96],[-56.97,-1.93],[-56.98,-1.92],[-57.02,-1.91],[-57.05,-1.88],[-57.06,-1.86],[-57.07,-1.83],[-57.06,-1.82],[-57.08,-1.8],[-57.08,-1.78],[-57.11,-1.78],[-57.13,-1.76],[-57.16,-1.77],[-57.17,-1.75],[-57.16,-1.73],[-57.18,-1.72],[-57.2,-1.71],[-57.22,-1.72],[-57.24,-1.72],[-57.25,-1.7],[-57.26,-1.72],[-57.3,-1.71],[-57.3,-1.73],[-57.33,-1.72],[-57.35,-1.73],[-57.37,-1.71],[-57.39,-1.72],[-57.39,-1.7],[-57.4,-1.68],[-57.43,-1.69],[-57.44,-1.67],[-57.47,-1.68],[-57.48,-1.66],[-57.5,-1.65],[-57.53,-1.65],[-57.52,-1.63],[-57.55,-1.61],[-57.59,-1.6],[-57.6,-1.57],[-57.65,-1.59],[-57.68,-1.59],[-57.69,-1.58],[-57.7,-1.55],[-57.71,-1.5],[-57.74,-1.5],[-57.76,-1.5],[-57.78,-1.51],[-57.8,-1.49],[-57.81,-1.47],[-57.82,-1.45],[-57.84,-1.44],[-57.88,-1.42],[-57.9,-1.43],[-57.92,-1.4],[-57.94,-1.4],[-57.96,-1.39],[-57.98,-1.37],[-57.98,-1.36],[-58.0,-1.33],[-57.99,-1.29],[-57.97,-1.23],[-57.96,-1.21],[-57.97,-1.18],[-57.98,-1.15],[-58.01,-1.15],[-58.01,-1.12],[-58.03,-1.1],[-58.08,-1.13],[-58.08,-1.15],[-58.1,-1.16],[-58.12,-1.17],[-58.16,-1.23],[-58.17,-1.21],[-58.19,-1.2],[-58.21,-1.17],[-58.24,-1.16],[-58.25,-1.13],[-58.27,-1.14],[-58.32,-1.14],[-58.34,-1.12],[-58.35,-1.11],[-58.36,-1.09],[-58.37,-1.07],[-58.39,-1.05],[-58.41,-1.04],[-58.43,-1.03],[-58.42,-1.0],[-58.41,-0.98],[-58.43,-0.96],[-58.45,-0.93],[-58.45,-0.9],[-58.43,-0.89],[-58.46,-0.86],[-58.48,-0.86],[-58.49,-0.83],[-58.51,-0.84],[-58.56,-0.8],[-58.57,-0.79],[-58.59,-0.77],[-58.61,-0.76],[-58.63,-0.72],[-58.66,-0.72],[-58.68,-0.69],[-58.7,-0.68],[-58.71,-0.66],[-58.72,-0.64],[-58.73,-0.61],[-58.73,-0.58],[-58.73,-0.56],[-58.71,-0.55],[-58.71,-0.52],[-58.72,-0.5],[-58.73,-0.47],[-58.72,-0.44],[-58.74,-0.42],[-58.77,-0.41],[-58.78,-0.39],[-58.8,-0.38],[-58.82,-0.37],[-58.85,-0.36],[-58.87,-0.34],[-58.87,-0.3],[-58.87,-0.27],[-58.88,-0.23],[-58.88,-0.2],[-58.86,-0.16],[-58.87,-0.14],[-58.86,-0.08],[-58.88,-0.06],[-58.89,-0.03],[-58.9,-0.02],[-58.89,0.26],[-58.9,0.61],[-58.89,1.22],[-58.87,1.22],[-58.86,1.2],[-58.85,1.18],[-58.83,1.19],[-58.81,1.18],[-58.79,1.19],[-58.77,1.19],[-58.76,1.2],[-58.73,1.21],[-58.72,1.23],[-58.72,1.26],[-58.71,1.27],[-58.7,1.29],[-58.69,1.3],[-58.67,1.28],[-58.65,1.29],[-58.63,1.29],[-58.61,1.28],[-58.59,1.27],[-58.57,1.29],[-58.55,1.29],[-58.54,1.27],[-58.52,1.26],[-58.51,1.28],[-58.49,1.29],[-58.48,1.31],[-58.47,1.33],[-58.47,1.35],[-58.46,1.37],[-58.48,1.38],[-58.5,1.4],[-58.5,1.42],[-58.5,1.44],[-58.51,1.46],[-58.49,1.46],[-58.47,1.46],[-58.44,1.46],[-58.42,1.47],[-58.4,1.47],[-58.37,1.48],[-58.39,1.49],[-58.39,1.52],[-58.39,1.54],[-58.37,1.54],[-58.36,1.56],[-58.34,1.58],[-58.33,1.59],[-58.32,1.58],[-58.3,1.57],[-58.28,1.57],[-58.25,1.56],[-58.24,1.55],[-58.21,1.57],[-58.19,1.57],[-58.16,1.56],[-58.15,1.54],[-58.15,1.52],[-58.13,1.5],[-58.1,1.51],[-58.09,1.52],[-58.07,1.52],[-58.04,1.52],[-58.02,1.51],[-58.0,1.5],[-58.0,1.53],[-57.99,1.55],[-57.99,1.57],[-57.98,1.59],[-57.98,1.61],[-57.98,1.63],[-58.0,1.64],[-57.98,1.66],[-57.96,1.66],[-57.94,1.65],[-57.91,1.65],[-57.9,1.67],[-57.88,1.67],[-57.86,1.67],[-57.84,1.69],[-57.82,1.68],[-57.8,1.69],[-57.79,1.71],[-57.79,1.73],[-57.77,1.73],[-57.75,1.72],[-57.73,1.72],[-57.71,1.72],[-57.69,1.71],[-57.67,1.7],[-57.65,1.69],[-57.63,1.69],[-57.61,1.69],[-57.59,1.7],[-57.57,1.69],[-57.55,1.7],[-57.54,1.72],[-57.52,1.72],[-57.51,1.74],[-57.5,1.76],[-57.5,1.79],[-57.48,1.8],[-57.46,1.8],[-57.44,1.82],[-57.44,1.85],[-57.43,1.87],[-57.43,1.89],[-57.42,1.91],[-57.4,1.92],[-57.38,1.93],[-57.36,1.94],[-57.37,1.96],[-57.35,1.98],[-57.33,1.98],[-57.31,1.99],[-57.29,1.99],[-57.27,1.98],[-57.26,1.96],[-57.24,1.94],[-57.22,1.96],[-57.21,1.97],[-57.19,1.98],[-57.17,1.99],[-57.15,1.99],[-57.13,2.01],[-57.12,2.02],[-57.1,2.02],[-57.08,2.01],[-57.07,1.99],[-57.06,1.96],[-57.04,1.95],[-57.02,1.94],[-57.02,1.92],[-57.0,1.91],[-56.98,1.91],[-56.96,1.92],[-56.94,1.92],[-56.92,1.93],[-56.91,1.91],[-56.89,1.9],[-56.87,1.89],[-56.85,1.89],[-56.83,1.88],[-56.81,1.87],[-56.8,1.85],[-56.78,1.87],[-56.77,1.88],[-56.75,1.9],[-56.74,1.91],[-56.72,1.93],[-56.7,1.92],[-56.68,1.92],[-56.65,1.92],[-56.64,1.93],[-56.62,1.95],[-56.6,1.94],[-56.59,1.91],[-56.56,1.91],[-56.54,1.92],[-56.52,1.93],[-56.5,1.94],[-56.49,1.95],[-56.47,1.95],[-56.44,1.95],[-56.42,1.95],[-56.41,1.93],[-56.39,1.92],[-56.37,1.94],[-56.35,1.94],[-56.33,1.93],[-56.31,1.92],[-56.29,1.91],[-56.27,1.9],[-56.26,1.88],[-56.24,1.89],[-56.21,1.9],[-56.19,1.89],[-56.17,1.9],[-56.15,1.89],[-56.14,1.87],[-56.12,1.86],[-56.1,1.85],[-56.08,1.85],[-56.05,1.85],[-56.03,1.84],[-56.01,1.84],[-55.98,1.84],[-55.96,1.85],[-55.94,1.86],[-55.93,1.87],[-55.91,1.89],[-55.9,1.91],[-55.92,1.92],[-55.93,1.94],[-55.93,1.96],[-55.94,1.99],[-55.91,1.99],[-55.91,2.01],[-55.9,2.04],[-55.92,2.05],[-55.93,2.08],[-55.95,2.09],[-55.97,2.09],[-55.97,2.11],[-55.98,2.13],[-55.99,2.15],[-56.01,2.17],[-56.03,2.17],[-56.05,2.19],[-56.04,2.2],[-56.04,2.23],[-56.07,2.24],[-56.09,2.25],[-56.11,2.25],[-56.13,2.26],[-56.13,2.29],[-56.11,2.3],[-56.1,2.32],[-56.09,2.35],[-56.09,2.37],[-56.07,2.37],[-56.06,2.35],[-56.04,2.33],[-56.02,2.35],[-56.04,2.37],[-56.02,2.38],[-56.01,2.4],[-55.99,2.42],[-55.99,2.44],[-56.01,2.45],[-55.99,2.46],[-55.98,2.49],[-55.99,2.5],[-55.98,2.53],[-55.96,2.53],[-55.93,2.53],[-55.92,2.52],[-55.9,2.51],[-55.88,2.49],[-55.87,2.48],[-55.85,2.47],[-55.83,2.46],[-55.81,2.46],[-55.78,2.46],[-55.76,2.45],[-55.75,2.43],[-55.74,2.41],[-55.72,2.4],[-55.7,2.42],[-55.68,2.41],[-55.65,2.42],[-55.63,2.42],[-55.61,2.43],[-55.59,2.43],[-55.57,2.42],[-55.53,2.43],[-55.51,2.44],[-55.48,2.44],[-55.43,2.44],[-55.38,2.42],[-55.35,2.45],[-55.36,2.48],[-55.32,2.52],[-55.28,2.51],[-55.23,2.5],[-55.21,2.52],[-55.17,2.56],[-55.15,2.56],[-55.12,2.57],[-55.1,2.53],[-55.06,2.55],[-55.0,2.59],[-54.95,2.58],[-54.93,2.52],[-54.92,2.5],[-54.87,2.43],[-54.87,2.41],[-54.83,2.36],[-54.81,2.34],[-54.79,2.31],[-54.8,2.29],[-54.81,2.27],[-54.8,2.25],[-54.78,2.22],[-54.76,2.2],[-54.77,2.18],[-54.79,2.16],[-54.8,2.14],[-54.81,2.12],[-54.81,2.1],[-54.81,2.08],[-54.81,2.06],[-54.8,2.03],[-54.79,2.01],[-54.77,2.0],[-54.76,1.97],[-54.76,1.95],[-54.77,1.91],[-54.76,1.89],[-54.75,1.85],[-54.74,1.83],[-54.75,1.81],[-54.75,1.79],[-54.72,1.77],[-54.7,1.77],[-54.67,1.77],[-54.65,1.77],[-54.63,1.78],[-54.61,1.78],[-54.59,1.78],[-54.56,1.78],[-54.54,1.77],[-54.51,1.75],[-54.49,1.75],[-54.46,1.76],[-54.43,1.75],[-54.4,1.76],[-54.39,1.75],[-54.38,1.76],[-54.35,1.75],[-54.34,1.74],[-54.31,1.74],[-54.29,1.73],[-54.28,1.71],[-54.26,1.69],[-54.24,1.68],[-54.22,1.66],[-54.2,1.63],[-54.18,1.66],[-54.16,1.64],[-54.14,1.63],[-54.12,1.61],[-54.12,1.58],[-54.12,1.56],[-54.1,1.55],[-54.08,1.53],[-54.08,1.51],[-54.08,1.49],[-54.06,1.49],[-54.04,1.51],[-54.02,1.52],[-54.0,1.51],[-54.0,1.48],[-53.98,1.47],[-53.96,1.48],[-53.94,1.47],[-53.94,1.44],[-53.92,1.46],[-53.9,1.46],[-53.88,1.44],[-53.88,1.42],[-53.85,1.4],[-53.83,1.39],[-53.81,1.39],[-53.82,1.41],[-53.8,1.42],[-53.78,1.4],[-53.76,1.41],[-53.73,1.39],[-53.71,1.41],[-53.72,1.43],[-53.7,1.42],[-53.71,1.4],[-53.7,1.38],[-53.68,1.37],[-53.66,1.39],[-53.65,1.41],[-53.64,1.38],[-53.65,1.36],[-53.65,1.34],[-53.63,1.35],[-53.59,1.36],[-53.57,1.34],[-53.55,1.35],[-53.53,1.32],[-53.56,1.31],[-53.56,1.29],[-53.53,1.27],[-53.53,1.25],[-53.55,1.23],[-53.52,1.21],[-53.47,1.24],[-53.44,1.23],[-53.42,1.2],[-53.4,1.18],[-53.4,1.16],[-53.42,1.15],[-53.44,1.15],[-53.46,1.13],[-53.46,1.08],[-53.44,1.06],[-53.42,1.03],[-53.43,0.99],[-53.41,0.96],[-53.41,0.93],[-53.36,0.9],[-53.33,0.87],[-53.3,0.86],[-53.28,0.84],[-53.26,0.82],[-53.24,0.8],[-53.21,0.79],[-53.19,0.77],[-53.18,0.75],[-53.16,0.73],[-53.14,0.7],[-53.11,0.68],[-53.12,0.63],[-53.15,0.6],[-53.15,0.58],[-53.15,0.55],[-53.15,0.53],[-53.17,0.49],[-53.17,0.45],[-53.16,0.42],[-53.17,0.38],[-53.16,0.36],[-53.14,0.33],[-53.13,0.3],[-53.11,0.29],[-53.09,0.26],[-53.11,0.23],[-53.09,0.2],[-53.07,0.17],[-53.05,0.16],[-53.04,0.14],[-53.04,0.12],[-53.02,0.1],[-53.01,0.07],[-53.0,0.04],[-52.98,0.04],[-52.98,-0.01],[-52.97,-0.04],[-52.96,-0.06],[-52.94,-0.11],[-52.93,-0.14],[-52.9,-0.15],[-52.88,-0.14],[-52.85,-0.15],[-52.84,-0.19],[-52.76,-0.24],[-52.75,-0.26],[-52.74,-0.28],[-52.72,-0.29],[-52.69,-0.3],[-52.68,-0.34],[-52.7,-0.37],[-52.68,-0.41],[-52.7,-0.46],[-52.69,-0.48],[-52.68,-0.52],[-52.67,-0.53],[-52.64,-0.58],[-52.61,-0.59],[-52.59,-0.58],[-52.57,-0.58],[-52.53,-0.57],[-52.51,-0.62],[-52.51,-0.66],[-52.51,-0.68],[-52.5,-0.71],[-52.5,-0.75],[-52.52,-0.78],[-52.52,-0.8],[-52.52,-0.82],[-52.53,-0.84],[-52.52,-0.86],[-52.5,-0.85],[-52.47,-0.84],[-52.45,-0.83],[-52.43,-0.85],[-52.4,-0.88],[-52.4,-0.91],[-52.43,-0.92],[-52.44,-0.93],[-52.42,-0.97],[-52.42,-1.0],[-52.42,-1.03],[-52.43,-1.04],[-52.4,-1.04],[-52.37,-1.06],[-52.35,-1.07],[-52.33,-1.12],[-52.3,-1.12],[-52.27,-1.13],[-52.24,-1.13],[-52.21,-1.13],[-52.17,-1.13],[-52.15,-1.15],[-52.12,-1.15],[-52.11,-1.18],[-52.11,-1.2],[-52.1,-1.23],[-52.07,-1.24],[-52.05,-1.22],[-52.06,-1.2],[-52.05,-1.18],[-52.01,-1.17],[-51.99,-1.17],[-51.99,-1.15],[-51.98,-1.12],[-51.97,-1.13],[-51.96,-1.15],[-51.95,-1.17],[-51.93,-1.14],[-51.9,-1.15],[-51.89,-1.17],[-51.81,-1.16],[-51.78,-1.14],[-51.7,-1.07],[-51.69,-1.04],[-51.69,-1.01],[-51.69,-0.98],[-51.7,-0.92],[-51.69,-0.89],[-51.69,-0.82],[-51.68,-0.8],[-51.67,-0.76],[-51.6,-0.65],[-51.57,-0.62],[-51.53,-0.58],[-51.49,-0.55],[-51.46,-0.51],[-51.43,-0.47],[-51.42,-0.43],[-51.4,-0.41],[-51.36,-0.37],[-51.35,-0.32],[-51.35,-0.3],[-51.33,-0.27],[-51.3,-0.25],[-51.29,-0.23],[-51.27,-0.2],[-51.22,-0.12],[-51.17,-0.1],[-51.12,-0.1],[-51.1,-0.09],[-51.07,-0.08],[-51.01,-0.0],[-50.98,0.03],[-50.93,0.07],[-50.78,0.11],[-50.74,0.13],[-50.67,0.19],[-50.64,0.21],[-50.62,0.23],[-50.6,0.25],[-50.58,0.27],[-50.56,0.31],[-50.54,0.35],[-50.52,0.37],[-50.5,0.44],[-50.49,0.46],[-50.48,0.48],[-50.47,0.53],[-50.45,0.57],[-50.44,0.6],[-50.41,0.62],[-50.35,0.67],[-50.31,0.68],[-50.2,0.7],[-50.16,0.71],[-50.09,0.7],[-50.09,0.65],[-50.06,0.62],[-50.04,0.57],[-50.04,0.51],[-50.04,0.49],[-50.05,0.37],[-50.06,0.34],[-50.01,0.33],[-49.98,0.32],[-49.96,0.33],[-49.94,0.32],[-49.92,0.31],[-49.86,0.33],[-49.84,0.34],[-49.82,0.33],[-49.81,0.34],[-49.78,0.34],[-49.76,0.35],[-49.74,0.32],[-49.74,0.35],[-49.72,0.36],[-49.7,0.36],[-49.68,0.37],[-49.66,0.35],[-49.64,0.34],[-49.62,0.32],[-49.61,0.3],[-49.6,0.28],[-49.56,0.2],[-49.48,0.08],[-49.46,0.07],[-49.43,0.07],[-49.42,0.06],[-49.4,0.05],[-49.38,0.03],[-49.4,0.02],[-49.37,-0.0],[-49.01,-0.16],[-49.0,-0.18],[-48.98,-0.19],[-48.95,-0.21],[-48.93,-0.22],[-48.91,-0.23],[-48.88,-0.22],[-48.85,-0.22],[-48.83,-0.22],[-48.81,-0.22],[-48.78,-0.22],[-48.77,-0.24],[-48.75,-0.25],[-48.72,-0.25],[-48.69,-0.25],[-48.67,-0.24],[-48.64,-0.23],[-48.61,-0.23],[-48.58,-0.23],[-48.56,-0.24],[-48.53,-0.24],[-48.51,-0.24],[-48.48,-0.23],[-48.44,-0.24],[-48.42,-0.26],[-48.4,-0.27],[-48.38,-0.3],[-48.39,-0.33],[-48.39,-0.35],[-48.39,-0.37],[-48.42,-0.39],[-48.44,-0.42],[-48.45,-0.46],[-48.47,-0.5],[-48.24,-0.58],[-48.0,-0.66],[-48.0,-0.69],[-47.98,-0.69],[-47.97,-0.67],[-47.96,-0.65],[-47.95,-0.63],[-47.93,-0.62],[-47.91,-0.61],[-47.91,-0.59],[-47.9,-0.57],[-47.89,-0.55],[-47.86,-0.56],[-47.86,-0.58],[-47.85,-0.6],[-47.84,-0.62],[-47.85,-0.65],[-47.86,-0.67],[-47.84,-0.68],[-47.82,-0.67],[-47.82,-0.65],[-47.82,-0.62],[-47.82,-0.6],[-47.81,-0.58],[-47.8,-0.55],[-47.79,-0.56],[-47.8,-0.58],[-47.77,-0.58],[-47.76,-0.61],[-47.77,-0.63],[-47.75,-0.62],[-47.75,-0.59],[-47.76,-0.57],[-47.74,-0.56],[-47.72,-0.54],[-47.69,-0.54],[-47.69,-0.56],[-47.7,-0.59],[-47.68,-0.59],[-47.65,-0.59],[-47.64,-0.6],[-47.63,-0.63],[-47.63,-0.65],[-47.63,-0.67],[-47.64,-0.69],[-47.62,-0.69],[-47.6,-0.68],[-47.59,-0.66],[-47.58,-0.63],[-47.58,-0.61],[-47.58,-0.59],[-47.56,-0.59],[-47.53,-0.62],[-47.54,-0.64],[-47.53,-0.67],[-47.51,-0.69],[-47.5,-0.72],[-47.48,-0.74],[-47.49,-0.76],[-47.47,-0.73],[-47.47,-0.7],[-47.47,-0.68],[-47.48,-0.66],[-47.47,-0.63],[-47.48,-0.61],[-47.44,-0.59],[-47.42,-0.59],[-47.42,-0.61],[-47.43,-0.64],[-47.41,-0.66],[-47.39,-0.64],[-47.37,-0.63],[-47.38,-0.61],[-47.35,-0.61],[-47.33,-0.6],[-47.3,-0.6],[-47.28,-0.62],[-47.29,-0.64],[-47.27,-0.65],[-47.25,-0.65],[-47.26,-0.63],[-47.24,-0.63],[-47.21,-0.64],[-47.2,-0.65],[-47.21,-0.68],[-47.23,-0.68],[-47.25,-0.7],[-47.22,-0.7],[-47.21,-0.69],[-47.18,-0.67],[-47.16,-0.67],[-47.17,-0.69],[-47.17,-0.73],[-47.18,-0.75],[-47.17,-0.78],[-47.16,-0.76],[-47.15,-0.71],[-47.14,-0.69],[-47.12,-0.68],[-47.09,-0.66],[-47.08,-0.68],[-47.07,-0.7],[-47.09,-0.71],[-47.07,-0.73],[-47.09,-0.75],[-47.07,-0.75],[-47.07,-0.78],[-47.06,-0.75],[-47.06,-0.73],[-47.06,-0.7],[-47.05,-0.73],[-47.05,-0.76],[-47.06,-0.8],[-47.03,-0.81],[-47.05,-0.79],[-47.04,-0.76],[-47.04,-0.74],[-47.02,-0.73],[-47.0,-0.71],[-46.98,-0.7],[-46.96,-0.71],[-46.95,-0.73]]],[[[-46.4,-0.95],[-46.41,-0.97],[-46.44,-0.99],[-46.43,-0.96],[-46.41,-0.94],[-46.4,-0.95]]],[[[-46.08,-1.07],[-46.06,-1.09],[-46.08,-1.08],[-46.09,-1.06],[-46.08,-1.07]]],[[[-47.03,-0.7],[-47.01,-0.69],[-47.03,-0.71],[-47.03,-0.7]]],[[[-46.38,-1.0],[-46.38,-1.0]]],[[[-47.84,-0.66],[-47.84,-0.66]]],[[[-46.44,-1.01],[-46.44,-1.01]]],[[[-46.33,-0.95],[-46.33,-0.95]]],[[[-46.61,-0.83],[-46.61,-0.83]]],[[[-46.61,-0.86],[-46.61,-0.86]]],[[[-47.03,-0.72],[-47.03,-0.72]]],[[[-46.47,-0.96],[-46.47,-0.96]]],[[[-46.21,-0.94],[-46.2,-0.94],[-46.2,-0.94],[-46.21,-0.94]]],[[[-46.95,-0.74],[-46.95,-0.73],[-46.95,-0.74],[-46.95,-0.74]]],[[[-47.02,-0.72],[-47.02,-0.71],[-47.02,-0.72],[-47.02,-0.72]]],[[[-46.27,-0.93],[-46.27,-0.93],[-46.27,-0.94],[-46.27,-0.93]]]]},"properties":{"sigla":"PA","name":"Par\u00e1"}},{"type":"Feature","geometry":{"type":"MultiPolygon","coordinates":[[[[-37.23,-6.03],[-37.2,-6.04],[-37.17,-6.05],[-37.17,-6.08],[-37.17,-6.11],[-37.17,-6.14],[-37.16,-6.15],[-37.17,-6.18],[-37.19,-6.2],[-37.23,-6.21],[-37.25,-6.23],[-37.27,-6.25],[-37.27,-6.28],[-37.31,-6.28],[-37.33,-6.3],[-37.36,-6.32],[-37.37,-6.33],[-37.38,-6.35],[-37.39,-6.38],[-37.4,-6.4],[-37.39,-6.42],[-37.39,-6.45],[-37.4,-6.51],[-37.42,-6.53],[-37.46,-6.53],[-37.48,-6.55],[-37.48,-6.59],[-37.47,-6.62],[-37.48,-6.64],[-37.47,-6.66],[-37.47,-6.68],[-37.48,-6.71],[-37.42,-6.7],[-37.4,-6.7],[-37.34,-6.7],[-37.31,-6.69],[-37.28,-6.69],[-37.29,-6.71],[-37.26,-6.73],[-37.27,-6.76],[-37.26,-6.78],[-37.25,-6.81],[-37.23,-6.82],[-37.19,-6.82],[-37.15,-6.8],[-37.13,-6.77],[-37.08,-6.75],[-37.04,-6.74],[-37.0,-6.71],[-36.98,-6.72],[-36.97,-6.74],[-36.97,-6.77],[-36.96,-6.79],[-36.94,-6.77],[-36.91,-6.76],[-36.83,-6.73],[-36.79,-6.77],[-36.77,-6.79],[-36.77,-6.84],[-36.73,-6.84],[-36.74,-6.87],[-36.75,-6.89],[-36.76,-6.91],[-36.77,-6.94],[-36.74,-6.97],[-36.72,-6.98],[-36.69,-6.93],[-36.65,-6.93],[-36.63,-6.93],[-36.61,-6.94],[-36.57,-6.87],[-36.57,-6.85],[-36.54,-6.84],[-36.53,-6.83],[-36.51,-6.82],[-36.5,-6.78],[-36.5,-6.76],[-36.52,-6.74],[-36.54,-6.73],[-36.56,-6.71],[-36.54,-6.65],[-36.52,-6.61],[-36.51,-6.6],[-36.47,-6.61],[-36.46,-6.63],[-36.44,-6.63],[-36.44,-6.6],[-36.44,-6.56],[-36.47,-6.55],[-36.48,-6.53],[-36.5,-6.51],[-36.52,-6.5],[-36.53,-6.48],[-36.53,-6.45],[-36.51,-6.4],[-36.5,-6.36],[-36.44,-6.36],[-36.39,-6.29],[-36.36,-6.31],[-36.34,-6.3],[-36.31,-6.28],[-36.28,-6.31],[-36.28,-6.35],[-36.29,-6.37],[-36.3,-6.39],[-36.25,-6.4],[-36.25,-6.44],[-36.22,-6.43],[-36.17,-6.43],[-36.14,-6.43],[-36.11,-6.43],[-36.09,-6.42],[-36.06,-6.41],[-36.05,-6.43],[-36.04,-6.44],[-36.01,-6.45],[-36.01,-6.47],[-35.98,-6.49],[-35.94,-6.49],[-35.85,-6.49],[-35.78,-6.48],[-35.73,-6.47],[-35.68,-6.45],[-35.66,-6.45],[-35.64,-6.45],[-35.62,-6.46],[-35.59,-6.47],[-35.58,-6.49],[-35.56,-6.49],[-35.54,-6.48],[-35.52,-6.48],[-35.5,-6.48],[-35.47,-6.48],[-35.45,-6.49],[-35.41,-6.49],[-35.36,-6.51],[-35.34,-6.54],[-35.27,-6.54],[-35.25,-6.53],[-35.23,-6.53],[-35.21,-6.54],[-35.19,-6.55],[-35.17,-6.56],[-35.15,-6.55],[-35.13,-6.54],[-35.11,-6.51],[-35.07,-6.52],[-35.04,-6.52],[-35.02,-6.5],[-34.99,-6.5],[-34.97,-6.49],[-34.97,-6.51],[-34.97,-6.54],[-34.96,-6.6],[-34.96,-6.64],[-34.95,-6.67],[-34.94,-6.68],[-34.93,-6.71],[-34.93,-6.73],[-34.94,-6.75],[-34.92,-6.77],[-34.91,-6.8],[-34.9,-6.85],[-34.88,-6.89],[-34.86,-6.9],[-34.86,-6.92],[-34.86,-6.95],[-34.85,-6.96],[-34.87,-6.98],[-34.87,-7.01],[-34.86,-7.03],[-34.84,-7.0],[-34.84,-6.98],[-34.83,-7.01],[-34.83,-7.03],[-34.84,-7.05],[-34.84,-7.07],[-34.83,-7.09],[-34.82,-7.11],[-34.82,-7.14],[-34.8,-7.15],[-34.79,-7.2],[-34.8,-7.23],[-34.8,-7.26],[-34.8,-7.28],[-34.8,-7.31],[-34.79,-7.33],[-34.8,-7.35],[-34.8,-7.37],[-34.81,-7.41],[-34.81,-7.43],[-34.81,-7.46],[-34.81,-7.49],[-34.81,-7.51],[-34.82,-7.53],[-34.83,-7.55],[-34.85,-7.54],[-34.88,-7.54],[-34.9,-7.54],[-34.92,-7.53],[-34.95,-7.54],[-34.97,-7.52],[-34.98,-7.51],[-34.99,-7.47],[-35.01,-7.45],[-35.03,-7.43],[-35.05,-7.42],[-35.07,-7.4],[-35.09,-7.4],[-35.12,-7.4],[-35.15,-7.39],[-35.18,-7.4],[-35.2,-7.39],[-35.22,-7.38],[-35.24,-7.37],[-35.28,-7.39],[-35.31,-7.41],[-35.33,-7.41],[-35.35,-7.42],[-35.36,-7.44],[-35.41,-7.46],[-35.43,-7.47],[-35.48,-7.44],[-35.5,-7.46],[-35.51,-7.49],[-35.5,-7.51],[-35.52,-7.54],[-35.53,-7.57],[-35.53,-7.59],[-35.52,-7.61],[-35.53,-7.62],[-35.51,-7.64],[-35.53,-7.65],[-35.56,-7.66],[-35.59,-7.65],[-35.61,-7.65],[-35.63,-7.68],[-35.65,-7.7],[-35.68,-7.7],[-35.7,-7.69],[-35.72,-7.71],[-35.74,-7.71],[-35.76,-7.72],[-35.78,-7.74],[-35.82,-7.75],[-35.84,-7.75],[-35.86,-7.75],[-35.88,-7.76],[-35.9,-7.79],[-35.93,-7.78],[-35.96,-7.79],[-35.98,-7.8],[-36.0,-7.81],[-36.03,-7.8],[-36.06,-7.79],[-36.1,-7.78],[-36.13,-7.78],[-36.18,-7.78],[-36.2,-7.78],[-36.25,-7.79],[-36.24,-7.82],[-36.26,-7.83],[-36.29,-7.81],[-36.36,-7.81],[-36.38,-7.81],[-36.41,-7.81],[-36.43,-7.82],[-36.43,-7.87],[-36.43,-7.9],[-36.45,-7.92],[-36.47,-7.92],[-36.49,-7.91],[-36.54,-7.9],[-36.57,-7.91],[-36.57,-7.94],[-36.58,-7.96],[-36.61,-7.95],[-36.62,-7.97],[-36.63,-8.06],[-36.65,-8.07],[-36.65,-8.09],[-36.63,-8.1],[-36.67,-8.12],[-36.69,-8.14],[-36.71,-8.16],[-36.72,-8.17],[-36.75,-8.18],[-36.76,-8.2],[-36.79,-8.19],[-36.81,-8.2],[-36.86,-8.22],[-36.88,-8.24],[-36.91,-8.25],[-36.92,-8.27],[-36.94,-8.27],[-36.95,-8.3],[-36.98,-8.3],[-37.02,-8.29],[-37.05,-8.26],[-37.09,-8.26],[-37.11,-8.23],[-37.12,-8.21],[-37.12,-8.17],[-37.16,-8.17],[-37.15,-8.15],[-37.15,-8.13],[-37.15,-8.1],[-37.15,-8.07],[-37.16,-8.05],[-37.15,-8.02],[-37.16,-8.0],[-37.18,-7.99],[-37.19,-7.96],[-37.22,-7.96],[-37.24,-7.97],[-37.26,-7.97],[-37.29,-7.97],[-37.32,-7.97],[-37.34,-7.98],[-37.35,-7.96],[-37.33,-7.94],[-37.31,-7.93],[-37.31,-7.91],[-37.29,-7.9],[-37.26,-7.88],[-37.24,-7.86],[-37.22,-7.84],[-37.23,-7.82],[-37.2,-7.8],[-37.18,-7.79],[-37.15,-7.78],[-37.15,-7.76],[-37.15,-7.73],[-37.15,-7.71],[-37.17,-7.69],[-37.18,-7.66],[-37.2,-7.63],[-37.18,-7.61],[-37.17,-7.58],[-37.13,-7.55],[-37.11,-7.53],[-37.09,-7.52],[-37.05,-7.5],[-37.03,-7.5],[-37.0,-7.5],[-36.98,-7.48],[-37.0,-7.46],[-37.01,-7.44],[-37.02,-7.42],[-37.01,-7.4],[-37.03,-7.39],[-37.05,-7.38],[-37.07,-7.37],[-37.09,-7.36],[-37.12,-7.35],[-37.14,-7.34],[-37.16,-7.34],[-37.18,-7.31],[-37.2,-7.29],[-37.23,-7.27],[-37.26,-7.27],[-37.28,-7.28],[-37.31,-7.29],[-37.36,-7.32],[-37.37,-7.35],[-37.39,-7.36],[-37.41,-7.36],[-37.43,-7.36],[-37.47,-7.36],[-37.5,-7.37],[-37.49,-7.39],[-37.51,-7.42],[-37.52,-7.44],[-37.53,-7.46],[-37.55,-7.48],[-37.57,-7.49],[-37.59,-7.5],[-37.61,-7.51],[-37.62,-7.53],[-37.65,-7.53],[-37.68,-7.54],[-37.71,-7.55],[-37.71,-7.57],[-37.73,-7.58],[-37.74,-7.6],[-37.76,-7.62],[-37.74,-7.64],[-37.75,-7.66],[-37.77,-7.65],[-37.78,-7.63],[-37.81,-7.64],[-37.84,-7.65],[-37.88,-7.68],[-37.9,-7.7],[-37.92,-7.71],[-37.93,-7.74],[-37.95,-7.76],[-37.97,-7.78],[-38.0,-7.78],[-38.01,-7.76],[-38.03,-7.75],[-38.05,-7.76],[-38.07,-7.77],[-38.08,-7.8],[-38.08,-7.83],[-38.12,-7.82],[-38.13,-7.8],[-38.14,-7.78],[-38.16,-7.78],[-38.19,-7.8],[-38.21,-7.81],[-38.22,-7.82],[-38.26,-7.83],[-38.29,-7.83],[-38.3,-7.79],[-38.3,-7.76],[-38.31,-7.74],[-38.31,-7.72],[-38.32,-7.7],[-38.34,-7.69],[-38.36,-7.68],[-38.37,-7.7],[-38.39,-7.71],[-38.41,-7.73],[-38.43,-7.72],[-38.46,-7.72],[-38.47,-7.73],[-38.5,-7.74],[-38.52,-7.75],[-38.54,-7.75],[-38.56,-7.76],[-38.58,-7.75],[-38.61,-7.74],[-38.62,-7.71],[-38.63,-7.69],[-38.64,-7.68],[-38.66,-7.66],[-38.69,-7.63],[-38.71,-7.62],[-38.71,-7.59],[-38.69,-7.58],[-38.67,-7.57],[-38.65,-7.55],[-38.65,-7.53],[-38.65,-7.5],[-38.63,-7.48],[-38.64,-7.46],[-38.6,-7.46],[-38.6,-7.44],[-38.58,-7.42],[-38.58,-7.4],[-38.58,-7.38],[-38.56,-7.36],[-38.55,-7.33],[-38.54,-7.31],[-38.54,-7.28],[-38.55,-7.25],[-38.58,-7.25],[-38.6,-7.24],[-38.62,-7.23],[-38.62,-7.2],[-38.64,-7.19],[-38.66,-7.18],[-38.69,-7.19],[-38.68,-7.17],[-38.68,-7.13],[-38.66,-7.11],[-38.66,-7.09],[-38.68,-7.07],[-38.67,-7.05],[-38.69,-7.04],[-38.71,-7.02],[-38.75,-7.0],[-38.74,-6.97],[-38.75,-6.96],[-38.76,-6.93],[-38.76,-6.91],[-38.74,-6.9],[-38.71,-6.89],[-38.69,-6.87],[-38.68,-6.85],[-38.68,-6.83],[-38.66,-6.81],[-38.64,-6.8],[-38.62,-6.79],[-38.64,-6.76],[-38.66,-6.74],[-38.67,-6.71],[-38.66,-6.68],[-38.65,-6.66],[-38.66,-6.64],[-38.65,-6.62],[-38.63,-6.6],[-38.64,-6.58],[-38.63,-6.56],[-38.61,-6.53],[-38.6,-6.5],[-38.57,-6.47],[-38.56,-6.45],[-38.54,-6.42],[-38.52,-6.41],[-38.55,-6.4],[-38.57,-6.4],[-38.59,-6.4],[-38.59,-6.38],[-38.57,-6.36],[-38.54,-6.35],[-38.52,-6.35],[-38.49,-6.35],[-38.48,-6.33],[-38.49,-6.36],[-38.48,-6.39],[-38.47,-6.4],[-38.44,-6.41],[-38.41,-6.41],[-38.39,-6.42],[-38.37,-6.44],[-38.36,-6.46],[-38.34,-6.46],[-38.32,-6.47],[-38.3,-6.49],[-38.29,-6.51],[-38.26,-6.48],[-38.23,-6.48],[-38.2,-6.49],[-38.18,-6.5],[-38.15,-6.49],[-38.14,-6.51],[-38.12,-6.52],[-38.1,-6.51],[-38.09,-6.49],[-38.07,-6.46],[-38.05,-6.45],[-38.04,-6.47],[-38.01,-6.47],[-38.02,-6.45],[-38.01,-6.43],[-37.99,-6.43],[-37.97,-6.42],[-37.96,-6.4],[-37.95,-6.42],[-37.92,-6.42],[-37.9,-6.4],[-37.89,-6.36],[-37.86,-6.37],[-37.84,-6.36],[-37.83,-6.34],[-37.83,-6.32],[-37.81,-6.31],[-37.81,-6.29],[-37.79,-6.29],[-37.76,-6.29],[-37.77,-6.27],[-37.76,-6.25],[-37.77,-6.23],[-37.75,-6.21],[-37.75,-6.19],[-37.71,-6.18],[-37.68,-6.19],[-37.65,-6.19],[-37.62,-6.18],[-37.59,-6.17],[-37.57,-6.16],[-37.54,-6.17],[-37.52,-6.15],[-37.49,-6.14],[-37.46,-6.14],[-37.45,-6.12],[-37.43,-6.11],[-37.41,-6.11],[-37.38,-6.09],[-37.35,-6.09],[-37.34,-6.07],[-37.31,-6.06],[-37.29,-6.06],[-37.27,-6.05],[-37.25,-6.03],[-37.23,-6.03],[-37.23,-6.03]]],[[[-34.86,-6.98],[-34.85,-7.0],[-34.87,-6.99],[-34.86,-6.98]]]]},"properties":{"sigla":"PB","name":"Para\u00edba"}},{"type":"Feature","geometry":{"type":"MultiPolygon","coordinates":[[[[-37.18,-7.31],[-37.16,-7.34],[-37.14,-7.33],[-37.12,-7.35],[-37.09,-7.36],[-37.07,-7.37],[-37.05,-7.38],[-37.03,-7.39],[-37.01,-7.4],[-37.03,-7.42],[-37.01,-7.44],[-37.0,-7.46],[-36.98,-7.48],[-37.0,-7.5],[-37.03,-7.5],[-37.05,-7.5],[-37.08,-7.52],[-37.11,-7.53],[-37.13,-7.55],[-37.16,-7.57],[-37.17,-7.59],[-37.19,-7.62],[-37.19,-7.65],[-37.18,-7.68],[-37.16,-7.7],[-37.15,-7.73],[-37.15,-7.76],[-37.16,-7.78],[-37.17,-7.79],[-37.19,-7.79],[-37.22,-7.81],[-37.24,-7.82],[-37.22,-7.84],[-37.25,-7.85],[-37.24,-7.87],[-37.29,-7.9],[-37.31,-7.91],[-37.31,-7.93],[-37.33,-7.94],[-37.35,-7.96],[-37.34,-7.98],[-37.32,-7.97],[-37.3,-7.96],[-37.27,-7.97],[-37.25,-7.97],[-37.22,-7.97],[-37.21,-7.95],[-37.19,-7.98],[-37.18,-8.0],[-37.15,-8.01],[-37.15,-8.03],[-37.16,-8.06],[-37.14,-8.09],[-37.14,-8.12],[-37.16,-8.14],[-37.16,-8.16],[-37.14,-8.18],[-37.12,-8.2],[-37.11,-8.23],[-37.09,-8.25],[-37.05,-8.26],[-37.02,-8.29],[-36.99,-8.3],[-36.96,-8.3],[-36.95,-8.28],[-36.93,-8.27],[-36.91,-8.25],[-36.89,-8.24],[-36.86,-8.22],[-36.81,-8.2],[-36.79,-8.19],[-36.76,-8.2],[-36.75,-8.18],[-36.72,-8.17],[-36.72,-8.15],[-36.69,-8.16],[-36.67,-8.12],[-36.64,-8.12],[-36.64,-8.09],[-36.66,-8.08],[-36.63,-8.06],[-36.63,-7.99],[-36.62,-7.96],[-36.59,-7.96],[-36.57,-7.94],[-36.58,-7.91],[-36.55,-7.9],[-36.5,-7.92],[-36.47,-7.92],[-36.45,-7.92],[-36.43,-7.9],[-36.43,-7.87],[-36.43,-7.82],[-36.41,-7.81],[-36.38,-7.81],[-36.36,-7.81],[-36.31,-7.81],[-36.28,-7.82],[-36.25,-7.83],[-36.24,-7.81],[-36.22,-7.76],[-36.2,-7.79],[-36.14,-7.78],[-36.12,-7.79],[-36.07,-7.78],[-36.05,-7.8],[-36.02,-7.81],[-36.0,-7.81],[-35.97,-7.79],[-35.95,-7.79],[-35.9,-7.79],[-35.88,-7.77],[-35.87,-7.75],[-35.84,-7.75],[-35.82,-7.75],[-35.79,-7.74],[-35.76,-7.72],[-35.74,-7.71],[-35.72,-7.71],[-35.7,-7.69],[-35.68,-7.7],[-35.66,-7.7],[-35.64,-7.68],[-35.62,-7.67],[-35.6,-7.65],[-35.57,-7.65],[-35.55,-7.66],[-35.53,-7.65],[-35.53,-7.62],[-35.52,-7.61],[-35.51,-7.58],[-35.54,-7.59],[-35.52,-7.55],[-35.51,-7.53],[-35.51,-7.5],[-35.5,-7.46],[-35.48,-7.44],[-35.44,-7.46],[-35.42,-7.47],[-35.38,-7.45],[-35.35,-7.44],[-35.33,-7.42],[-35.32,-7.41],[-35.28,-7.39],[-35.24,-7.37],[-35.22,-7.38],[-35.2,-7.39],[-35.18,-7.4],[-35.15,-7.39],[-35.13,-7.4],[-35.1,-7.41],[-35.08,-7.4],[-35.05,-7.42],[-35.03,-7.43],[-35.01,-7.45],[-34.99,-7.46],[-34.99,-7.49],[-34.97,-7.52],[-34.95,-7.54],[-34.93,-7.53],[-34.91,-7.54],[-34.89,-7.55],[-34.87,-7.55],[-34.84,-7.54],[-34.84,-7.57],[-34.83,-7.58],[-34.82,-7.61],[-34.81,-7.63],[-34.83,-7.67],[-34.85,-7.69],[-34.83,-7.71],[-34.82,-7.74],[-34.84,-7.79],[-34.84,-7.81],[-34.84,-7.83],[-34.83,-7.86],[-34.83,-7.88],[-34.82,-7.91],[-34.83,-7.96],[-34.84,-7.98],[-34.84,-8.01],[-34.85,-8.02],[-34.86,-8.04],[-34.88,-8.09],[-34.91,-8.16],[-34.92,-8.19],[-34.92,-8.21],[-34.93,-8.25],[-34.94,-8.28],[-34.94,-8.3],[-34.95,-8.33],[-34.94,-8.35],[-34.96,-8.36],[-34.97,-8.41],[-34.98,-8.43],[-34.98,-8.45],[-35.0,-8.49],[-35.0,-8.51],[-35.0,-8.53],[-35.01,-8.56],[-35.03,-8.57],[-35.04,-8.6],[-35.07,-8.64],[-35.07,-8.67],[-35.08,-8.69],[-35.08,-8.71],[-35.09,-8.73],[-35.1,-8.76],[-35.1,-8.78],[-35.12,-8.81],[-35.13,-8.83],[-35.13,-8.85],[-35.14,-8.88],[-35.15,-8.9],[-35.18,-8.89],[-35.2,-8.89],[-35.24,-8.88],[-35.28,-8.87],[-35.31,-8.87],[-35.35,-8.86],[-35.39,-8.85],[-35.41,-8.84],[-35.43,-8.84],[-35.46,-8.84],[-35.47,-8.81],[-35.49,-8.82],[-35.52,-8.82],[-35.54,-8.82],[-35.56,-8.83],[-35.58,-8.85],[-35.6,-8.86],[-35.62,-8.87],[-35.64,-8.88],[-35.67,-8.89],[-35.69,-8.9],[-35.71,-8.9],[-35.75,-8.92],[-35.77,-8.91],[-35.78,-8.89],[-35.78,-8.86],[-35.8,-8.85],[-35.82,-8.86],[-35.84,-8.87],[-35.86,-8.86],[-35.89,-8.86],[-35.91,-8.86],[-35.92,-8.88],[-35.95,-8.89],[-35.97,-8.9],[-35.99,-8.91],[-36.03,-8.91],[-36.06,-8.91],[-36.09,-8.94],[-36.13,-8.96],[-36.13,-8.98],[-36.1,-9.0],[-36.11,-9.02],[-36.14,-9.04],[-36.16,-9.04],[-36.19,-9.05],[-36.2,-9.07],[-36.22,-9.08],[-36.24,-9.1],[-36.27,-9.1],[-36.26,-9.13],[-36.25,-9.14],[-36.24,-9.16],[-36.25,-9.18],[-36.27,-9.17],[-36.29,-9.17],[-36.32,-9.18],[-36.33,-9.2],[-36.35,-9.22],[-36.38,-9.22],[-36.4,-9.22],[-36.42,-9.23],[-36.45,-9.23],[-36.47,-9.24],[-36.49,-9.25],[-36.57,-9.29],[-36.57,-9.32],[-36.59,-9.34],[-36.61,-9.33],[-36.63,-9.33],[-36.66,-9.31],[-36.68,-9.29],[-36.69,-9.27],[-36.76,-9.27],[-36.8,-9.29],[-36.84,-9.29],[-36.87,-9.27],[-36.89,-9.28],[-36.92,-9.3],[-36.93,-9.32],[-36.93,-9.35],[-36.93,-9.37],[-36.95,-9.38],[-36.98,-9.36],[-37.0,-9.35],[-37.02,-9.32],[-37.05,-9.32],[-37.06,-9.3],[-37.06,-9.28],[-37.08,-9.25],[-37.11,-9.24],[-37.13,-9.25],[-37.14,-9.27],[-37.16,-9.28],[-37.17,-9.25],[-37.19,-9.22],[-37.23,-9.24],[-37.23,-9.21],[-37.25,-9.19],[-37.26,-9.16],[-37.28,-9.15],[-37.29,-9.12],[-37.31,-9.11],[-37.33,-9.09],[-37.4,-9.05],[-37.42,-9.04],[-37.45,-9.03],[-37.47,-9.03],[-37.49,-9.0],[-37.49,-8.98],[-37.51,-8.97],[-37.53,-8.96],[-37.56,-8.97],[-37.58,-8.97],[-37.61,-8.99],[-37.62,-9.01],[-37.64,-9.02],[-37.66,-9.0],[-37.69,-9.0],[-37.7,-8.99],[-37.68,-8.97],[-37.7,-8.95],[-37.71,-8.93],[-37.73,-8.91],[-37.73,-8.89],[-37.75,-8.87],[-37.77,-8.86],[-37.8,-8.88],[-37.82,-8.89],[-37.82,-8.92],[-37.83,-8.94],[-37.83,-8.96],[-37.85,-8.98],[-37.86,-9.01],[-37.88,-9.04],[-37.9,-9.04],[-37.94,-9.08],[-37.95,-9.1],[-37.97,-9.12],[-37.98,-9.15],[-38.0,-9.15],[-38.03,-9.16],[-38.04,-9.17],[-38.06,-9.17],[-38.09,-9.17],[-38.12,-9.2],[-38.14,-9.22],[-38.16,-9.24],[-38.16,-9.26],[-38.18,-9.29],[-38.2,-9.3],[-38.22,-9.32],[-38.25,-9.29],[-38.29,-9.22],[-38.29,-9.17],[-38.31,-9.15],[-38.32,-9.12],[-38.3,-9.1],[-38.33,-9.08],[-38.31,-9.06],[-38.29,-9.05],[-38.3,-9.02],[-38.32,-9.0],[-38.34,-8.99],[-38.39,-9.02],[-38.41,-9.04],[-38.45,-9.02],[-38.48,-9.0],[-38.5,-8.98],[-38.51,-8.96],[-38.52,-8.93],[-38.5,-8.92],[-38.48,-8.9],[-38.47,-8.87],[-38.51,-8.83],[-38.55,-8.82],[-38.57,-8.83],[-38.6,-8.88],[-38.61,-8.95],[-38.62,-8.98],[-38.67,-8.97],[-38.69,-8.95],[-38.69,-8.92],[-38.7,-8.89],[-38.71,-8.86],[-38.74,-8.84],[-38.8,-8.79],[-38.85,-8.78],[-38.88,-8.79],[-38.92,-8.79],[-38.94,-8.8],[-38.96,-8.79],[-38.99,-8.77],[-39.02,-8.75],[-39.03,-8.74],[-39.06,-8.73],[-39.15,-8.71],[-39.17,-8.69],[-39.19,-8.71],[-39.21,-8.71],[-39.23,-8.71],[-39.25,-8.68],[-39.25,-8.65],[-39.25,-8.63],[-39.27,-8.61],[-39.27,-8.59],[-39.29,-8.56],[-39.34,-8.56],[-39.36,-8.54],[-39.38,-8.53],[-39.41,-8.54],[-39.43,-8.56],[-39.45,-8.56],[-39.46,-8.58],[-39.52,-8.6],[-39.54,-8.62],[-39.56,-8.63],[-39.61,-8.66],[-39.63,-8.66],[-39.65,-8.66],[-39.69,-8.66],[-39.68,-8.71],[-39.67,-8.74],[-39.68,-8.76],[-39.67,-8.78],[-39.69,-8.8],[-39.75,-8.79],[-39.79,-8.82],[-39.81,-8.82],[-39.87,-8.82],[-39.89,-8.83],[-39.9,-8.85],[-39.88,-8.9],[-39.87,-8.93],[-39.89,-8.97],[-39.92,-9.0],[-39.96,-9.05],[-39.98,-9.05],[-40.0,-9.06],[-40.03,-9.06],[-40.07,-9.06],[-40.13,-9.11],[-40.16,-9.11],[-40.21,-9.06],[-40.23,-9.06],[-40.25,-9.06],[-40.27,-9.08],[-40.29,-9.12],[-40.29,-9.15],[-40.29,-9.18],[-40.31,-9.27],[-40.34,-9.33],[-40.33,-9.35],[-40.36,-9.38],[-40.39,-9.37],[-40.41,-9.35],[-40.44,-9.36],[-40.45,-9.39],[-40.47,-9.42],[-40.49,-9.41],[-40.51,-9.41],[-40.53,-9.42],[-40.55,-9.45],[-40.57,-9.47],[-40.59,-9.47],[-40.62,-9.48],[-40.68,-9.47],[-40.71,-9.45],[-40.74,-9.44],[-40.78,-9.45],[-40.76,-9.43],[-40.75,-9.41],[-40.74,-9.38],[-40.74,-9.36],[-40.74,-9.34],[-40.76,-9.31],[-40.74,-9.3],[-40.72,-9.31],[-40.71,-9.29],[-40.69,-9.28],[-40.69,-9.26],[-40.69,-9.23],[-40.68,-9.21],[-40.67,-9.19],[-40.67,-9.16],[-40.68,-9.14],[-40.71,-9.14],[-40.73,-9.12],[-40.76,-9.12],[-40.78,-9.1],[-40.8,-9.1],[-40.82,-9.08],[-40.82,-9.05],[-40.83,-9.03],[-40.83,-9.01],[-40.85,-8.98],[-40.85,-8.95],[-40.87,-8.92],[-40.88,-8.9],[-40.9,-8.88],[-40.9,-8.86],[-40.92,-8.84],[-40.95,-8.84],[-40.96,-8.83],[-40.99,-8.83],[-41.02,-8.84],[-41.02,-8.81],[-41.04,-8.79],[-41.06,-8.78],[-41.08,-8.79],[-41.1,-8.78],[-41.12,-8.76],[-41.13,-8.75],[-41.12,-8.72],[-41.11,-8.7],[-41.16,-8.71],[-41.19,-8.71],[-41.23,-8.7],[-41.25,-8.72],[-41.27,-8.73],[-41.29,-8.74],[-41.31,-8.73],[-41.35,-8.72],[-41.31,-8.69],[-41.29,-8.66],[-41.25,-8.66],[-41.23,-8.65],[-41.21,-8.64],[-41.21,-8.61],[-41.2,-8.59],[-41.18,-8.59],[-41.16,-8.57],[-41.15,-8.55],[-41.13,-8.53],[-41.11,-8.53],[-41.09,-8.51],[-41.08,-8.48],[-41.05,-8.48],[-41.05,-8.45],[-41.02,-8.43],[-41.0,-8.4],[-40.97,-8.41],[-40.94,-8.43],[-40.91,-8.44],[-40.9,-8.41],[-40.89,-8.39],[-40.89,-8.37],[-40.87,-8.36],[-40.86,-8.38],[-40.84,-8.38],[-40.82,-8.36],[-40.82,-8.34],[-40.8,-8.32],[-40.79,-8.31],[-40.78,-8.29],[-40.78,-8.25],[-40.76,-8.24],[-40.74,-8.23],[-40.71,-8.22],[-40.7,-8.2],[-40.68,-8.19],[-40.67,-8.17],[-40.66,-8.16],[-40.64,-8.15],[-40.61,-8.15],[-40.59,-8.14],[-40.6,-8.12],[-40.6,-8.08],[-40.58,-8.04],[-40.54,-7.96],[-40.54,-7.87],[-40.54,-7.84],[-40.56,-7.82],[-40.57,-7.81],[-40.63,-7.79],[-40.65,-7.78],[-40.67,-7.76],[-40.68,-7.72],[-40.66,-7.69],[-40.65,-7.65],[-40.64,-7.61],[-40.69,-7.54],[-40.71,-7.49],[-40.7,-7.46],[-40.68,-7.45],[-40.66,-7.45],[-40.55,-7.39],[-40.5,-7.39],[-40.42,-7.39],[-40.37,-7.38],[-40.32,-7.37],[-40.29,-7.39],[-40.25,-7.43],[-40.15,-7.41],[-40.08,-7.4],[-40.02,-7.4],[-39.99,-7.39],[-39.96,-7.39],[-39.94,-7.37],[-39.92,-7.34],[-39.89,-7.34],[-39.86,-7.33],[-39.84,-7.33],[-39.82,-7.33],[-39.79,-7.33],[-39.76,-7.32],[-39.69,-7.32],[-39.66,-7.31],[-39.63,-7.33],[-39.61,-7.34],[-39.57,-7.37],[-39.54,-7.39],[-39.52,-7.41],[-39.5,-7.42],[-39.48,-7.44],[-39.45,-7.45],[-39.42,-7.47],[-39.4,-7.47],[-39.37,-7.49],[-39.35,-7.51],[-39.33,-7.53],[-39.32,-7.55],[-39.31,-7.57],[-39.3,-7.6],[-39.28,-7.61],[-39.3,-7.62],[-39.3,-7.64],[-39.31,-7.66],[-39.28,-7.66],[-39.25,-7.68],[-39.25,-7.7],[-39.23,-7.7],[-39.21,-7.69],[-39.19,-7.7],[-39.17,-7.71],[-39.15,-7.72],[-39.12,-7.74],[-39.11,-7.76],[-39.1,-7.78],[-39.09,-7.81],[-39.09,-7.84],[-39.09,-7.86],[-39.06,-7.84],[-39.05,-7.82],[-39.03,-7.82],[-39.01,-7.83],[-38.98,-7.85],[-38.96,-7.84],[-38.95,-7.82],[-38.94,-7.79],[-38.94,-7.77],[-38.93,-7.75],[-38.9,-7.74],[-38.88,-7.72],[-38.85,-7.72],[-38.83,-7.72],[-38.81,-7.7],[-38.82,-7.68],[-38.79,-7.67],[-38.76,-7.66],[-38.74,-7.65],[-38.73,-7.63],[-38.71,-7.62],[-38.69,-7.63],[-38.67,-7.66],[-38.65,-7.67],[-38.64,-7.69],[-38.63,-7.7],[-38.61,-7.73],[-38.59,-7.75],[-38.57,-7.75],[-38.55,-7.75],[-38.53,-7.75],[-38.5,-7.75],[-38.48,-7.73],[-38.46,-7.73],[-38.44,-7.72],[-38.41,-7.73],[-38.39,-7.71],[-38.37,-7.7],[-38.36,-7.68],[-38.34,-7.69],[-38.32,-7.7],[-38.31,-7.72],[-38.31,-7.74],[-38.32,-7.76],[-38.29,-7.78],[-38.3,-7.81],[-38.28,-7.83],[-38.24,-7.83],[-38.21,-7.81],[-38.19,-7.8],[-38.18,-7.79],[-38.14,-7.78],[-38.13,-7.8],[-38.12,-7.82],[-38.08,-7.83],[-38.07,-7.81],[-38.08,-7.79],[-38.05,-7.76],[-38.03,-7.75],[-38.01,-7.76],[-38.0,-7.78],[-37.97,-7.78],[-37.95,-7.76],[-37.93,-7.74],[-37.92,-7.71],[-37.89,-7.71],[-37.9,-7.69],[-37.86,-7.65],[-37.81,-7.64],[-37.79,-7.63],[-37.78,-7.64],[-37.76,-7.66],[-37.74,-7.66],[-37.75,-7.64],[-37.75,-7.61],[-37.73,-7.58],[-37.71,-7.57],[-37.71,-7.55],[-37.68,-7.55],[-37.66,-7.52],[-37.63,-7.53],[-37.61,-7.52],[-37.59,-7.5],[-37.57,-7.49],[-37.55,-7.48],[-37.53,-7.46],[-37.52,-7.44],[-37.51,-7.42],[-37.5,-7.4],[-37.49,-7.38],[-37.47,-7.36],[-37.44,-7.36],[-37.42,-7.36],[-37.39,-7.36],[-37.37,-7.35],[-37.35,-7.34],[-37.33,-7.29],[-37.29,-7.29],[-37.26,-7.27],[-37.23,-7.27],[-37.21,-7.29],[-37.18,-7.31]]],[[[-32.41,-3.84],[-32.39,-3.85],[-32.41,-3.86],[-32.42,-3.88],[-32.44,-3.87],[-32.46,-3.88],[-32.45,-3.86],[-32.41,-3.84]]],[[[-32.4,-3.84],[-32.4,-3.84]]]]},"properties":{"sigla":"PE","name":"Pernambuco"}},{"type":"Feature","geometry":{"type":"MultiPolygon","coordinates":[[[[-41.74,-2.81],[-41.71,-2.82],[-41.69,-2.84],[-41.66,-2.86],[-41.65,-2.87],[-41.63,-2.89],[-41.61,-2.9],[-41.58,-2.91],[-41.56,-2.9],[-41.53,-2.91],[-41.51,-2.91],[-41.49,-2.9],[-41.46,-2.9],[-41.44,-2.91],[-41.42,-2.91],[-41.38,-2.91],[-41.36,-2.92],[-41.33,-2.92],[-41.32,-2.95],[-41.3,-2.97],[-41.27,-2.97],[-41.26,-3.0],[-41.25,-3.03],[-41.26,-3.05],[-41.26,-3.07],[-41.27,-3.09],[-41.29,-3.1],[-41.32,-3.14],[-41.32,-3.17],[-41.39,-3.29],[-41.4,-3.31],[-41.4,-3.33],[-41.42,-3.35],[-41.42,-3.37],[-41.4,-3.36],[-41.4,-3.39],[-41.39,-3.41],[-41.36,-3.41],[-41.34,-3.42],[-41.34,-3.44],[-41.34,-3.46],[-41.33,-3.49],[-41.31,-3.49],[-41.32,-3.5],[-41.32,-3.53],[-41.34,-3.55],[-41.36,-3.56],[-41.36,-3.58],[-41.33,-3.62],[-41.34,-3.67],[-41.33,-3.69],[-41.29,-3.69],[-41.27,-3.7],[-41.24,-3.71],[-41.25,-3.73],[-41.26,-3.75],[-41.25,-3.77],[-41.27,-3.79],[-41.28,-3.81],[-41.3,-3.83],[-41.28,-3.83],[-41.27,-3.84],[-41.26,-3.86],[-41.25,-3.88],[-41.24,-3.9],[-41.22,-3.94],[-41.23,-3.97],[-41.24,-3.99],[-41.25,-4.01],[-41.25,-4.03],[-41.21,-4.03],[-41.18,-4.02],[-41.16,-4.03],[-41.12,-4.04],[-41.12,-4.06],[-41.12,-4.08],[-41.14,-4.12],[-41.13,-4.14],[-41.12,-4.16],[-41.09,-4.17],[-41.14,-4.23],[-41.12,-4.3],[-41.12,-4.32],[-41.13,-4.34],[-41.15,-4.37],[-41.16,-4.41],[-41.18,-4.44],[-41.18,-4.46],[-41.19,-4.48],[-41.19,-4.52],[-41.21,-4.54],[-41.22,-4.57],[-41.24,-4.57],[-41.22,-4.58],[-41.23,-4.6],[-41.23,-4.62],[-41.2,-4.64],[-41.19,-4.66],[-41.2,-4.7],[-41.23,-4.73],[-41.25,-4.76],[-41.23,-4.77],[-41.21,-4.78],[-41.23,-4.8],[-41.24,-4.84],[-41.24,-4.86],[-41.24,-4.88],[-41.23,-4.91],[-41.22,-4.93],[-41.21,-4.95],[-41.18,-4.95],[-41.15,-4.99],[-41.12,-5.01],[-41.13,-5.05],[-41.1,-5.05],[-41.09,-5.07],[-41.07,-5.1],[-41.04,-5.09],[-41.03,-5.11],[-41.01,-5.12],[-40.99,-5.14],[-40.96,-5.15],[-40.95,-5.17],[-40.93,-5.17],[-40.93,-5.2],[-40.92,-5.23],[-40.94,-5.24],[-40.92,-5.25],[-40.92,-5.28],[-40.92,-5.3],[-40.92,-5.33],[-40.93,-5.35],[-40.94,-5.37],[-40.92,-5.38],[-40.91,-5.4],[-40.94,-5.42],[-40.94,-5.44],[-40.92,-5.46],[-40.93,-5.48],[-40.93,-5.5],[-40.94,-5.53],[-40.93,-5.55],[-40.91,-5.57],[-40.91,-5.59],[-40.9,-5.61],[-40.91,-5.64],[-40.92,-5.66],[-40.94,-5.67],[-40.93,-5.71],[-40.91,-5.73],[-40.91,-5.77],[-40.91,-5.79],[-40.91,-5.83],[-40.91,-5.85],[-40.89,-5.88],[-40.88,-5.92],[-40.87,-5.97],[-40.89,-6.01],[-40.91,-6.03],[-40.88,-6.05],[-40.86,-6.1],[-40.85,-6.13],[-40.85,-6.16],[-40.85,-6.2],[-40.85,-6.22],[-40.82,-6.26],[-40.81,-6.29],[-40.79,-6.3],[-40.78,-6.32],[-40.79,-6.37],[-40.8,-6.39],[-40.8,-6.43],[-40.79,-6.46],[-40.79,-6.5],[-40.79,-6.52],[-40.75,-6.57],[-40.74,-6.6],[-40.72,-6.62],[-40.73,-6.65],[-40.71,-6.68],[-40.65,-6.68],[-40.63,-6.7],[-40.61,-6.71],[-40.56,-6.72],[-40.52,-6.73],[-40.48,-6.73],[-40.46,-6.75],[-40.45,-6.77],[-40.44,-6.79],[-40.43,-6.81],[-40.4,-6.8],[-40.37,-6.8],[-40.39,-6.83],[-40.41,-6.85],[-40.43,-6.86],[-40.43,-6.88],[-40.42,-6.93],[-40.43,-6.99],[-40.41,-7.0],[-40.43,-7.01],[-40.44,-7.05],[-40.46,-7.08],[-40.49,-7.12],[-40.49,-7.17],[-40.5,-7.19],[-40.51,-7.23],[-40.51,-7.27],[-40.51,-7.3],[-40.52,-7.32],[-40.54,-7.33],[-40.55,-7.39],[-40.65,-7.43],[-40.67,-7.45],[-40.7,-7.46],[-40.71,-7.49],[-40.69,-7.54],[-40.65,-7.59],[-40.65,-7.65],[-40.66,-7.69],[-40.68,-7.72],[-40.67,-7.76],[-40.65,-7.78],[-40.63,-7.79],[-40.57,-7.81],[-40.56,-7.82],[-40.54,-7.84],[-40.54,-7.87],[-40.54,-7.95],[-40.58,-8.03],[-40.6,-8.08],[-40.6,-8.1],[-40.59,-8.12],[-40.6,-8.14],[-40.63,-8.14],[-40.64,-8.16],[-40.67,-8.16],[-40.67,-8.18],[-40.69,-8.2],[-40.71,-8.22],[-40.73,-8.22],[-40.74,-8.24],[-40.77,-8.25],[-40.78,-8.28],[-40.78,-8.3],[-40.79,-8.32],[-40.82,-8.32],[-40.82,-8.36],[-40.84,-8.38],[-40.86,-8.38],[-40.87,-8.36],[-40.89,-8.36],[-40.89,-8.39],[-40.91,-8.4],[-40.9,-8.42],[-40.93,-8.45],[-40.96,-8.42],[-40.98,-8.4],[-41.0,-8.41],[-41.04,-8.43],[-41.05,-8.48],[-41.08,-8.47],[-41.08,-8.5],[-41.1,-8.52],[-41.13,-8.54],[-41.15,-8.53],[-41.16,-8.57],[-41.18,-8.59],[-41.2,-8.59],[-41.21,-8.61],[-41.21,-8.63],[-41.23,-8.65],[-41.25,-8.66],[-41.29,-8.66],[-41.31,-8.69],[-41.34,-8.71],[-41.36,-8.71],[-41.38,-8.71],[-41.39,-8.72],[-41.4,-8.75],[-41.41,-8.77],[-41.42,-8.8],[-41.46,-8.83],[-41.48,-8.84],[-41.49,-8.86],[-41.51,-8.88],[-41.52,-8.9],[-41.53,-8.93],[-41.54,-8.96],[-41.57,-8.97],[-41.59,-8.95],[-41.61,-8.97],[-41.62,-8.98],[-41.65,-8.99],[-41.67,-8.99],[-41.68,-9.01],[-41.71,-9.01],[-41.73,-9.05],[-41.73,-9.07],[-41.73,-9.09],[-41.76,-9.12],[-41.8,-9.15],[-41.82,-9.19],[-41.84,-9.24],[-41.86,-9.24],[-41.88,-9.25],[-41.9,-9.26],[-41.92,-9.28],[-41.94,-9.27],[-41.96,-9.26],[-42.0,-9.27],[-42.02,-9.25],[-42.05,-9.26],[-42.1,-9.28],[-42.14,-9.29],[-42.18,-9.28],[-42.21,-9.29],[-42.23,-9.28],[-42.25,-9.29],[-42.27,-9.31],[-42.29,-9.31],[-42.32,-9.32],[-42.33,-9.34],[-42.35,-9.35],[-42.36,-9.37],[-42.4,-9.4],[-42.42,-9.41],[-42.43,-9.44],[-42.44,-9.46],[-42.47,-9.46],[-42.49,-9.47],[-42.49,-9.49],[-42.52,-9.5],[-42.55,-9.5],[-42.57,-9.5],[-42.59,-9.5],[-42.62,-9.54],[-42.65,-9.54],[-42.67,-9.55],[-42.71,-9.53],[-42.72,-9.56],[-42.73,-9.57],[-42.76,-9.59],[-42.76,-9.61],[-42.8,-9.62],[-42.82,-9.6],[-42.83,-9.58],[-42.84,-9.55],[-42.87,-9.56],[-42.91,-9.53],[-42.93,-9.53],[-42.95,-9.51],[-42.96,-9.48],[-42.96,-9.46],[-42.96,-9.44],[-42.97,-9.41],[-43.0,-9.41],[-43.05,-9.41],[-43.07,-9.39],[-43.1,-9.39],[-43.12,-9.37],[-43.15,-9.38],[-43.16,-9.39],[-43.17,-9.41],[-43.19,-9.42],[-43.21,-9.4],[-43.23,-9.4],[-43.25,-9.41],[-43.27,-9.42],[-43.29,-9.4],[-43.31,-9.39],[-43.33,-9.37],[-43.37,-9.35],[-43.4,-9.3],[-43.42,-9.28],[-43.44,-9.26],[-43.46,-9.26],[-43.49,-9.26],[-43.51,-9.28],[-43.53,-9.3],[-43.54,-9.31],[-43.57,-9.31],[-43.62,-9.37],[-43.69,-9.42],[-43.75,-9.43],[-43.78,-9.45],[-43.8,-9.48],[-43.82,-9.49],[-43.83,-9.52],[-43.85,-9.55],[-43.84,-9.59],[-43.84,-9.61],[-43.84,-9.64],[-43.8,-9.69],[-43.79,-9.71],[-43.78,-9.76],[-43.76,-9.77],[-43.75,-9.78],[-43.72,-9.79],[-43.7,-9.81],[-43.68,-9.82],[-43.65,-9.84],[-43.66,-9.86],[-43.68,-9.89],[-43.7,-9.9],[-43.71,-9.92],[-43.69,-9.94],[-43.7,-9.97],[-43.68,-9.98],[-43.67,-9.99],[-43.67,-10.03],[-43.69,-10.04],[-43.69,-10.06],[-43.73,-10.07],[-43.75,-10.07],[-43.77,-10.1],[-43.77,-10.13],[-43.78,-10.18],[-43.8,-10.21],[-43.84,-10.25],[-43.83,-10.28],[-43.84,-10.3],[-43.85,-10.32],[-43.87,-10.33],[-43.89,-10.35],[-43.91,-10.38],[-43.92,-10.42],[-43.94,-10.43],[-43.96,-10.42],[-43.99,-10.41],[-44.02,-10.4],[-44.04,-10.44],[-44.03,-10.48],[-44.04,-10.49],[-44.07,-10.56],[-44.07,-10.58],[-44.09,-10.59],[-44.12,-10.61],[-44.13,-10.63],[-44.16,-10.64],[-44.18,-10.63],[-44.21,-10.61],[-44.24,-10.63],[-44.26,-10.62],[-44.28,-10.61],[-44.3,-10.58],[-44.31,-10.56],[-44.34,-10.55],[-44.4,-10.6],[-44.42,-10.61],[-44.45,-10.61],[-44.48,-10.64],[-44.5,-10.65],[-44.52,-10.65],[-44.55,-10.63],[-44.58,-10.63],[-44.6,-10.65],[-44.61,-10.66],[-44.64,-10.68],[-44.67,-10.69],[-44.66,-10.73],[-44.66,-10.75],[-44.69,-10.77],[-44.71,-10.76],[-44.75,-10.78],[-44.76,-10.8],[-44.78,-10.81],[-44.81,-10.85],[-44.81,-10.87],[-44.83,-10.88],[-44.85,-10.9],[-44.86,-10.89],[-44.88,-10.9],[-44.91,-10.91],[-44.93,-10.93],[-44.97,-10.89],[-44.99,-10.88],[-45.02,-10.88],[-45.03,-10.87],[-45.07,-10.84],[-45.1,-10.85],[-45.15,-10.84],[-45.22,-10.83],[-45.24,-10.82],[-45.26,-10.81],[-45.27,-10.77],[-45.32,-10.76],[-45.36,-10.73],[-45.37,-10.67],[-45.39,-10.65],[-45.41,-10.64],[-45.43,-10.63],[-45.44,-10.58],[-45.45,-10.56],[-45.44,-10.53],[-45.45,-10.51],[-45.43,-10.49],[-45.4,-10.46],[-45.41,-10.43],[-45.43,-10.41],[-45.43,-10.39],[-45.43,-10.37],[-45.46,-10.34],[-45.47,-10.31],[-45.49,-10.3],[-45.52,-10.29],[-45.52,-10.26],[-45.53,-10.24],[-45.56,-10.22],[-45.57,-10.18],[-45.57,-10.16],[-45.57,-10.14],[-45.58,-10.12],[-45.6,-10.11],[-45.64,-10.13],[-45.67,-10.14],[-45.7,-10.16],[-45.72,-10.15],[-45.73,-10.17],[-45.73,-10.21],[-45.73,-10.23],[-45.79,-10.27],[-45.84,-10.26],[-45.88,-10.24],[-45.93,-10.25],[-45.95,-10.26],[-45.95,-10.22],[-45.95,-10.2],[-45.93,-10.18],[-45.91,-10.16],[-45.9,-10.14],[-45.89,-10.11],[-45.87,-10.07],[-45.88,-10.04],[-45.87,-10.01],[-45.86,-9.99],[-45.85,-9.96],[-45.84,-9.94],[-45.85,-9.92],[-45.86,-9.89],[-45.86,-9.86],[-45.86,-9.84],[-45.84,-9.81],[-45.83,-9.79],[-45.82,-9.76],[-45.83,-9.73],[-45.83,-9.71],[-45.83,-9.68],[-45.83,-9.65],[-45.83,-9.63],[-45.83,-9.6],[-45.84,-9.58],[-45.84,-9.56],[-45.82,-9.53],[-45.81,-9.5],[-45.8,-9.49],[-45.79,-9.46],[-45.8,-9.44],[-45.8,-9.42],[-45.82,-9.39],[-45.85,-9.36],[-45.87,-9.35],[-45.89,-9.34],[-45.9,-9.32],[-45.91,-9.3],[-45.9,-9.27],[-45.9,-9.25],[-45.9,-9.22],[-45.91,-9.19],[-45.91,-9.17],[-45.92,-9.15],[-45.93,-9.12],[-45.92,-9.09],[-45.93,-9.07],[-45.94,-9.05],[-45.94,-9.02],[-45.96,-9.0],[-45.97,-8.98],[-45.99,-8.94],[-45.98,-8.92],[-45.98,-8.9],[-45.97,-8.88],[-45.96,-8.85],[-45.94,-8.83],[-45.95,-8.81],[-45.94,-8.78],[-45.92,-8.77],[-45.89,-8.76],[-45.89,-8.74],[-45.86,-8.73],[-45.85,-8.71],[-45.82,-8.67],[-45.82,-8.63],[-45.8,-8.62],[-45.78,-8.62],[-45.78,-8.6],[-45.77,-8.57],[-45.76,-8.55],[-45.76,-8.53],[-45.74,-8.5],[-45.74,-8.48],[-45.74,-8.45],[-45.73,-8.43],[-45.72,-8.4],[-45.71,-8.39],[-45.69,-8.36],[-45.69,-8.34],[-45.68,-8.32],[-45.67,-8.3],[-45.66,-8.25],[-45.61,-8.2],[-45.6,-8.17],[-45.58,-8.16],[-45.59,-8.14],[-45.57,-8.11],[-45.57,-8.08],[-45.57,-8.06],[-45.58,-8.03],[-45.55,-8.02],[-45.57,-8.0],[-45.56,-7.97],[-45.55,-7.95],[-45.54,-7.92],[-45.52,-7.91],[-45.54,-7.9],[-45.52,-7.89],[-45.54,-7.86],[-45.53,-7.84],[-45.51,-7.82],[-45.5,-7.8],[-45.49,-7.78],[-45.5,-7.75],[-45.49,-7.73],[-45.47,-7.71],[-45.47,-7.69],[-45.45,-7.68],[-45.44,-7.67],[-45.42,-7.66],[-45.4,-7.64],[-45.39,-7.61],[-45.37,-7.62],[-45.34,-7.59],[-45.32,-7.57],[-45.3,-7.57],[-45.28,-7.57],[-45.25,-7.56],[-45.23,-7.55],[-45.22,-7.57],[-45.2,-7.55],[-45.18,-7.54],[-45.16,-7.51],[-45.13,-7.51],[-45.08,-7.5],[-45.05,-7.51],[-45.02,-7.5],[-45.0,-7.49],[-44.98,-7.48],[-44.96,-7.48],[-44.94,-7.47],[-44.92,-7.46],[-44.9,-7.43],[-44.87,-7.42],[-44.85,-7.4],[-44.83,-7.38],[-44.82,-7.36],[-44.79,-7.37],[-44.74,-7.36],[-44.73,-7.39],[-44.71,-7.39],[-44.68,-7.36],[-44.66,-7.33],[-44.64,-7.32],[-44.62,-7.31],[-44.6,-7.28],[-44.58,-7.26],[-44.57,-7.24],[-44.53,-7.22],[-44.51,-7.2],[-44.49,-7.18],[-44.46,-7.16],[-44.44,-7.16],[-44.41,-7.14],[-44.38,-7.12],[-44.36,-7.12],[-44.33,-7.11],[-44.31,-7.12],[-44.27,-7.07],[-44.28,-7.05],[-44.26,-7.02],[-44.26,-7.0],[-44.24,-7.0],[-44.21,-6.96],[-44.2,-6.93],[-44.18,-6.93],[-44.18,-6.9],[-44.16,-6.87],[-44.14,-6.86],[-44.13,-6.84],[-44.11,-6.86],[-44.1,-6.84],[-44.11,-6.82],[-44.09,-6.8],[-44.08,-6.82],[-44.06,-6.81],[-44.06,-6.79],[-44.04,-6.77],[-43.99,-6.76],[-43.97,-6.74],[-43.95,-6.75],[-43.93,-6.77],[-43.92,-6.76],[-43.88,-6.76],[-43.85,-6.74],[-43.82,-6.73],[-43.8,-6.71],[-43.78,-6.71],[-43.76,-6.7],[-43.73,-6.7],[-43.71,-6.7],[-43.67,-6.71],[-43.64,-6.72],[-43.62,-6.73],[-43.6,-6.74],[-43.58,-6.76],[-43.56,-6.75],[-43.55,-6.78],[-43.51,-6.8],[-43.49,-6.82],[-43.46,-6.85],[-43.43,-6.84],[-43.41,-6.84],[-43.39,-6.83],[-43.36,-6.82],[-43.35,-6.8],[-43.31,-6.8],[-43.28,-6.8],[-43.25,-6.77],[-43.2,-6.76],[-43.17,-6.77],[-43.15,-6.78],[-43.13,-6.78],[-43.1,-6.77],[-43.08,-6.75],[-43.06,-6.75],[-43.03,-6.76],[-43.0,-6.75],[-42.98,-6.72],[-42.95,-6.7],[-42.92,-6.67],[-42.91,-6.65],[-42.9,-6.6],[-42.89,-6.57],[-42.89,-6.54],[-42.87,-6.51],[-42.88,-6.49],[-42.87,-6.47],[-42.87,-6.43],[-42.87,-6.41],[-42.86,-6.39],[-42.85,-6.36],[-42.83,-6.34],[-42.85,-6.33],[-42.85,-6.31],[-42.85,-6.28],[-42.86,-6.26],[-42.87,-6.23],[-42.89,-6.22],[-42.92,-6.21],[-42.93,-6.19],[-42.97,-6.18],[-42.98,-6.13],[-43.01,-6.11],[-43.03,-6.11],[-43.06,-6.08],[-43.07,-6.05],[-43.06,-6.03],[-43.05,-6.0],[-43.06,-5.98],[-43.08,-5.96],[-43.09,-5.93],[-43.09,-5.91],[-43.08,-5.87],[-43.1,-5.83],[-43.09,-5.81],[-43.1,-5.77],[-43.1,-5.75],[-43.08,-5.73],[-43.09,-5.68],[-43.08,-5.65],[-43.1,-5.63],[-43.09,-5.61],[-43.06,-5.6],[-43.03,-5.59],[-43.03,-5.57],[-43.0,-5.54],[-42.99,-5.51],[-42.98,-5.49],[-42.97,-5.45],[-42.95,-5.44],[-42.93,-5.43],[-42.91,-5.4],[-42.88,-5.39],[-42.86,-5.37],[-42.84,-5.36],[-42.81,-5.3],[-42.82,-5.26],[-42.83,-5.23],[-42.81,-5.22],[-42.8,-5.2],[-42.8,-5.15],[-42.81,-5.13],[-42.82,-5.1],[-42.84,-5.07],[-42.84,-5.03],[-42.86,-4.98],[-42.85,-4.94],[-42.87,-4.92],[-42.89,-4.9],[-42.89,-4.87],[-42.9,-4.84],[-42.92,-4.82],[-42.94,-4.8],[-42.95,-4.77],[-42.93,-4.75],[-42.92,-4.72],[-42.94,-4.71],[-42.95,-4.69],[-42.92,-4.65],[-42.87,-4.58],[-42.87,-4.56],[-42.87,-4.54],[-42.86,-4.51],[-42.85,-4.5],[-42.87,-4.47],[-42.88,-4.45],[-42.87,-4.43],[-42.89,-4.41],[-42.93,-4.38],[-42.95,-4.39],[-42.96,-4.35],[-42.98,-4.31],[-42.98,-4.29],[-42.99,-4.23],[-42.98,-4.21],[-42.94,-4.17],[-42.91,-4.16],[-42.89,-4.16],[-42.9,-4.13],[-42.88,-4.11],[-42.86,-4.09],[-42.84,-4.04],[-42.82,-3.99],[-42.8,-4.0],[-42.78,-3.96],[-42.74,-3.93],[-42.73,-3.91],[-42.72,-3.88],[-42.69,-3.81],[-42.67,-3.79],[-42.68,-3.77],[-42.67,-3.74],[-42.68,-3.7],[-42.68,-3.68],[-42.66,-3.65],[-42.64,-3.63],[-42.62,-3.61],[-42.61,-3.59],[-42.57,-3.57],[-42.53,-3.52],[-42.53,-3.49],[-42.51,-3.48],[-42.5,-3.46],[-42.49,-3.47],[-42.47,-3.48],[-42.45,-3.48],[-42.43,-3.45],[-42.42,-3.47],[-42.39,-3.46],[-42.37,-3.45],[-42.33,-3.43],[-42.3,-3.45],[-42.27,-3.44],[-42.24,-3.43],[-42.22,-3.43],[-42.2,-3.43],[-42.2,-3.41],[-42.15,-3.39],[-42.14,-3.36],[-42.13,-3.34],[-42.12,-3.32],[-42.1,-3.31],[-42.13,-3.29],[-42.12,-3.26],[-42.08,-3.26],[-42.03,-3.25],[-42.01,-3.25],[-41.98,-3.22],[-41.97,-3.19],[-41.96,-3.18],[-41.94,-3.16],[-41.92,-3.14],[-41.93,-3.12],[-41.9,-3.1],[-41.87,-3.06],[-41.84,-3.04],[-41.82,-3.02],[-41.81,-2.99],[-41.8,-2.97],[-41.8,-2.94],[-41.82,-2.93],[-41.84,-2.91],[-41.86,-2.89],[-41.86,-2.86],[-41.86,-2.83],[-41.84,-2.82],[-41.85,-2.77],[-41.82,-2.76],[-41.81,-2.74],[-41.78,-2.77],[-41.76,-2.79],[-41.75,-2.8],[-41.74,-2.81]]]]},"properties":{"sigla":"PI","name":"Piau\u00ed"}},{"type":"Feature","geometry":{"type":"MultiPolygon","coordinates":[[[[-52.06,-22.53],[-52.04,-22.54],[-52.0,-22.55],[-51.96,-22.56],[-51.94,-22.57],[-51.9,-22.6],[-51.89,-22.62],[-51.87,-22.63],[-51.85,-22.63],[-51.77,-22.61],[-51.75,-22.62],[-51.73,-22.64],[-51.73,-22.66],[-51.7,-22.67],[-51.67,-22.66],[-51.63,-22.66],[-51.59,-22.69],[-51.56,-22.7],[-51.53,-22.69],[-51.5,-22.69],[-51.47,-22.68],[-51.45,-22.65],[-51.42,-22.65],[-51.4,-22.67],[-51.37,-22.66],[-51.33,-22.67],[-51.31,-22.67],[-51.28,-22.67],[-51.26,-22.67],[-51.25,-22.68],[-51.23,-22.71],[-51.21,-22.72],[-51.19,-22.73],[-51.16,-22.75],[-51.11,-22.76],[-51.06,-22.77],[-51.0,-22.79],[-50.98,-22.78],[-50.94,-22.8],[-50.92,-22.8],[-50.89,-22.8],[-50.84,-22.83],[-50.83,-22.86],[-50.82,-22.88],[-50.8,-22.89],[-50.81,-22.94],[-50.78,-22.95],[-50.75,-22.95],[-50.73,-22.96],[-50.71,-22.95],[-50.68,-22.9],[-50.65,-22.9],[-50.62,-22.91],[-50.58,-22.9],[-50.55,-22.91],[-50.53,-22.92],[-50.52,-22.94],[-50.49,-22.94],[-50.47,-22.94],[-50.45,-22.94],[-50.42,-22.93],[-50.42,-22.91],[-50.4,-22.91],[-50.37,-22.91],[-50.34,-22.93],[-50.32,-22.95],[-50.3,-22.94],[-50.27,-22.93],[-50.25,-22.94],[-50.22,-22.95],[-50.2,-22.95],[-50.18,-22.95],[-50.16,-22.94],[-50.13,-22.94],[-50.11,-22.94],[-50.09,-22.92],[-50.07,-22.93],[-50.05,-22.91],[-50.03,-22.91],[-50.01,-22.93],[-50.0,-22.9],[-49.96,-22.92],[-49.96,-22.94],[-49.97,-22.95],[-49.95,-22.98],[-49.93,-22.98],[-49.9,-23.0],[-49.92,-23.04],[-49.9,-23.06],[-49.88,-23.07],[-49.85,-23.07],[-49.83,-23.07],[-49.81,-23.09],[-49.79,-23.1],[-49.76,-23.11],[-49.74,-23.1],[-49.73,-23.11],[-49.73,-23.13],[-49.72,-23.15],[-49.7,-23.16],[-49.67,-23.18],[-49.65,-23.21],[-49.65,-23.24],[-49.64,-23.26],[-49.63,-23.28],[-49.63,-23.3],[-49.62,-23.33],[-49.64,-23.35],[-49.61,-23.35],[-49.59,-23.37],[-49.59,-23.39],[-49.62,-23.39],[-49.6,-23.4],[-49.58,-23.41],[-49.57,-23.43],[-49.6,-23.44],[-49.6,-23.46],[-49.61,-23.49],[-49.61,-23.51],[-49.61,-23.53],[-49.6,-23.55],[-49.6,-23.57],[-49.62,-23.59],[-49.62,-23.61],[-49.61,-23.63],[-49.59,-23.66],[-49.58,-23.68],[-49.56,-23.69],[-49.55,-23.72],[-49.57,-23.74],[-49.56,-23.76],[-49.57,-23.78],[-49.56,-23.8],[-49.58,-23.83],[-49.6,-23.84],[-49.61,-23.85],[-49.6,-23.87],[-49.59,-23.89],[-49.57,-23.9],[-49.55,-23.91],[-49.54,-23.93],[-49.51,-23.92],[-49.52,-23.95],[-49.5,-23.96],[-49.5,-23.99],[-49.49,-24.01],[-49.47,-24.03],[-49.45,-24.05],[-49.44,-24.07],[-49.43,-24.09],[-49.4,-24.1],[-49.39,-24.11],[-49.37,-24.11],[-49.34,-24.14],[-49.34,-24.17],[-49.34,-24.19],[-49.36,-24.21],[-49.32,-24.24],[-49.3,-24.25],[-49.3,-24.27],[-49.29,-24.29],[-49.27,-24.31],[-49.25,-24.32],[-49.23,-24.33],[-49.21,-24.34],[-49.22,-24.36],[-49.24,-24.38],[-49.25,-24.4],[-49.24,-24.42],[-49.25,-24.44],[-49.24,-24.46],[-49.26,-24.47],[-49.28,-24.5],[-49.29,-24.53],[-49.29,-24.55],[-49.32,-24.56],[-49.31,-24.58],[-49.3,-24.6],[-49.31,-24.61],[-49.32,-24.64],[-49.3,-24.65],[-49.29,-24.67],[-49.28,-24.69],[-49.24,-24.7],[-49.21,-24.7],[-49.19,-24.68],[-49.17,-24.67],[-49.13,-24.68],[-49.11,-24.69],[-49.09,-24.68],[-49.06,-24.68],[-49.04,-24.66],[-49.04,-24.64],[-49.02,-24.64],[-49.0,-24.66],[-48.98,-24.67],[-48.96,-24.68],[-48.93,-24.67],[-48.91,-24.68],[-48.88,-24.67],[-48.85,-24.67],[-48.83,-24.66],[-48.81,-24.67],[-48.79,-24.68],[-48.77,-24.69],[-48.75,-24.68],[-48.73,-24.69],[-48.7,-24.68],[-48.68,-24.67],[-48.68,-24.69],[-48.66,-24.71],[-48.64,-24.69],[-48.62,-24.67],[-48.6,-24.67],[-48.58,-24.67],[-48.57,-24.69],[-48.56,-24.71],[-48.54,-24.72],[-48.53,-24.74],[-48.5,-24.73],[-48.51,-24.76],[-48.53,-24.78],[-48.56,-24.81],[-48.56,-24.83],[-48.56,-24.86],[-48.55,-24.87],[-48.56,-24.89],[-48.57,-24.92],[-48.56,-24.94],[-48.57,-24.96],[-48.58,-24.98],[-48.59,-25.0],[-48.6,-25.02],[-48.58,-25.03],[-48.57,-25.05],[-48.56,-25.07],[-48.54,-25.09],[-48.52,-25.09],[-48.5,-25.07],[-48.49,-25.05],[-48.47,-25.01],[-48.43,-24.99],[-48.41,-24.98],[-48.38,-25.0],[-48.35,-25.02],[-48.34,-25.04],[-48.32,-25.05],[-48.3,-25.03],[-48.28,-25.03],[-48.27,-25.0],[-48.25,-24.98],[-48.24,-25.0],[-48.23,-25.02],[-48.21,-25.03],[-48.21,-25.06],[-48.21,-25.08],[-48.2,-25.1],[-48.18,-25.13],[-48.17,-25.14],[-48.17,-25.17],[-48.19,-25.19],[-48.18,-25.21],[-48.16,-25.22],[-48.11,-25.25],[-48.1,-25.24],[-48.07,-25.24],[-48.06,-25.22],[-48.04,-25.22],[-48.04,-25.24],[-48.05,-25.26],[-48.07,-25.27],[-48.1,-25.3],[-48.13,-25.34],[-48.15,-25.36],[-48.18,-25.4],[-48.2,-25.43],[-48.21,-25.46],[-48.24,-25.47],[-48.28,-25.48],[-48.3,-25.49],[-48.28,-25.51],[-48.28,-25.53],[-48.3,-25.55],[-48.31,-25.58],[-48.36,-25.59],[-48.38,-25.59],[-48.41,-25.62],[-48.43,-25.64],[-48.46,-25.68],[-48.47,-25.71],[-48.52,-25.8],[-48.54,-25.84],[-48.55,-25.85],[-48.56,-25.87],[-48.57,-25.91],[-48.58,-25.93],[-48.59,-25.96],[-48.6,-25.98],[-48.62,-25.98],[-48.64,-25.97],[-48.66,-25.97],[-48.68,-25.98],[-48.71,-25.98],[-48.88,-25.98],[-48.96,-25.98],[-48.98,-25.99],[-49.0,-26.01],[-49.02,-26.02],[-49.04,-26.0],[-49.05,-26.02],[-49.07,-26.01],[-49.09,-26.0],[-49.11,-26.0],[-49.14,-26.02],[-49.16,-26.01],[-49.18,-26.01],[-49.21,-26.02],[-49.22,-26.03],[-49.24,-26.04],[-49.25,-26.06],[-49.27,-26.08],[-49.29,-26.08],[-49.3,-26.1],[-49.33,-26.12],[-49.35,-26.13],[-49.37,-26.15],[-49.39,-26.16],[-49.42,-26.15],[-49.43,-26.17],[-49.46,-26.16],[-49.48,-26.19],[-49.49,-26.2],[-49.5,-26.22],[-49.52,-26.22],[-49.55,-26.22],[-49.57,-26.23],[-49.58,-26.21],[-49.59,-26.23],[-49.61,-26.21],[-49.63,-26.21],[-49.63,-26.19],[-49.65,-26.21],[-49.65,-26.19],[-49.67,-26.19],[-49.69,-26.18],[-49.71,-26.15],[-49.73,-26.17],[-49.73,-26.15],[-49.75,-26.14],[-49.76,-26.11],[-49.79,-26.1],[-49.81,-26.09],[-49.83,-26.08],[-49.83,-26.05],[-49.86,-26.05],[-49.87,-26.03],[-49.89,-26.03],[-49.91,-26.02],[-49.93,-26.03],[-49.94,-26.01],[-49.96,-26.02],[-49.97,-26.06],[-49.96,-26.02],[-49.99,-26.01],[-50.01,-26.01],[-50.0,-26.04],[-50.03,-26.03],[-50.06,-26.04],[-50.08,-26.05],[-50.08,-26.02],[-50.09,-26.04],[-50.11,-26.06],[-50.13,-26.05],[-50.15,-26.06],[-50.14,-26.03],[-50.16,-26.03],[-50.16,-26.05],[-50.18,-26.08],[-50.21,-26.06],[-50.23,-26.05],[-50.25,-26.03],[-50.25,-26.05],[-50.27,-26.05],[-50.3,-26.05],[-50.32,-26.07],[-50.33,-26.08],[-50.33,-26.11],[-50.32,-26.13],[-50.35,-26.12],[-50.36,-26.09],[-50.4,-26.06],[-50.43,-26.06],[-50.45,-26.04],[-50.47,-26.03],[-50.49,-26.03],[-50.52,-26.03],[-50.55,-26.04],[-50.56,-26.01],[-50.59,-26.02],[-50.59,-26.04],[-50.57,-26.04],[-50.56,-26.06],[-50.59,-26.07],[-50.63,-26.06],[-50.64,-26.08],[-50.66,-26.1],[-50.65,-26.13],[-50.68,-26.15],[-50.7,-26.18],[-50.73,-26.2],[-50.71,-26.24],[-50.73,-26.25],[-50.75,-26.23],[-50.79,-26.23],[-50.83,-26.25],[-50.83,-26.27],[-50.86,-26.24],[-50.88,-26.26],[-50.89,-26.29],[-50.91,-26.25],[-50.93,-26.23],[-50.93,-26.27],[-50.95,-26.27],[-50.97,-26.25],[-50.99,-26.23],[-51.05,-26.24],[-51.08,-26.23],[-51.09,-26.25],[-51.1,-26.27],[-51.12,-26.28],[-51.14,-26.29],[-51.16,-26.28],[-51.18,-26.3],[-51.2,-26.3],[-51.22,-26.32],[-51.24,-26.32],[-51.26,-26.34],[-51.26,-26.36],[-51.27,-26.38],[-51.28,-26.4],[-51.3,-26.42],[-51.28,-26.44],[-51.27,-26.46],[-51.25,-26.47],[-51.27,-26.49],[-51.27,-26.51],[-51.25,-26.53],[-51.24,-26.54],[-51.23,-26.56],[-51.23,-26.59],[-51.24,-26.6],[-51.24,-26.63],[-51.27,-26.64],[-51.28,-26.65],[-51.31,-26.65],[-51.33,-26.65],[-51.35,-26.65],[-51.37,-26.66],[-51.41,-26.68],[-51.39,-26.7],[-51.41,-26.72],[-51.43,-26.69],[-51.44,-26.67],[-51.46,-26.65],[-51.46,-26.63],[-51.49,-26.62],[-51.49,-26.59],[-51.52,-26.59],[-51.57,-26.59],[-51.6,-26.59],[-51.62,-26.59],[-51.64,-26.58],[-51.66,-26.57],[-51.69,-26.58],[-51.73,-26.57],[-51.76,-26.58],[-51.78,-26.59],[-51.8,-26.59],[-51.82,-26.58],[-51.84,-26.59],[-51.86,-26.6],[-51.88,-26.59],[-51.93,-26.58],[-51.95,-26.57],[-51.97,-26.57],[-52.01,-26.57],[-52.02,-26.55],[-52.05,-26.53],[-52.06,-26.52],[-52.09,-26.51],[-52.1,-26.48],[-52.12,-26.48],[-52.14,-26.47],[-52.18,-26.45],[-52.2,-26.46],[-52.23,-26.46],[-52.25,-26.45],[-52.27,-26.46],[-52.3,-26.44],[-52.34,-26.44],[-52.36,-26.44],[-52.39,-26.43],[-52.41,-26.43],[-52.44,-26.44],[-52.47,-26.44],[-52.49,-26.42],[-52.52,-26.4],[-52.54,-26.4],[-52.56,-26.41],[-52.59,-26.41],[-52.61,-26.41],[-52.63,-26.39],[-52.66,-26.37],[-52.68,-26.35],[-52.7,-26.36],[-52.72,-26.35],[-52.74,-26.34],[-52.76,-26.35],[-52.79,-26.35],[-52.81,-26.34],[-52.84,-26.35],[-52.87,-26.36],[-52.91,-26.36],[-52.93,-26.36],[-52.99,-26.35],[-53.01,-26.36],[-53.03,-26.37],[-53.05,-26.38],[-53.07,-26.39],[-53.09,-26.38],[-53.12,-26.37],[-53.14,-26.36],[-53.16,-26.35],[-53.18,-26.34],[-53.2,-26.33],[-53.23,-26.31],[-53.25,-26.3],[-53.26,-26.28],[-53.27,-26.26],[-53.3,-26.26],[-53.33,-26.25],[-53.36,-26.25],[-53.38,-26.24],[-53.42,-26.27],[-53.44,-26.28],[-53.46,-26.29],[-53.48,-26.29],[-53.52,-26.29],[-53.54,-26.29],[-53.57,-26.28],[-53.59,-26.25],[-53.61,-26.26],[-53.64,-26.25],[-53.65,-26.23],[-53.64,-26.22],[-53.65,-26.19],[-53.67,-26.18],[-53.69,-26.16],[-53.7,-26.14],[-53.72,-26.13],[-53.74,-26.12],[-53.74,-26.09],[-53.73,-26.07],[-53.73,-26.05],[-53.75,-26.04],[-53.77,-26.03],[-53.78,-26.01],[-53.8,-26.0],[-53.82,-25.98],[-53.83,-25.97],[-53.84,-25.94],[-53.83,-25.92],[-53.82,-25.9],[-53.84,-25.89],[-53.82,-25.87],[-53.84,-25.86],[-53.85,-25.84],[-53.84,-25.82],[-53.82,-25.81],[-53.82,-25.79],[-53.84,-25.77],[-53.84,-25.75],[-53.86,-25.74],[-53.86,-25.72],[-53.87,-25.7],[-53.84,-25.69],[-53.86,-25.67],[-53.87,-25.65],[-53.89,-25.64],[-53.89,-25.62],[-53.91,-25.64],[-53.92,-25.62],[-53.95,-25.61],[-53.95,-25.64],[-53.96,-25.62],[-53.97,-25.6],[-53.99,-25.59],[-54.01,-25.57],[-54.03,-25.57],[-54.05,-25.58],[-54.07,-25.56],[-54.09,-25.58],[-54.09,-25.6],[-54.11,-25.6],[-54.12,-25.58],[-54.12,-25.56],[-54.11,-25.54],[-54.1,-25.52],[-54.09,-25.5],[-54.13,-25.51],[-54.15,-25.52],[-54.16,-25.54],[-54.19,-25.54],[-54.21,-25.54],[-54.2,-25.56],[-54.17,-25.57],[-54.19,-25.58],[-54.22,-25.56],[-54.23,-25.58],[-54.25,-25.6],[-54.27,-25.57],[-54.29,-25.56],[-54.33,-25.57],[-54.34,-25.59],[-54.35,-25.61],[-54.37,-25.59],[-54.39,-25.6],[-54.39,-25.63],[-54.41,-25.65],[-54.42,-25.67],[-54.43,-25.69],[-54.44,-25.67],[-54.46,-25.64],[-54.48,-25.63],[-54.5,-25.61],[-54.52,-25.63],[-54.54,-25.62],[-54.54,-25.6],[-54.56,-25.59],[-54.58,-25.59],[-54.59,-25.56],[-54.6,-25.53],[-54.6,-25.51],[-54.6,-25.48],[-54.62,-25.47],[-54.61,-25.45],[-54.6,-25.43],[-54.59,-25.4],[-54.58,-25.38],[-54.56,-25.37],[-54.54,-25.35],[-54.53,-25.33],[-54.51,-25.31],[-54.49,-25.28],[-54.49,-25.25],[-54.48,-25.23],[-54.47,-25.21],[-54.46,-25.19],[-54.45,-25.17],[-54.43,-25.16],[-54.43,-25.14],[-54.45,-25.11],[-54.46,-25.08],[-54.46,-25.06],[-54.46,-25.04],[-54.45,-25.02],[-54.44,-24.99],[-54.44,-24.96],[-54.44,-24.94],[-54.43,-24.92],[-54.42,-24.89],[-54.41,-24.87],[-54.41,-24.84],[-54.4,-24.82],[-54.39,-24.8],[-54.38,-24.77],[-54.36,-24.75],[-54.35,-24.71],[-54.34,-24.69],[-54.32,-24.66],[-54.32,-24.64],[-54.32,-24.61],[-54.32,-24.59],[-54.33,-24.55],[-54.34,-24.53],[-54.34,-24.51],[-54.33,-24.48],[-54.32,-24.46],[-54.3,-24.43],[-54.29,-24.41],[-54.28,-24.39],[-54.26,-24.37],[-54.26,-24.35],[-54.26,-24.33],[-54.27,-24.31],[-54.28,-24.28],[-54.32,-24.25],[-54.32,-24.23],[-54.32,-24.21],[-54.33,-24.19],[-54.34,-24.17],[-54.34,-24.14],[-54.34,-24.12],[-54.31,-24.1],[-54.3,-24.08],[-54.27,-24.06],[-54.25,-24.05],[-54.17,-24.0],[-54.13,-23.98],[-54.11,-23.96],[-54.08,-23.89],[-54.08,-23.86],[-54.09,-23.84],[-54.08,-23.81],[-54.08,-23.76],[-54.05,-23.72],[-54.05,-23.69],[-54.03,-23.65],[-54.03,-23.63],[-54.02,-23.59],[-54.01,-23.54],[-54.0,-23.51],[-53.98,-23.46],[-53.97,-23.45],[-53.93,-23.45],[-53.88,-23.42],[-53.82,-23.39],[-53.78,-23.37],[-53.73,-23.32],[-53.71,-23.28],[-53.71,-23.26],[-53.68,-23.21],[-53.66,-23.17],[-53.64,-23.12],[-53.63,-23.01],[-53.63,-22.99],[-53.61,-22.96],[-53.59,-22.94],[-53.57,-22.93],[-53.56,-22.91],[-53.55,-22.89],[-53.48,-22.86],[-53.45,-22.84],[-53.43,-22.83],[-53.41,-22.82],[-53.38,-22.8],[-53.36,-22.78],[-53.33,-22.76],[-53.24,-22.73],[-53.2,-22.73],[-53.18,-22.71],[-53.13,-22.65],[-53.1,-22.62],[-53.09,-22.66],[-53.07,-22.64],[-53.05,-22.63],[-53.02,-22.6],[-52.98,-22.58],[-52.92,-22.57],[-52.9,-22.57],[-52.88,-22.59],[-52.87,-22.6],[-52.84,-22.61],[-52.81,-22.6],[-52.78,-22.6],[-52.75,-22.61],[-52.72,-22.63],[-52.7,-22.63],[-52.66,-22.61],[-52.6,-22.57],[-52.58,-22.57],[-52.57,-22.59],[-52.54,-22.61],[-52.52,-22.62],[-52.5,-22.63],[-52.48,-22.63],[-52.46,-22.61],[-52.44,-22.61],[-52.37,-22.63],[-52.3,-22.64],[-52.28,-22.62],[-52.25,-22.61],[-52.23,-22.64],[-52.23,-22.66],[-52.2,-22.66],[-52.16,-22.64],[-52.16,-22.61],[-52.16,-22.58],[-52.15,-22.56],[-52.13,-22.53],[-52.11,-22.52],[-52.09,-22.52],[-52.06,-22.53]]]]},"properties":{"sigla":"PR","name":"Paran\u00e1"}},{"type":"Feature","geometry":{"type":"MultiPolygon","coordinates":[[[[-44.51,-23.29],[-44.54,-23.29],[-44.55,-23.31],[-44.57,-23.32],[-44.58,-23.35],[-44.6,-23.36],[-44.62,-23.35],[-44.64,-23.33],[-44.66,-23.34],[-44.68,-23.35],[-44.7,-23.34],[-44.72,-23.35],[-44.74,-23.36],[-44.76,-23.35],[-44.78,-23.34],[-44.78,-23.32],[-44.8,-23.29],[-44.83,-23.29],[-44.83,-23.27],[-44.85,-23.25],[-44.87,-23.25],[-44.89,-23.22],[-44.88,-23.2],[-44.87,-23.18],[-44.85,-23.18],[-44.84,-23.17],[-44.82,-23.14],[-44.81,-23.13],[-44.81,-23.1],[-44.81,-23.07],[-44.81,-23.05],[-44.8,-23.03],[-44.79,-23.01],[-44.79,-22.98],[-44.77,-22.98],[-44.75,-22.97],[-44.74,-22.95],[-44.71,-22.93],[-44.69,-22.94],[-44.67,-22.92],[-44.65,-22.92],[-44.63,-22.9],[-44.61,-22.89],[-44.58,-22.88],[-44.55,-22.89],[-44.53,-22.87],[-44.51,-22.85],[-44.48,-22.85],[-44.48,-22.87],[-44.47,-22.88],[-44.44,-22.87],[-44.42,-22.85],[-44.4,-22.85],[-44.37,-22.86],[-44.35,-22.85],[-44.33,-22.84],[-44.3,-22.83],[-44.27,-22.83],[-44.26,-22.81],[-44.25,-22.8],[-44.25,-22.78],[-44.25,-22.76],[-44.23,-22.73],[-44.2,-22.73],[-44.19,-22.71],[-44.17,-22.7],[-44.16,-22.68],[-44.17,-22.66],[-44.19,-22.64],[-44.2,-22.63],[-44.22,-22.61],[-44.25,-22.61],[-44.27,-22.6],[-44.29,-22.6],[-44.32,-22.6],[-44.34,-22.59],[-44.35,-22.61],[-44.36,-22.59],[-44.38,-22.57],[-44.41,-22.59],[-44.43,-22.6],[-44.45,-22.61],[-44.48,-22.61],[-44.51,-22.64],[-44.53,-22.63],[-44.55,-22.61],[-44.57,-22.6],[-44.58,-22.63],[-44.6,-22.61],[-44.62,-22.61],[-44.64,-22.6],[-44.64,-22.58],[-44.65,-22.55],[-44.68,-22.56],[-44.67,-22.54],[-44.69,-22.52],[-44.71,-22.51],[-44.72,-22.49],[-44.72,-22.47],[-44.73,-22.45],[-44.74,-22.43],[-44.76,-22.41],[-44.8,-22.41],[-44.79,-22.39],[-44.77,-22.38],[-44.74,-22.38],[-44.72,-22.36],[-44.71,-22.37],[-44.68,-22.37],[-44.66,-22.38],[-44.65,-22.36],[-44.63,-22.35],[-44.62,-22.33],[-44.59,-22.32],[-44.57,-22.33],[-44.55,-22.32],[-44.52,-22.32],[-44.5,-22.3],[-44.47,-22.28],[-44.46,-22.26],[-44.43,-22.25],[-44.39,-22.26],[-44.36,-22.25],[-44.34,-22.26],[-44.31,-22.25],[-44.29,-22.24],[-44.27,-22.24],[-44.26,-22.26],[-44.24,-22.26],[-44.21,-22.25],[-44.19,-22.24],[-44.17,-22.23],[-44.15,-22.22],[-44.13,-22.21],[-44.12,-22.19],[-44.1,-22.18],[-44.08,-22.17],[-44.05,-22.16],[-44.02,-22.15],[-44.0,-22.16],[-43.99,-22.15],[-43.96,-22.14],[-43.94,-22.13],[-43.9,-22.12],[-43.88,-22.1],[-43.86,-22.09],[-43.82,-22.09],[-43.8,-22.08],[-43.78,-22.07],[-43.76,-22.08],[-43.74,-22.09],[-43.72,-22.08],[-43.69,-22.07],[-43.67,-22.09],[-43.66,-22.07],[-43.63,-22.07],[-43.61,-22.08],[-43.6,-22.06],[-43.57,-22.08],[-43.53,-22.07],[-43.51,-22.07],[-43.48,-22.07],[-43.46,-22.07],[-43.44,-22.06],[-43.42,-22.05],[-43.37,-22.02],[-43.35,-22.01],[-43.33,-22.01],[-43.3,-22.02],[-43.28,-22.01],[-43.25,-22.01],[-43.24,-22.02],[-43.21,-22.03],[-43.18,-22.02],[-43.15,-22.03],[-43.13,-22.03],[-43.13,-22.06],[-43.15,-22.07],[-43.14,-22.1],[-43.12,-22.1],[-43.11,-22.08],[-43.08,-22.08],[-43.06,-22.09],[-43.04,-22.07],[-43.04,-22.05],[-43.0,-22.03],[-42.97,-22.01],[-42.95,-22.01],[-42.91,-21.99],[-42.88,-21.97],[-42.83,-21.94],[-42.79,-21.93],[-42.77,-21.92],[-42.74,-21.91],[-42.71,-21.89],[-42.69,-21.88],[-42.67,-21.87],[-42.64,-21.86],[-42.61,-21.85],[-42.58,-21.85],[-42.57,-21.83],[-42.47,-21.79],[-42.43,-21.77],[-42.39,-21.76],[-42.36,-21.74],[-42.34,-21.75],[-42.31,-21.74],[-42.27,-21.71],[-42.27,-21.69],[-42.28,-21.68],[-42.3,-21.65],[-42.32,-21.66],[-42.35,-21.64],[-42.37,-21.64],[-42.36,-21.62],[-42.35,-21.59],[-42.33,-21.57],[-42.31,-21.55],[-42.31,-21.53],[-42.29,-21.53],[-42.27,-21.5],[-42.25,-21.49],[-42.27,-21.48],[-42.29,-21.46],[-42.28,-21.44],[-42.28,-21.41],[-42.24,-21.4],[-42.25,-21.39],[-42.23,-21.37],[-42.24,-21.34],[-42.24,-21.32],[-42.23,-21.28],[-42.21,-21.27],[-42.19,-21.25],[-42.19,-21.22],[-42.2,-21.2],[-42.21,-21.18],[-42.19,-21.16],[-42.18,-21.14],[-42.17,-21.11],[-42.14,-21.1],[-42.13,-21.08],[-42.1,-21.05],[-42.08,-21.04],[-42.1,-21.01],[-42.12,-21.0],[-42.14,-20.99],[-42.15,-20.97],[-42.13,-20.96],[-42.09,-20.94],[-42.07,-20.94],[-42.05,-20.93],[-42.02,-20.92],[-42.0,-20.93],[-41.98,-20.94],[-41.97,-20.92],[-41.96,-20.89],[-41.95,-20.87],[-41.94,-20.85],[-41.93,-20.83],[-41.92,-20.8],[-41.9,-20.8],[-41.88,-20.78],[-41.85,-20.76],[-41.84,-20.78],[-41.82,-20.8],[-41.79,-20.8],[-41.77,-20.8],[-41.75,-20.82],[-41.74,-20.84],[-41.74,-20.87],[-41.71,-20.87],[-41.73,-20.89],[-41.72,-20.92],[-41.73,-20.94],[-41.72,-20.97],[-41.71,-20.99],[-41.72,-21.01],[-41.72,-21.04],[-41.73,-21.07],[-41.74,-21.1],[-41.71,-21.11],[-41.7,-21.13],[-41.68,-21.12],[-41.66,-21.13],[-41.65,-21.14],[-41.61,-21.16],[-41.59,-21.15],[-41.57,-21.17],[-41.55,-21.18],[-41.52,-21.19],[-41.49,-21.18],[-41.47,-21.2],[-41.45,-21.21],[-41.42,-21.2],[-41.4,-21.2],[-41.38,-21.2],[-41.33,-21.21],[-41.32,-21.22],[-41.3,-21.23],[-41.28,-21.24],[-41.26,-21.23],[-41.23,-21.23],[-41.21,-21.24],[-41.19,-21.24],[-41.16,-21.24],[-41.14,-21.24],[-41.12,-21.23],[-41.09,-21.22],[-41.07,-21.23],[-41.06,-21.24],[-41.04,-21.25],[-41.01,-21.25],[-41.0,-21.28],[-40.98,-21.29],[-40.96,-21.3],[-40.96,-21.33],[-40.96,-21.36],[-40.97,-21.38],[-40.99,-21.39],[-41.0,-21.41],[-41.02,-21.44],[-41.04,-21.46],[-41.06,-21.48],[-41.07,-21.51],[-41.07,-21.53],[-41.06,-21.58],[-41.04,-21.6],[-41.01,-21.61],[-41.02,-21.68],[-41.03,-21.72],[-41.02,-21.74],[-41.01,-21.77],[-41.01,-21.8],[-41.0,-21.85],[-40.99,-21.89],[-40.98,-21.92],[-40.97,-21.95],[-40.97,-21.97],[-40.98,-22.0],[-41.01,-22.02],[-41.04,-22.04],[-41.08,-22.06],[-41.11,-22.08],[-41.13,-22.09],[-41.16,-22.11],[-41.19,-22.12],[-41.22,-22.14],[-41.24,-22.15],[-41.26,-22.15],[-41.3,-22.16],[-41.33,-22.17],[-41.35,-22.18],[-41.38,-22.18],[-41.42,-22.19],[-41.44,-22.2],[-41.47,-22.21],[-41.49,-22.21],[-41.54,-22.23],[-41.56,-22.24],[-41.58,-22.25],[-41.62,-22.27],[-41.68,-22.3],[-41.7,-22.31],[-41.73,-22.33],[-41.75,-22.34],[-41.77,-22.36],[-41.77,-22.38],[-41.79,-22.4],[-41.81,-22.41],[-41.84,-22.43],[-41.85,-22.45],[-41.86,-22.47],[-41.87,-22.48],[-41.9,-22.49],[-41.91,-22.51],[-41.92,-22.53],[-41.95,-22.53],[-41.97,-22.54],[-41.98,-22.56],[-41.99,-22.59],[-42.0,-22.61],[-42.0,-22.64],[-42.0,-22.66],[-41.99,-22.7],[-41.98,-22.72],[-41.96,-22.73],[-41.95,-22.75],[-41.93,-22.77],[-41.9,-22.75],[-41.88,-22.75],[-41.87,-22.76],[-41.88,-22.77],[-41.9,-22.79],[-41.92,-22.78],[-41.93,-22.8],[-41.94,-22.81],[-41.97,-22.82],[-41.98,-22.84],[-41.98,-22.87],[-42.0,-22.88],[-42.02,-22.89],[-42.03,-22.92],[-42.03,-22.94],[-42.02,-22.96],[-42.0,-22.96],[-42.02,-22.97],[-42.01,-22.99],[-42.03,-22.98],[-42.05,-22.96],[-42.08,-22.96],[-42.13,-22.95],[-42.19,-22.95],[-42.23,-22.94],[-42.29,-22.94],[-42.33,-22.94],[-42.37,-22.94],[-42.41,-22.94],[-42.45,-22.94],[-42.48,-22.94],[-42.51,-22.93],[-42.55,-22.93],[-42.57,-22.93],[-42.59,-22.93],[-42.63,-22.94],[-42.67,-22.94],[-42.69,-22.96],[-42.71,-22.96],[-42.75,-22.96],[-42.77,-22.96],[-42.8,-22.96],[-42.82,-22.96],[-42.86,-22.97],[-42.88,-22.97],[-42.91,-22.97],[-42.94,-22.97],[-42.99,-22.97],[-43.01,-22.98],[-43.04,-22.98],[-43.07,-22.96],[-43.09,-22.95],[-43.12,-22.95],[-43.14,-22.94],[-43.11,-22.93],[-43.1,-22.93],[-43.12,-22.91],[-43.14,-22.9],[-43.13,-22.89],[-43.11,-22.87],[-43.1,-22.85],[-43.1,-22.83],[-43.07,-22.81],[-43.08,-22.79],[-43.07,-22.77],[-43.05,-22.76],[-43.03,-22.75],[-43.03,-22.72],[-43.03,-22.7],[-43.04,-22.68],[-43.07,-22.69],[-43.09,-22.68],[-43.11,-22.69],[-43.12,-22.71],[-43.14,-22.71],[-43.16,-22.71],[-43.19,-22.72],[-43.22,-22.73],[-43.24,-22.74],[-43.25,-22.75],[-43.27,-22.77],[-43.28,-22.79],[-43.29,-22.8],[-43.27,-22.82],[-43.24,-22.84],[-43.24,-22.86],[-43.22,-22.88],[-43.2,-22.89],[-43.17,-22.9],[-43.17,-22.92],[-43.17,-22.94],[-43.15,-22.95],[-43.17,-22.96],[-43.19,-22.98],[-43.21,-22.99],[-43.23,-22.99],[-43.26,-23.0],[-43.28,-23.01],[-43.3,-23.01],[-43.36,-23.01],[-43.43,-23.02],[-43.46,-23.03],[-43.48,-23.03],[-43.5,-23.04],[-43.52,-23.05],[-43.54,-23.05],[-43.55,-23.07],[-43.57,-23.07],[-43.56,-23.06],[-43.59,-23.05],[-43.66,-23.05],[-43.69,-23.06],[-43.67,-23.04],[-43.64,-23.04],[-43.61,-23.03],[-43.57,-23.05],[-43.59,-23.03],[-43.61,-23.02],[-43.64,-23.01],[-43.66,-22.99],[-43.69,-22.99],[-43.71,-22.97],[-43.73,-22.96],[-43.75,-22.94],[-43.77,-22.93],[-43.79,-22.92],[-43.81,-22.92],[-43.83,-22.93],[-43.85,-22.92],[-43.84,-22.91],[-43.86,-22.9],[-43.88,-22.91],[-43.89,-22.92],[-43.91,-22.93],[-43.94,-22.93],[-43.96,-22.93],[-43.99,-22.94],[-44.01,-22.95],[-44.03,-22.96],[-44.04,-22.98],[-44.04,-22.96],[-44.07,-22.95],[-44.08,-22.97],[-44.09,-22.99],[-44.1,-23.01],[-44.12,-23.03],[-44.14,-23.03],[-44.17,-23.03],[-44.18,-23.05],[-44.2,-23.04],[-44.22,-23.05],[-44.24,-23.05],[-44.24,-23.03],[-44.22,-23.02],[-44.24,-23.0],[-44.26,-23.01],[-44.28,-23.01],[-44.31,-23.02],[-44.3,-23.0],[-44.32,-23.01],[-44.34,-23.02],[-44.36,-23.02],[-44.35,-23.0],[-44.33,-22.99],[-44.31,-22.98],[-44.3,-22.96],[-44.33,-22.96],[-44.32,-22.94],[-44.34,-22.92],[-44.36,-22.92],[-44.37,-22.94],[-44.35,-22.95],[-44.37,-22.96],[-44.38,-22.97],[-44.39,-22.95],[-44.41,-22.94],[-44.42,-22.96],[-44.43,-22.98],[-44.43,-23.0],[-44.44,-23.01],[-44.47,-23.01],[-44.49,-23.02],[-44.5,-23.03],[-44.53,-23.03],[-44.55,-23.04],[-44.57,-23.05],[-44.59,-23.06],[-44.61,-23.05],[-44.63,-23.05],[-44.65,-23.06],[-44.68,-23.06],[-44.69,-23.08],[-44.7,-23.1],[-44.69,-23.12],[-44.7,-23.14],[-44.71,-23.16],[-44.72,-23.18],[-44.71,-23.21],[-44.71,-23.23],[-44.69,-23.22],[-44.67,-23.21],[-44.65,-23.19],[-44.63,-23.2],[-44.62,-23.22],[-44.65,-23.22],[-44.66,-23.23],[-44.68,-23.24],[-44.66,-23.25],[-44.64,-23.24],[-44.61,-23.23],[-44.63,-23.25],[-44.64,-23.27],[-44.65,-23.29],[-44.63,-23.28],[-44.62,-23.26],[-44.6,-23.24],[-44.57,-23.23],[-44.58,-23.26],[-44.56,-23.27],[-44.54,-23.27],[-44.52,-23.28],[-44.51,-23.29]],[[-43.36,-22.99],[-43.33,-23.0],[-43.31,-23.01],[-43.32,-22.99],[-43.34,-22.98],[-43.36,-22.97],[-43.39,-22.98],[-43.37,-22.98],[-43.35,-22.98],[-43.36,-22.99]]],[[[-44.23,-23.09],[-44.21,-23.09],[-44.2,-23.12],[-44.18,-23.12],[-44.17,-23.14],[-44.15,-23.13],[-44.13,-23.12],[-44.14,-23.14],[-44.14,-23.16],[-44.12,-23.15],[-44.09,-23.17],[-44.11,-23.18],[-44.13,-23.19],[-44.14,-23.17],[-44.16,-23.17],[-44.18,-23.18],[-44.19,-23.2],[-44.22,-23.19],[-44.24,-23.2],[-44.26,-23.2],[-44.27,-23.18],[-44.3,-23.18],[-44.33,-23.21],[-44.35,-23.23],[-44.35,-23.21],[-44.34,-23.18],[-44.36,-23.18],[-44.35,-23.16],[-44.33,-23.15],[-44.32,-23.13],[-44.3,-23.12],[-44.29,-23.14],[-44.27,-23.12],[-44.25,-23.11],[-44.24,-23.09],[-44.23,-23.09]]],[[[-43.83,-23.06],[-43.8,-23.06],[-43.78,-23.06],[-43.81,-23.07],[-43.86,-23.07],[-43.96,-23.09],[-43.98,-23.1],[-44.0,-23.09],[-44.01,-23.07],[-43.99,-23.06],[-43.97,-23.05],[-43.95,-23.05],[-43.93,-23.06],[-43.9,-23.07],[-43.88,-23.06],[-43.89,-23.04],[-43.91,-23.03],[-43.86,-23.04],[-43.84,-23.05],[-43.83,-23.06]]],[[[-43.18,-22.78],[-43.16,-22.78],[-43.17,-22.8],[-43.18,-22.82],[-43.2,-22.82],[-43.23,-22.82],[-43.24,-22.83],[-43.26,-22.82],[-43.24,-22.8],[-43.23,-22.78],[-43.21,-22.79],[-43.19,-22.79],[-43.18,-22.78]]],[[[-43.91,-22.94],[-43.89,-22.93],[-43.87,-22.93],[-43.88,-22.95],[-43.9,-22.96],[-43.91,-22.94],[-43.91,-22.94]]],[[[-43.24,-22.86],[-43.24,-22.84],[-43.23,-22.85],[-43.24,-22.86]]],[[[-43.93,-23.01],[-43.92,-22.99],[-43.93,-23.01]]],[[[-44.59,-23.21],[-44.6,-23.22],[-44.59,-23.2],[-44.59,-23.21]]],[[[-44.05,-23.0],[-44.05,-23.0]]],[[[-44.69,-23.16],[-44.69,-23.16]]],[[[-41.7,-22.41],[-41.7,-22.41]]],[[[-44.51,-23.29],[-44.51,-23.29]]],[[[-43.11,-22.76],[-43.11,-22.76]]],[[[-43.11,-22.76],[-43.11,-22.76]]],[[[-43.18,-22.9],[-43.18,-22.9]]],[[[-44.64,-23.07],[-44.64,-23.07]]],[[[-43.86,-22.95],[-43.86,-22.95]]],[[[-41.69,-22.4],[-41.69,-22.4]]],[[[-44.58,-23.2],[-44.58,-23.2]]],[[[-44.58,-23.19],[-44.58,-23.19]]],[[[-43.91,-22.98],[-43.91,-22.98]]],[[[-44.65,-23.23],[-44.64,-23.23],[-44.65,-23.23],[-44.65,-23.23]]],[[[-41.89,-22.78],[-41.89,-22.78]]],[[[-44.13,-23.04],[-44.12,-23.04],[-44.13,-23.04],[-44.13,-23.04]]],[[[-43.92,-22.94],[-43.92,-22.94]]],[[[-43.51,-23.07],[-43.51,-23.06],[-43.51,-23.06],[-43.51,-23.07]]],[[[-43.15,-23.06],[-43.14,-23.07],[-43.15,-23.07],[-43.15,-23.06]]],[[[-44.64,-23.23],[-44.64,-23.22],[-44.63,-23.23],[-44.64,-23.23]]],[[[-43.94,-23.02],[-43.95,-23.02],[-43.94,-23.02],[-43.94,-23.02]]],[[[-44.69,-23.22],[-44.69,-23.21],[-44.69,-23.22],[-44.69,-23.22]]],[[[-43.95,-23.0],[-43.95,-23.01],[-43.95,-23.01],[-43.95,-23.0]]],[[[-43.21,-23.04],[-43.21,-23.04],[-43.2,-23.04],[-43.21,-23.04]]],[[[-44.67,-23.1],[-44.67,-23.1],[-44.67,-23.1],[-44.67,-23.1]]],[[[-43.95,-23.03],[-43.95,-23.02],[-43.95,-23.02],[-43.95,-23.03]]],[[[-43.86,-22.95],[-43.86,-22.95],[-43.86,-22.95],[-43.86,-22.95]]],[[[-44.68,-23.11],[-44.67,-23.11],[-44.67,-23.11],[-44.68,-23.11]]]]},"properties":{"sigla":"RJ","name":"Rio de Janeiro"}},{"type":"Feature","geometry":{"type":"MultiPolygon","coordinates":[[[[-37.15,-4.94],[-37.13,-4.94],[-37.11,-4.93],[-37.09,-4.93],[-37.07,-4.94],[-37.05,-4.95],[-37.03,-4.95],[-37.0,-4.93],[-36.97,-4.93],[-36.93,-4.94],[-36.9,-4.95],[-36.88,-4.95],[-36.86,-4.97],[-36.84,-5.0],[-36.82,-5.01],[-36.8,-5.04],[-36.74,-5.06],[-36.72,-5.07],[-36.7,-5.06],[-36.7,-5.09],[-36.67,-5.09],[-36.65,-5.09],[-36.62,-5.08],[-36.6,-5.08],[-36.58,-5.08],[-36.56,-5.08],[-36.54,-5.08],[-36.52,-5.07],[-36.48,-5.06],[-36.46,-5.06],[-36.44,-5.07],[-36.41,-5.08],[-36.39,-5.08],[-36.37,-5.09],[-36.35,-5.08],[-36.33,-5.09],[-36.31,-5.1],[-36.29,-5.09],[-36.25,-5.09],[-36.15,-5.1],[-36.13,-5.09],[-36.11,-5.08],[-36.08,-5.07],[-36.06,-5.06],[-36.04,-5.05],[-36.01,-5.05],[-35.99,-5.05],[-35.97,-5.04],[-35.95,-5.04],[-35.91,-5.06],[-35.88,-5.07],[-35.85,-5.07],[-35.83,-5.07],[-35.8,-5.07],[-35.78,-5.08],[-35.76,-5.09],[-35.74,-5.09],[-35.72,-5.1],[-35.69,-5.1],[-35.67,-5.11],[-35.64,-5.12],[-35.62,-5.12],[-35.59,-5.12],[-35.57,-5.13],[-35.53,-5.14],[-35.51,-5.15],[-35.49,-5.16],[-35.47,-5.19],[-35.44,-5.21],[-35.42,-5.22],[-35.39,-5.26],[-35.37,-5.29],[-35.36,-5.34],[-35.34,-5.37],[-35.33,-5.38],[-35.31,-5.4],[-35.3,-5.43],[-35.29,-5.45],[-35.27,-5.48],[-35.26,-5.5],[-35.25,-5.52],[-35.25,-5.54],[-35.24,-5.57],[-35.23,-5.59],[-35.23,-5.61],[-35.22,-5.63],[-35.22,-5.65],[-35.22,-5.67],[-35.2,-5.69],[-35.2,-5.72],[-35.2,-5.75],[-35.2,-5.77],[-35.19,-5.79],[-35.18,-5.81],[-35.18,-5.87],[-35.17,-5.88],[-35.16,-5.91],[-35.15,-5.94],[-35.15,-5.96],[-35.13,-5.97],[-35.11,-5.99],[-35.11,-6.02],[-35.11,-6.05],[-35.1,-6.07],[-35.1,-6.11],[-35.1,-6.14],[-35.1,-6.17],[-35.08,-6.19],[-35.08,-6.21],[-35.06,-6.23],[-35.04,-6.24],[-35.04,-6.27],[-35.03,-6.31],[-35.03,-6.33],[-35.02,-6.36],[-35.0,-6.37],[-34.99,-6.38],[-34.98,-6.41],[-34.97,-6.44],[-34.97,-6.46],[-34.97,-6.48],[-34.99,-6.5],[-35.01,-6.51],[-35.03,-6.51],[-35.06,-6.53],[-35.1,-6.5],[-35.12,-6.53],[-35.14,-6.55],[-35.17,-6.56],[-35.19,-6.55],[-35.21,-6.54],[-35.22,-6.52],[-35.25,-6.53],[-35.27,-6.54],[-35.33,-6.54],[-35.36,-6.51],[-35.4,-6.49],[-35.43,-6.49],[-35.46,-6.48],[-35.48,-6.49],[-35.51,-6.48],[-35.53,-6.48],[-35.56,-6.49],[-35.58,-6.49],[-35.59,-6.47],[-35.62,-6.46],[-35.64,-6.45],[-35.66,-6.45],[-35.68,-6.45],[-35.71,-6.47],[-35.76,-6.48],[-35.85,-6.49],[-35.94,-6.49],[-35.96,-6.48],[-36.0,-6.48],[-36.01,-6.45],[-36.04,-6.44],[-36.05,-6.43],[-36.06,-6.41],[-36.09,-6.42],[-36.11,-6.43],[-36.13,-6.43],[-36.17,-6.43],[-36.2,-6.43],[-36.25,-6.44],[-36.25,-6.4],[-36.3,-6.39],[-36.29,-6.37],[-36.28,-6.35],[-36.28,-6.32],[-36.29,-6.29],[-36.34,-6.3],[-36.36,-6.31],[-36.39,-6.29],[-36.43,-6.36],[-36.5,-6.36],[-36.5,-6.39],[-36.52,-6.44],[-36.53,-6.46],[-36.53,-6.49],[-36.5,-6.51],[-36.48,-6.53],[-36.47,-6.55],[-36.45,-6.55],[-36.44,-6.6],[-36.44,-6.63],[-36.46,-6.63],[-36.47,-6.61],[-36.5,-6.6],[-36.52,-6.6],[-36.54,-6.65],[-36.55,-6.69],[-36.54,-6.73],[-36.52,-6.74],[-36.5,-6.76],[-36.5,-6.78],[-36.51,-6.81],[-36.53,-6.83],[-36.54,-6.84],[-36.57,-6.85],[-36.57,-6.87],[-36.61,-6.94],[-36.63,-6.93],[-36.65,-6.93],[-36.69,-6.93],[-36.71,-6.98],[-36.74,-6.97],[-36.77,-6.94],[-36.76,-6.91],[-36.75,-6.89],[-36.74,-6.87],[-36.73,-6.84],[-36.77,-6.84],[-36.77,-6.79],[-36.79,-6.77],[-36.83,-6.73],[-36.9,-6.75],[-36.94,-6.77],[-36.96,-6.79],[-36.97,-6.77],[-36.97,-6.74],[-36.98,-6.72],[-37.0,-6.71],[-37.03,-6.73],[-37.06,-6.75],[-37.12,-6.77],[-37.15,-6.79],[-37.18,-6.82],[-37.23,-6.82],[-37.25,-6.81],[-37.26,-6.79],[-37.27,-6.77],[-37.26,-6.73],[-37.29,-6.71],[-37.28,-6.69],[-37.31,-6.69],[-37.34,-6.7],[-37.4,-6.7],[-37.42,-6.7],[-37.48,-6.71],[-37.47,-6.68],[-37.47,-6.66],[-37.48,-6.64],[-37.47,-6.62],[-37.48,-6.59],[-37.47,-6.56],[-37.48,-6.54],[-37.43,-6.53],[-37.4,-6.51],[-37.39,-6.45],[-37.39,-6.43],[-37.4,-6.4],[-37.39,-6.38],[-37.38,-6.35],[-37.37,-6.33],[-37.36,-6.32],[-37.33,-6.31],[-37.32,-6.29],[-37.29,-6.28],[-37.27,-6.25],[-37.25,-6.23],[-37.23,-6.21],[-37.2,-6.21],[-37.19,-6.18],[-37.17,-6.17],[-37.17,-6.14],[-37.17,-6.12],[-37.17,-6.09],[-37.18,-6.05],[-37.2,-6.04],[-37.22,-6.04],[-37.24,-6.03],[-37.26,-6.05],[-37.29,-6.06],[-37.31,-6.06],[-37.34,-6.07],[-37.35,-6.09],[-37.38,-6.08],[-37.39,-6.11],[-37.42,-6.11],[-37.44,-6.11],[-37.46,-6.14],[-37.48,-6.15],[-37.5,-6.14],[-37.53,-6.15],[-37.56,-6.16],[-37.58,-6.16],[-37.61,-6.17],[-37.64,-6.18],[-37.68,-6.19],[-37.7,-6.19],[-37.75,-6.19],[-37.75,-6.21],[-37.77,-6.23],[-37.76,-6.25],[-37.77,-6.27],[-37.76,-6.29],[-37.78,-6.29],[-37.81,-6.29],[-37.81,-6.31],[-37.83,-6.32],[-37.83,-6.34],[-37.84,-6.36],[-37.86,-6.37],[-37.89,-6.36],[-37.89,-6.39],[-37.92,-6.41],[-37.94,-6.42],[-37.96,-6.4],[-37.97,-6.42],[-37.99,-6.43],[-38.01,-6.43],[-38.02,-6.45],[-38.01,-6.47],[-38.04,-6.47],[-38.04,-6.45],[-38.07,-6.46],[-38.08,-6.49],[-38.1,-6.5],[-38.12,-6.52],[-38.14,-6.52],[-38.15,-6.49],[-38.18,-6.5],[-38.2,-6.49],[-38.23,-6.48],[-38.25,-6.49],[-38.29,-6.51],[-38.3,-6.49],[-38.32,-6.47],[-38.34,-6.46],[-38.36,-6.46],[-38.37,-6.44],[-38.39,-6.42],[-38.41,-6.41],[-38.44,-6.41],[-38.47,-6.4],[-38.49,-6.4],[-38.49,-6.36],[-38.48,-6.35],[-38.46,-6.33],[-38.49,-6.34],[-38.51,-6.36],[-38.53,-6.34],[-38.56,-6.36],[-38.58,-6.33],[-38.57,-6.31],[-38.57,-6.28],[-38.55,-6.26],[-38.54,-6.25],[-38.52,-6.22],[-38.53,-6.19],[-38.5,-6.19],[-38.47,-6.15],[-38.47,-6.13],[-38.46,-6.11],[-38.45,-6.08],[-38.41,-6.06],[-38.38,-6.05],[-38.38,-6.07],[-38.36,-6.09],[-38.35,-6.08],[-38.32,-6.08],[-38.29,-6.07],[-38.26,-6.05],[-38.25,-6.02],[-38.21,-5.96],[-38.18,-5.95],[-38.16,-5.94],[-38.15,-5.92],[-38.12,-5.89],[-38.12,-5.85],[-38.11,-5.82],[-38.08,-5.78],[-38.06,-5.76],[-38.05,-5.73],[-38.07,-5.72],[-38.08,-5.7],[-38.08,-5.67],[-38.05,-5.65],[-38.03,-5.64],[-38.02,-5.61],[-38.0,-5.58],[-37.99,-5.56],[-37.96,-5.54],[-37.93,-5.5],[-37.9,-5.5],[-37.89,-5.48],[-37.89,-5.45],[-37.86,-5.41],[-37.86,-5.38],[-37.85,-5.34],[-37.81,-5.32],[-37.79,-5.3],[-37.79,-5.27],[-37.79,-5.25],[-37.78,-5.23],[-37.78,-5.19],[-37.76,-5.14],[-37.73,-5.1],[-37.73,-5.08],[-37.71,-5.06],[-37.69,-5.06],[-37.64,-4.93],[-37.47,-4.89],[-37.45,-4.88],[-37.36,-4.86],[-37.26,-4.84],[-37.24,-4.85],[-37.23,-4.87],[-37.22,-4.89],[-37.19,-4.91],[-37.17,-4.93],[-37.15,-4.94]]]]},"properties":{"sigla":"RN","name":"Rio Grande do Norte"}},{"type":"Feature","geometry":{"type":"MultiPolygon","coordinates":[[[[-66.46,-9.88],[-66.48,-9.87],[-66.5,-9.88],[-66.52,-9.88],[-66.54,-9.88],[-66.56,-9.88],[-66.58,-9.9],[-66.6,-9.9],[-66.62,-9.89],[-66.69,-9.86],[-66.81,-9.81],[-66.78,-9.79],[-66.78,-9.77],[-66.76,-9.76],[-66.73,-9.76],[-66.7,-9.74],[-66.69,-9.72],[-66.64,-9.69],[-66.62,-9.67],[-66.59,-9.67],[-66.57,-9.67],[-66.55,-9.66],[-66.54,-9.64],[-66.52,-9.64],[-66.5,-9.63],[-66.49,-9.6],[-66.47,-9.58],[-66.44,-9.55],[-66.42,-9.53],[-66.39,-9.5],[-66.39,-9.46],[-66.4,-9.43],[-66.41,-9.41],[-66.39,-9.42],[-66.37,-9.42],[-66.34,-9.42],[-66.32,-9.42],[-66.31,-9.44],[-66.28,-9.43],[-66.29,-9.41],[-66.27,-9.41],[-66.24,-9.43],[-66.22,-9.42],[-66.2,-9.43],[-66.17,-9.43],[-66.15,-9.42],[-66.12,-9.41],[-66.1,-9.41],[-66.06,-9.42],[-66.04,-9.4],[-66.0,-9.4],[-65.98,-9.41],[-65.95,-9.43],[-65.93,-9.45],[-65.92,-9.47],[-65.9,-9.49],[-65.86,-9.51],[-65.85,-9.53],[-65.82,-9.53],[-65.82,-9.55],[-65.8,-9.57],[-65.79,-9.59],[-65.77,-9.57],[-65.75,-9.56],[-65.73,-9.56],[-65.7,-9.52],[-65.69,-9.5],[-65.68,-9.48],[-65.68,-9.45],[-65.66,-9.45],[-65.64,-9.43],[-65.62,-9.43],[-65.6,-9.41],[-65.56,-9.42],[-65.52,-9.45],[-65.5,-9.46],[-65.48,-9.47],[-65.46,-9.47],[-65.43,-9.47],[-65.44,-9.42],[-65.46,-9.4],[-65.45,-9.38],[-65.45,-9.35],[-65.45,-9.32],[-65.41,-9.32],[-65.39,-9.34],[-65.38,-9.32],[-65.35,-9.32],[-65.32,-9.3],[-65.3,-9.29],[-65.28,-9.27],[-65.25,-9.26],[-65.21,-9.28],[-65.21,-9.3],[-65.2,-9.32],[-65.19,-9.34],[-65.2,-9.37],[-65.18,-9.38],[-65.19,-9.41],[-65.17,-9.43],[-65.15,-9.44],[-65.12,-9.43],[-65.09,-9.42],[-65.08,-9.4],[-65.05,-9.4],[-65.04,-9.37],[-65.03,-9.35],[-65.01,-9.34],[-65.0,-9.32],[-64.99,-9.29],[-64.96,-9.29],[-64.95,-9.27],[-64.94,-9.26],[-64.92,-9.23],[-64.93,-9.21],[-64.93,-9.18],[-64.93,-9.15],[-64.94,-9.13],[-64.92,-9.07],[-64.92,-9.05],[-64.89,-9.04],[-64.87,-9.01],[-64.84,-8.99],[-64.82,-8.99],[-64.79,-8.99],[-64.76,-9.02],[-64.73,-9.01],[-64.71,-8.99],[-64.68,-8.99],[-64.67,-9.01],[-64.64,-9.01],[-64.61,-9.02],[-64.59,-9.01],[-64.58,-8.99],[-64.55,-8.98],[-64.52,-8.98],[-64.48,-8.98],[-64.45,-8.98],[-64.43,-8.97],[-64.41,-8.96],[-64.38,-8.95],[-64.32,-8.93],[-64.31,-8.95],[-64.33,-8.98],[-64.31,-9.0],[-64.26,-8.99],[-64.23,-8.99],[-64.17,-8.96],[-64.15,-8.96],[-64.15,-8.92],[-64.15,-8.88],[-64.15,-8.85],[-64.15,-8.83],[-64.13,-8.81],[-64.14,-8.78],[-64.14,-8.74],[-64.13,-8.72],[-64.09,-8.73],[-64.07,-8.71],[-64.03,-8.72],[-64.03,-8.69],[-64.02,-8.67],[-64.02,-8.65],[-64.0,-8.63],[-63.99,-8.59],[-63.97,-8.59],[-63.95,-8.61],[-63.92,-8.58],[-63.93,-8.56],[-63.94,-8.54],[-63.96,-8.51],[-63.97,-8.49],[-63.96,-8.47],[-63.94,-8.45],[-63.95,-8.43],[-63.98,-8.42],[-63.94,-8.39],[-63.94,-8.35],[-63.93,-8.32],[-63.91,-8.33],[-63.89,-8.3],[-63.87,-8.29],[-63.85,-8.29],[-63.82,-8.31],[-63.79,-8.33],[-63.77,-8.32],[-63.76,-8.29],[-63.75,-8.27],[-63.72,-8.25],[-63.74,-8.22],[-63.73,-8.18],[-63.69,-8.16],[-63.68,-8.13],[-63.66,-8.1],[-63.67,-8.08],[-63.65,-8.07],[-63.64,-8.05],[-63.62,-8.03],[-63.62,-7.97],[-63.55,-7.97],[-63.5,-7.98],[-62.87,-7.98],[-62.84,-7.99],[-62.82,-8.01],[-62.79,-8.03],[-62.74,-8.04],[-62.71,-8.08],[-62.69,-8.09],[-62.68,-8.11],[-62.67,-8.14],[-62.68,-8.16],[-62.67,-8.19],[-62.65,-8.22],[-62.61,-8.26],[-62.59,-8.27],[-62.57,-8.29],[-62.56,-8.31],[-62.56,-8.33],[-62.55,-8.36],[-62.53,-8.37],[-62.52,-8.38],[-62.5,-8.37],[-62.48,-8.35],[-62.46,-8.34],[-62.45,-8.36],[-62.41,-8.38],[-62.38,-8.38],[-62.36,-8.4],[-62.36,-8.42],[-62.37,-8.45],[-62.36,-8.48],[-62.36,-8.51],[-62.34,-8.52],[-62.33,-8.55],[-62.33,-8.57],[-62.34,-8.59],[-62.29,-8.64],[-62.29,-8.61],[-62.27,-8.58],[-62.24,-8.58],[-62.2,-8.59],[-62.17,-8.63],[-62.2,-8.64],[-62.18,-8.66],[-62.16,-8.68],[-62.17,-8.7],[-62.15,-8.72],[-62.15,-8.74],[-62.12,-8.8],[-62.1,-8.81],[-62.07,-8.8],[-62.05,-8.8],[-62.02,-8.82],[-62.0,-8.83],[-61.99,-8.85],[-61.99,-8.87],[-61.94,-8.88],[-61.91,-8.87],[-61.88,-8.86],[-61.86,-8.85],[-61.86,-8.83],[-61.86,-8.8],[-61.85,-8.78],[-61.84,-8.76],[-61.84,-8.73],[-61.81,-8.75],[-61.77,-8.75],[-61.76,-8.73],[-61.74,-8.72],[-61.74,-8.69],[-61.71,-8.69],[-61.7,-8.71],[-61.67,-8.7],[-61.65,-8.71],[-61.63,-8.72],[-61.63,-8.75],[-61.61,-8.79],[-61.58,-8.8],[-61.56,-8.81],[-61.54,-8.82],[-61.51,-8.84],[-61.51,-8.86],[-61.49,-8.88],[-61.48,-8.91],[-61.49,-8.94],[-61.51,-8.98],[-61.53,-9.02],[-61.53,-9.04],[-61.55,-9.07],[-61.55,-9.09],[-61.56,-9.11],[-61.54,-9.15],[-61.53,-9.17],[-61.52,-9.19],[-61.53,-9.23],[-61.58,-9.24],[-61.6,-9.25],[-61.63,-9.26],[-61.63,-9.28],[-61.61,-9.28],[-61.61,-9.31],[-61.62,-9.33],[-61.63,-9.36],[-61.6,-9.37],[-61.58,-9.37],[-61.55,-9.39],[-61.55,-9.42],[-61.56,-9.44],[-61.58,-9.46],[-61.57,-9.48],[-61.53,-9.5],[-61.55,-9.51],[-61.53,-9.53],[-61.51,-9.54],[-61.51,-9.56],[-61.49,-9.58],[-61.5,-9.61],[-61.48,-9.62],[-61.49,-9.66],[-61.5,-9.68],[-61.52,-9.7],[-61.55,-9.72],[-61.57,-9.72],[-61.55,-9.73],[-61.53,-9.74],[-61.55,-9.79],[-61.52,-9.8],[-61.53,-9.82],[-61.51,-9.84],[-61.51,-9.89],[-61.52,-9.92],[-61.52,-9.95],[-61.54,-9.96],[-61.53,-9.99],[-61.56,-10.04],[-61.57,-10.05],[-61.58,-10.07],[-61.58,-10.1],[-61.59,-10.12],[-61.6,-10.15],[-61.58,-10.16],[-61.56,-10.18],[-61.55,-10.2],[-61.57,-10.21],[-61.58,-10.25],[-61.55,-10.28],[-61.54,-10.3],[-61.53,-10.33],[-61.51,-10.35],[-61.5,-10.37],[-61.5,-10.39],[-61.47,-10.4],[-61.46,-10.44],[-61.48,-10.45],[-61.48,-10.49],[-61.48,-10.53],[-61.47,-10.56],[-61.48,-10.59],[-61.48,-10.61],[-61.48,-10.64],[-61.48,-10.67],[-61.5,-10.69],[-61.49,-10.71],[-61.49,-10.74],[-61.48,-10.76],[-61.48,-10.79],[-61.5,-10.78],[-61.5,-10.81],[-61.51,-10.83],[-61.52,-10.88],[-61.52,-10.9],[-61.52,-10.94],[-61.53,-10.98],[-61.55,-10.98],[-61.43,-10.99],[-61.0,-10.99],[-60.97,-10.99],[-60.83,-10.99],[-60.46,-10.99],[-60.45,-11.01],[-60.44,-11.03],[-60.41,-11.04],[-60.41,-11.07],[-60.4,-11.08],[-60.38,-11.1],[-60.35,-11.11],[-60.34,-11.08],[-60.32,-11.06],[-60.29,-11.07],[-60.28,-11.08],[-60.25,-11.1],[-60.23,-11.11],[-60.2,-11.11],[-60.19,-11.1],[-60.16,-11.1],[-60.13,-11.1],[-60.11,-11.1],[-60.09,-11.11],[-60.07,-11.13],[-60.04,-11.12],[-60.02,-11.13],[-59.99,-11.12],[-59.98,-11.15],[-59.99,-11.17],[-59.96,-11.19],[-59.98,-11.2],[-59.98,-11.22],[-59.97,-11.25],[-59.96,-11.27],[-59.96,-11.29],[-59.93,-11.31],[-59.92,-11.35],[-59.92,-11.37],[-59.92,-11.4],[-59.93,-11.42],[-59.95,-11.44],[-59.98,-11.44],[-59.98,-11.47],[-60.01,-11.48],[-60.03,-11.49],[-60.04,-11.51],[-60.05,-11.53],[-60.07,-11.55],[-60.09,-11.56],[-60.09,-11.59],[-60.11,-11.59],[-60.11,-11.61],[-60.11,-11.63],[-60.12,-11.65],[-60.12,-11.68],[-60.12,-11.7],[-60.11,-11.72],[-60.11,-11.75],[-60.11,-11.77],[-60.1,-11.79],[-60.1,-11.81],[-60.11,-11.84],[-60.1,-11.86],[-60.08,-11.87],[-60.06,-11.89],[-60.04,-11.9],[-60.02,-11.89],[-59.99,-11.91],[-59.99,-11.93],[-59.98,-11.95],[-59.97,-11.97],[-59.98,-11.99],[-59.97,-12.01],[-59.98,-12.03],[-59.97,-12.05],[-59.95,-12.07],[-59.93,-12.08],[-59.92,-12.1],[-59.9,-12.12],[-59.9,-12.17],[-59.91,-12.19],[-59.9,-12.21],[-59.89,-12.25],[-59.83,-12.29],[-59.77,-12.34],[-59.8,-12.35],[-59.8,-12.37],[-59.82,-12.38],[-59.83,-12.4],[-59.84,-12.42],[-59.84,-12.46],[-59.86,-12.48],[-59.89,-12.47],[-59.91,-12.48],[-59.93,-12.49],[-59.96,-12.5],[-59.97,-12.53],[-60.0,-12.54],[-60.01,-12.55],[-60.03,-12.58],[-60.04,-12.6],[-60.07,-12.62],[-60.06,-12.64],[-60.08,-12.66],[-60.08,-12.69],[-60.08,-12.71],[-60.09,-12.73],[-60.08,-12.76],[-60.08,-12.79],[-60.08,-12.84],[-60.08,-12.88],[-60.1,-12.92],[-60.12,-12.96],[-60.14,-12.97],[-60.17,-12.97],[-60.19,-12.97],[-60.2,-12.99],[-60.21,-13.01],[-60.22,-13.03],[-60.24,-13.04],[-60.26,-13.06],[-60.28,-13.08],[-60.28,-13.1],[-60.28,-13.13],[-60.3,-13.18],[-60.31,-13.19],[-60.32,-13.22],[-60.33,-13.25],[-60.34,-13.27],[-60.35,-13.29],[-60.36,-13.31],[-60.37,-13.33],[-60.37,-13.37],[-60.38,-13.39],[-60.38,-13.41],[-60.38,-13.44],[-60.4,-13.46],[-60.43,-13.48],[-60.46,-13.49],[-60.48,-13.49],[-60.51,-13.5],[-60.53,-13.52],[-60.54,-13.54],[-60.56,-13.55],[-60.58,-13.56],[-60.6,-13.57],[-60.63,-13.57],[-60.64,-13.59],[-60.65,-13.6],[-60.67,-13.62],[-60.69,-13.63],[-60.69,-13.65],[-60.71,-13.67],[-60.71,-13.69],[-60.73,-13.69],[-60.75,-13.69],[-60.77,-13.67],[-60.79,-13.66],[-60.81,-13.65],[-60.83,-13.63],[-60.85,-13.63],[-60.87,-13.62],[-60.89,-13.6],[-60.9,-13.59],[-60.92,-13.57],[-60.92,-13.55],[-60.94,-13.55],[-60.97,-13.54],[-60.99,-13.54],[-61.01,-13.53],[-61.01,-13.51],[-60.99,-13.5],[-61.01,-13.49],[-61.03,-13.49],[-61.05,-13.49],[-61.04,-13.5],[-61.06,-13.51],[-61.08,-13.5],[-61.1,-13.5],[-61.1,-13.52],[-61.13,-13.52],[-61.15,-13.52],[-61.17,-13.51],[-61.18,-13.53],[-61.21,-13.53],[-61.23,-13.52],[-61.24,-13.5],[-61.26,-13.5],[-61.28,-13.5],[-61.3,-13.48],[-61.3,-13.5],[-61.32,-13.5],[-61.34,-13.51],[-61.36,-13.52],[-61.38,-13.52],[-61.4,-13.52],[-61.42,-13.54],[-61.45,-13.55],[-61.47,-13.55],[-61.49,-13.55],[-61.52,-13.53],[-61.54,-13.53],[-61.56,-13.52],[-61.58,-13.5],[-61.6,-13.5],[-61.62,-13.5],[-61.64,-13.51],[-61.66,-13.51],[-61.69,-13.51],[-61.71,-13.52],[-61.73,-13.52],[-61.75,-13.52],[-61.76,-13.54],[-61.77,-13.52],[-61.78,-13.54],[-61.81,-13.53],[-61.83,-13.54],[-61.85,-13.53],[-61.87,-13.53],[-61.88,-13.5],[-61.88,-13.48],[-61.88,-13.46],[-61.89,-13.43],[-61.91,-13.43],[-61.93,-13.42],[-61.95,-13.41],[-61.96,-13.39],[-61.98,-13.37],[-62.0,-13.36],[-62.01,-13.35],[-62.01,-13.33],[-62.04,-13.33],[-62.05,-13.31],[-62.06,-13.29],[-62.08,-13.29],[-62.09,-13.28],[-62.11,-13.26],[-62.11,-13.24],[-62.11,-13.22],[-62.11,-13.19],[-62.12,-13.17],[-62.12,-13.15],[-62.14,-13.16],[-62.16,-13.15],[-62.17,-13.12],[-62.18,-13.14],[-62.2,-13.15],[-62.2,-13.13],[-62.21,-13.11],[-62.24,-13.12],[-62.25,-13.14],[-62.26,-13.15],[-62.28,-13.15],[-62.31,-13.14],[-62.33,-13.15],[-62.34,-13.14],[-62.37,-13.14],[-62.39,-13.13],[-62.4,-13.11],[-62.41,-13.13],[-62.43,-13.1],[-62.44,-13.08],[-62.45,-13.06],[-62.47,-13.08],[-62.48,-13.06],[-62.49,-13.08],[-62.51,-13.08],[-62.52,-13.07],[-62.55,-13.07],[-62.56,-13.06],[-62.59,-13.05],[-62.61,-13.04],[-62.6,-13.02],[-62.62,-13.02],[-62.63,-13.0],[-62.65,-12.99],[-62.64,-12.97],[-62.66,-12.98],[-62.68,-12.99],[-62.71,-13.0],[-62.73,-13.01],[-62.75,-13.0],[-62.76,-13.02],[-62.78,-13.01],[-62.79,-12.99],[-62.81,-12.97],[-62.8,-12.94],[-62.82,-12.93],[-62.84,-12.95],[-62.84,-12.93],[-62.86,-12.91],[-62.87,-12.89],[-62.89,-12.87],[-62.9,-12.85],[-62.92,-12.84],[-62.94,-12.85],[-62.96,-12.85],[-62.98,-12.84],[-63.01,-12.84],[-63.01,-12.81],[-63.02,-12.79],[-63.03,-12.77],[-63.04,-12.75],[-63.05,-12.73],[-63.08,-12.73],[-63.08,-12.7],[-63.06,-12.69],[-63.09,-12.68],[-63.09,-12.66],[-63.11,-12.66],[-63.13,-12.65],[-63.15,-12.63],[-63.16,-12.61],[-63.16,-12.64],[-63.18,-12.63],[-63.19,-12.65],[-63.22,-12.66],[-63.24,-12.66],[-63.23,-12.68],[-63.25,-12.69],[-63.28,-12.68],[-63.32,-12.67],[-63.35,-12.66],[-63.37,-12.66],[-63.39,-12.64],[-63.41,-12.61],[-63.43,-12.61],[-63.44,-12.58],[-63.46,-12.56],[-63.48,-12.56],[-63.5,-12.57],[-63.53,-12.54],[-63.54,-12.52],[-63.56,-12.5],[-63.58,-12.5],[-63.61,-12.48],[-63.63,-12.47],[-63.66,-12.46],[-63.68,-12.46],[-63.7,-12.45],[-63.72,-12.44],[-63.74,-12.44],[-63.76,-12.44],[-63.78,-12.43],[-63.8,-12.44],[-63.82,-12.45],[-63.84,-12.46],[-63.87,-12.45],[-63.89,-12.46],[-63.9,-12.48],[-63.9,-12.51],[-63.92,-12.51],[-63.94,-12.52],[-63.96,-12.53],[-63.98,-12.51],[-64.0,-12.51],[-64.03,-12.51],[-64.05,-12.5],[-64.07,-12.49],[-64.09,-12.5],[-64.11,-12.5],[-64.12,-12.48],[-64.14,-12.49],[-64.16,-12.51],[-64.17,-12.5],[-64.17,-12.47],[-64.2,-12.47],[-64.22,-12.46],[-64.24,-12.46],[-64.26,-12.48],[-64.28,-12.5],[-64.3,-12.49],[-64.29,-12.47],[-64.32,-12.46],[-64.35,-12.46],[-64.37,-12.45],[-64.39,-12.45],[-64.42,-12.44],[-64.43,-12.42],[-64.45,-12.41],[-64.46,-12.39],[-64.48,-12.38],[-64.5,-12.37],[-64.51,-12.35],[-64.5,-12.33],[-64.5,-12.31],[-64.5,-12.26],[-64.51,-12.23],[-64.53,-12.23],[-64.55,-12.24],[-64.57,-12.22],[-64.59,-12.22],[-64.64,-12.21],[-64.66,-12.2],[-64.68,-12.19],[-64.7,-12.19],[-64.71,-12.17],[-64.72,-12.15],[-64.71,-12.13],[-64.7,-12.11],[-64.71,-12.09],[-64.73,-12.09],[-64.73,-12.12],[-64.74,-12.14],[-64.75,-12.16],[-64.77,-12.14],[-64.76,-12.12],[-64.77,-12.1],[-64.78,-12.09],[-64.81,-12.09],[-64.82,-12.12],[-64.84,-12.11],[-64.84,-12.09],[-64.82,-12.07],[-64.81,-12.05],[-64.82,-12.03],[-64.84,-12.01],[-64.86,-12.01],[-64.88,-12.01],[-64.91,-12.02],[-64.93,-12.02],[-64.94,-12.0],[-64.96,-12.0],[-64.97,-12.02],[-64.99,-12.0],[-65.01,-12.0],[-65.03,-11.99],[-65.03,-11.97],[-65.03,-11.95],[-65.02,-11.92],[-65.02,-11.89],[-65.04,-11.89],[-65.06,-11.88],[-65.07,-11.86],[-65.06,-11.82],[-65.06,-11.8],[-65.07,-11.76],[-65.08,-11.74],[-65.09,-11.71],[-65.11,-11.71],[-65.13,-11.72],[-65.18,-11.72],[-65.17,-11.75],[-65.2,-11.75],[-65.23,-11.73],[-65.25,-11.72],[-65.26,-11.7],[-65.24,-11.68],[-65.22,-11.66],[-65.23,-11.63],[-65.22,-11.6],[-65.23,-11.58],[-65.23,-11.56],[-65.21,-11.54],[-65.22,-11.52],[-65.26,-11.51],[-65.28,-11.51],[-65.3,-11.5],[-65.31,-11.48],[-65.32,-11.45],[-65.32,-11.42],[-65.33,-11.4],[-65.33,-11.37],[-65.33,-11.34],[-65.3,-11.34],[-65.29,-11.32],[-65.33,-11.31],[-65.35,-11.3],[-65.36,-11.25],[-65.36,-11.22],[-65.34,-11.21],[-65.32,-11.2],[-65.33,-11.19],[-65.35,-11.17],[-65.36,-11.15],[-65.35,-11.13],[-65.34,-11.11],[-65.31,-11.1],[-65.29,-11.09],[-65.28,-11.07],[-65.29,-11.05],[-65.27,-11.01],[-65.25,-10.99],[-65.27,-10.96],[-65.27,-10.94],[-65.28,-10.93],[-65.27,-10.92],[-65.27,-10.89],[-65.28,-10.87],[-65.29,-10.85],[-65.31,-10.84],[-65.32,-10.82],[-65.34,-10.81],[-65.36,-10.8],[-65.36,-10.78],[-65.34,-10.77],[-65.35,-10.74],[-65.34,-10.72],[-65.34,-10.69],[-65.35,-10.66],[-65.38,-10.65],[-65.4,-10.64],[-65.41,-10.62],[-65.41,-10.6],[-65.4,-10.58],[-65.4,-10.55],[-65.42,-10.54],[-65.41,-10.51],[-65.42,-10.49],[-65.42,-10.47],[-65.41,-10.46],[-65.39,-10.45],[-65.38,-10.43],[-65.38,-10.41],[-65.38,-10.39],[-65.39,-10.37],[-65.38,-10.35],[-65.35,-10.33],[-65.34,-10.31],[-65.32,-10.3],[-65.32,-10.28],[-65.31,-10.25],[-65.29,-10.23],[-65.3,-10.19],[-65.31,-10.16],[-65.3,-10.14],[-65.3,-10.12],[-65.3,-10.1],[-65.32,-10.08],[-65.33,-10.07],[-65.33,-10.04],[-65.32,-10.01],[-65.32,-9.98],[-65.33,-9.96],[-65.33,-9.94],[-65.32,-9.91],[-65.3,-9.89],[-65.29,-9.87],[-65.29,-9.85],[-65.31,-9.82],[-65.32,-9.81],[-65.33,-9.78],[-65.34,-9.75],[-65.35,-9.72],[-65.37,-9.7],[-65.39,-9.69],[-65.42,-9.68],[-65.44,-9.67],[-65.44,-9.69],[-65.47,-9.71],[-65.49,-9.71],[-65.5,-9.74],[-65.5,-9.77],[-65.51,-9.79],[-65.53,-9.78],[-65.54,-9.8],[-65.56,-9.81],[-65.55,-9.83],[-65.6,-9.84],[-65.62,-9.83],[-65.63,-9.82],[-65.65,-9.81],[-65.66,-9.79],[-65.69,-9.8],[-65.71,-9.81],[-65.7,-9.79],[-65.71,-9.77],[-65.68,-9.77],[-65.71,-9.76],[-65.73,-9.76],[-65.74,-9.78],[-65.76,-9.77],[-65.77,-9.75],[-65.78,-9.77],[-65.79,-9.79],[-65.81,-9.78],[-65.8,-9.76],[-65.82,-9.76],[-65.84,-9.78],[-65.85,-9.79],[-65.87,-9.79],[-65.86,-9.77],[-65.88,-9.75],[-65.9,-9.77],[-65.92,-9.75],[-65.93,-9.77],[-65.95,-9.77],[-65.97,-9.78],[-65.96,-9.8],[-65.98,-9.81],[-66.01,-9.8],[-66.03,-9.8],[-66.06,-9.79],[-66.08,-9.79],[-66.09,-9.81],[-66.1,-9.79],[-66.12,-9.79],[-66.14,-9.79],[-66.17,-9.79],[-66.18,-9.8],[-66.2,-9.82],[-66.21,-9.83],[-66.24,-9.82],[-66.25,-9.83],[-66.27,-9.83],[-66.29,-9.84],[-66.32,-9.83],[-66.34,-9.84],[-66.36,-9.85],[-66.38,-9.87],[-66.4,-9.86],[-66.42,-9.88],[-66.43,-9.87],[-66.46,-9.87],[-66.46,-9.88]]],[[[-66.46,-9.88],[-66.45,-9.88],[-66.46,-9.88],[-66.46,-9.88]]]]},"properties":{"sigla":"RO","name":"Rond\u00f4nia"}},{"type":"Feature","geometry":{"type":"MultiPolygon","coordinates":[[[[-59.92,3.15],[-59.91,3.13],[-59.92,3.11],[-59.94,3.09],[-59.96,3.07],[-59.95,3.04],[-59.96,3.02],[-59.95,3.0],[-59.96,2.98],[-59.96,2.96],[-59.98,2.93],[-59.98,2.91],[-59.98,2.89],[-59.98,2.87],[-59.99,2.84],[-59.99,2.82],[-59.99,2.8],[-59.99,2.77],[-59.99,2.75],[-59.99,2.73],[-59.99,2.71],[-59.99,2.69],[-59.97,2.67],[-59.98,2.64],[-59.96,2.63],[-59.97,2.6],[-59.95,2.59],[-59.93,2.58],[-59.94,2.55],[-59.92,2.54],[-59.92,2.52],[-59.91,2.49],[-59.9,2.48],[-59.89,2.45],[-59.89,2.43],[-59.89,2.41],[-59.91,2.39],[-59.9,2.37],[-59.88,2.35],[-59.85,2.34],[-59.84,2.32],[-59.82,2.32],[-59.8,2.3],[-59.79,2.29],[-59.77,2.29],[-59.75,2.29],[-59.73,2.28],[-59.73,2.26],[-59.72,2.24],[-59.73,2.22],[-59.73,2.2],[-59.74,2.17],[-59.74,2.15],[-59.73,2.13],[-59.72,2.11],[-59.73,2.09],[-59.74,2.07],[-59.74,2.05],[-59.73,2.03],[-59.73,2.01],[-59.73,1.99],[-59.74,1.97],[-59.74,1.94],[-59.75,1.92],[-59.76,1.9],[-59.75,1.88],[-59.75,1.86],[-59.73,1.85],[-59.71,1.86],[-59.69,1.85],[-59.67,1.84],[-59.67,1.86],[-59.65,1.85],[-59.66,1.83],[-59.67,1.81],[-59.68,1.79],[-59.69,1.77],[-59.67,1.76],[-59.66,1.74],[-59.64,1.74],[-59.62,1.72],[-59.6,1.72],[-59.58,1.73],[-59.55,1.73],[-59.53,1.72],[-59.53,1.7],[-59.51,1.68],[-59.49,1.67],[-59.49,1.65],[-59.48,1.63],[-59.47,1.62],[-59.45,1.62],[-59.44,1.6],[-59.43,1.58],[-59.42,1.56],[-59.4,1.56],[-59.38,1.53],[-59.38,1.51],[-59.36,1.51],[-59.34,1.52],[-59.33,1.5],[-59.32,1.48],[-59.31,1.46],[-59.29,1.46],[-59.29,1.44],[-59.27,1.42],[-59.26,1.4],[-59.24,1.39],[-59.21,1.37],[-59.19,1.38],[-59.17,1.36],[-59.15,1.35],[-59.13,1.35],[-59.11,1.35],[-59.09,1.34],[-59.07,1.34],[-59.05,1.32],[-59.03,1.33],[-59.01,1.32],[-58.99,1.32],[-58.97,1.31],[-58.94,1.31],[-58.92,1.32],[-58.92,1.29],[-58.9,1.28],[-58.89,1.27],[-58.9,1.25],[-58.89,1.23],[-58.9,0.61],[-58.89,0.26],[-59.19,0.26],[-59.43,0.26],[-60.04,0.26],[-60.05,0.23],[-60.06,0.16],[-60.09,0.14],[-60.12,0.13],[-60.14,0.1],[-60.12,0.08],[-60.14,0.07],[-60.14,0.04],[-60.16,0.02],[-60.17,0.0],[-60.2,-0.03],[-60.21,-0.06],[-60.22,-0.08],[-60.23,-0.11],[-60.22,-0.14],[-60.25,-0.17],[-60.26,-0.19],[-60.28,-0.21],[-60.29,-0.23],[-60.3,-0.26],[-60.29,-0.29],[-60.3,-0.31],[-60.31,-0.33],[-60.32,-0.36],[-60.33,-0.38],[-60.34,-0.4],[-60.34,-0.42],[-60.37,-0.46],[-60.39,-0.49],[-60.4,-0.51],[-60.4,-0.55],[-60.38,-0.58],[-60.36,-0.6],[-60.35,-0.62],[-60.33,-0.64],[-60.31,-0.66],[-60.31,-0.69],[-60.3,-0.71],[-60.34,-0.74],[-60.38,-0.74],[-60.4,-0.76],[-60.42,-0.76],[-60.46,-0.77],[-60.48,-0.77],[-60.5,-0.79],[-60.49,-0.81],[-60.52,-0.83],[-60.5,-0.85],[-60.53,-0.87],[-60.56,-0.87],[-60.59,-0.85],[-60.61,-0.87],[-60.63,-0.87],[-60.65,-0.88],[-60.68,-0.87],[-60.71,-0.87],[-60.73,-0.86],[-60.75,-0.86],[-60.76,-0.84],[-60.76,-0.81],[-60.77,-0.79],[-60.76,-0.76],[-60.78,-0.75],[-60.8,-0.74],[-60.8,-0.7],[-60.84,-0.69],[-60.85,-0.67],[-60.85,-0.65],[-60.88,-0.65],[-60.91,-0.62],[-60.92,-0.59],[-60.92,-0.56],[-60.95,-0.56],[-60.97,-0.56],[-61.0,-0.56],[-61.02,-0.54],[-61.05,-0.55],[-61.06,-0.51],[-61.09,-0.5],[-61.11,-0.51],[-61.15,-0.5],[-61.17,-0.51],[-61.2,-0.51],[-61.22,-0.51],[-61.22,-0.53],[-61.22,-0.56],[-61.27,-0.58],[-61.3,-0.58],[-61.33,-0.6],[-61.35,-0.6],[-61.37,-0.61],[-61.39,-0.62],[-61.41,-0.63],[-61.43,-0.63],[-61.43,-0.66],[-61.46,-0.66],[-61.47,-0.68],[-61.48,-0.71],[-61.52,-0.75],[-61.54,-0.76],[-61.55,-0.81],[-61.55,-0.84],[-61.55,-0.86],[-61.56,-0.89],[-61.58,-0.91],[-61.58,-0.93],[-61.58,-0.96],[-61.58,-0.98],[-61.56,-0.99],[-61.56,-1.01],[-61.55,-1.03],[-61.54,-1.06],[-61.57,-1.07],[-61.57,-1.1],[-61.57,-1.12],[-61.57,-1.14],[-61.58,-1.16],[-61.57,-1.18],[-61.59,-1.22],[-61.61,-1.25],[-61.61,-1.28],[-61.63,-1.29],[-61.61,-1.31],[-61.58,-1.34],[-61.59,-1.36],[-61.62,-1.39],[-61.58,-1.41],[-61.57,-1.43],[-61.55,-1.43],[-61.53,-1.46],[-61.52,-1.5],[-61.48,-1.52],[-61.47,-1.54],[-61.47,-1.58],[-61.54,-1.53],[-61.56,-1.49],[-61.57,-1.48],[-61.6,-1.45],[-61.63,-1.43],[-61.66,-1.43],[-61.72,-1.41],[-61.74,-1.39],[-61.77,-1.38],[-61.79,-1.38],[-61.81,-1.4],[-61.84,-1.4],[-61.87,-1.4],[-61.9,-1.4],[-61.91,-1.37],[-61.91,-1.34],[-61.95,-1.3],[-61.96,-1.27],[-61.97,-1.24],[-61.99,-1.22],[-62.02,-1.14],[-62.04,-1.12],[-62.06,-1.1],[-62.09,-1.1],[-62.1,-1.09],[-62.11,-1.06],[-62.12,-1.04],[-62.14,-1.03],[-62.17,-1.01],[-62.2,-1.0],[-62.21,-0.98],[-62.24,-0.97],[-62.26,-0.98],[-62.27,-0.95],[-62.29,-0.95],[-62.31,-0.93],[-62.33,-0.92],[-62.35,-0.89],[-62.36,-0.87],[-62.38,-0.87],[-62.38,-0.84],[-62.39,-0.83],[-62.43,-0.81],[-62.45,-0.81],[-62.46,-0.79],[-62.5,-0.78],[-62.51,-0.76],[-62.5,-0.73],[-62.51,-0.71],[-62.49,-0.69],[-62.47,-0.69],[-62.43,-0.69],[-62.41,-0.71],[-62.41,-0.73],[-62.39,-0.71],[-62.37,-0.71],[-62.37,-0.69],[-62.35,-0.68],[-62.33,-0.67],[-62.31,-0.66],[-62.29,-0.65],[-62.29,-0.62],[-62.29,-0.6],[-62.3,-0.59],[-62.32,-0.55],[-62.3,-0.53],[-62.31,-0.51],[-62.29,-0.49],[-62.27,-0.47],[-62.25,-0.44],[-62.23,-0.43],[-62.21,-0.41],[-62.2,-0.38],[-62.19,-0.36],[-62.19,-0.34],[-62.22,-0.31],[-62.25,-0.3],[-62.25,-0.28],[-62.24,-0.26],[-62.25,-0.24],[-62.24,-0.21],[-62.25,-0.19],[-62.26,-0.16],[-62.29,-0.14],[-62.32,-0.1],[-62.32,-0.07],[-62.32,-0.04],[-62.35,0.03],[-62.36,0.04],[-62.39,0.06],[-62.41,0.07],[-62.43,0.12],[-62.42,0.14],[-62.43,0.17],[-62.44,0.2],[-62.45,0.24],[-62.47,0.28],[-62.46,0.31],[-62.47,0.33],[-62.46,0.35],[-62.45,0.37],[-62.46,0.39],[-62.46,0.42],[-62.48,0.45],[-62.51,0.44],[-62.52,0.47],[-62.53,0.5],[-62.53,0.55],[-62.52,0.58],[-62.54,0.68],[-62.53,0.71],[-62.5,0.75],[-62.46,0.78],[-62.46,0.82],[-62.48,0.84],[-62.49,0.87],[-62.47,0.92],[-62.45,0.93],[-62.44,0.96],[-62.46,1.0],[-62.47,1.02],[-62.47,1.04],[-62.47,1.08],[-62.49,1.09],[-62.52,1.08],[-62.55,1.12],[-62.55,1.18],[-62.59,1.26],[-62.61,1.35],[-62.63,1.39],[-62.64,1.43],[-62.68,1.45],[-62.7,1.48],[-62.72,1.49],[-62.74,1.53],[-62.76,1.55],[-62.78,1.57],[-62.8,1.59],[-62.8,1.63],[-62.77,1.66],[-62.76,1.68],[-62.73,1.7],[-62.73,1.82],[-62.7,1.87],[-62.7,1.91],[-62.71,1.94],[-62.72,1.96],[-62.74,1.97],[-62.81,1.99],[-62.83,2.01],[-62.92,2.03],[-62.95,2.03],[-62.98,2.02],[-63.02,2.01],[-63.07,2.04],[-63.09,2.06],[-63.11,2.08],[-63.12,2.1],[-63.14,2.14],[-63.14,2.17],[-63.16,2.18],[-63.19,2.18],[-63.26,2.16],[-63.28,2.15],[-63.31,2.17],[-63.36,2.2],[-63.38,2.22],[-63.4,2.25],[-63.4,2.27],[-63.4,2.29],[-63.43,2.36],[-63.42,2.39],[-63.39,2.41],[-63.41,2.44],[-63.44,2.44],[-63.47,2.43],[-63.49,2.43],[-63.52,2.42],[-63.54,2.42],[-63.57,2.41],[-63.61,2.4],[-63.64,2.38],[-63.68,2.38],[-63.71,2.38],[-63.74,2.38],[-63.76,2.39],[-63.78,2.39],[-63.8,2.4],[-63.83,2.41],[-63.87,2.42],[-63.89,2.43],[-63.92,2.44],[-63.94,2.45],[-63.96,2.45],[-63.98,2.47],[-64.0,2.48],[-64.02,2.47],[-64.04,2.49],[-64.06,2.5],[-64.05,2.52],[-64.05,2.55],[-64.04,2.57],[-64.02,2.59],[-64.01,2.61],[-64.0,2.63],[-63.99,2.65],[-63.99,2.67],[-63.99,2.69],[-64.0,2.71],[-63.98,2.72],[-63.99,2.74],[-64.0,2.76],[-64.01,2.78],[-64.01,2.8],[-64.02,2.82],[-64.04,2.83],[-64.06,2.85],[-64.07,2.88],[-64.07,2.92],[-64.07,2.94],[-64.09,2.95],[-64.11,2.96],[-64.12,2.98],[-64.13,3.0],[-64.16,3.03],[-64.17,3.05],[-64.18,3.07],[-64.2,3.08],[-64.22,3.1],[-64.23,3.11],[-64.22,3.15],[-64.21,3.17],[-64.21,3.19],[-64.21,3.22],[-64.21,3.25],[-64.24,3.3],[-64.24,3.33],[-64.24,3.37],[-64.24,3.39],[-64.25,3.41],[-64.24,3.44],[-64.2,3.48],[-64.19,3.5],[-64.18,3.52],[-64.18,3.55],[-64.2,3.58],[-64.24,3.63],[-64.26,3.65],[-64.28,3.66],[-64.29,3.69],[-64.32,3.72],[-64.34,3.74],[-64.36,3.75],[-64.39,3.76],[-64.41,3.77],[-64.43,3.78],[-64.45,3.78],[-64.47,3.78],[-64.49,3.79],[-64.5,3.81],[-64.52,3.84],[-64.55,3.86],[-64.57,3.88],[-64.58,3.93],[-64.61,3.95],[-64.63,3.96],[-64.64,3.98],[-64.67,4.01],[-64.68,4.03],[-64.69,4.05],[-64.71,4.07],[-64.72,4.11],[-64.74,4.13],[-64.78,4.15],[-64.8,4.17],[-64.81,4.19],[-64.82,4.21],[-64.82,4.24],[-64.82,4.27],[-64.8,4.28],[-64.78,4.29],[-64.75,4.27],[-64.73,4.26],[-64.7,4.25],[-64.66,4.21],[-64.65,4.19],[-64.64,4.17],[-64.63,4.14],[-64.61,4.13],[-64.59,4.11],[-64.56,4.1],[-64.54,4.11],[-64.52,4.12],[-64.5,4.11],[-64.47,4.12],[-64.45,4.13],[-64.41,4.13],[-64.39,4.14],[-64.36,4.13],[-64.33,4.13],[-64.31,4.13],[-64.29,4.14],[-64.27,4.14],[-64.25,4.13],[-64.23,4.12],[-64.21,4.12],[-64.19,4.12],[-64.17,4.13],[-64.15,4.11],[-64.12,4.1],[-64.1,4.08],[-64.1,4.05],[-64.1,4.03],[-64.08,4.01],[-64.05,3.95],[-64.04,3.93],[-64.0,3.93],[-64.0,3.91],[-63.98,3.9],[-63.97,3.88],[-63.95,3.89],[-63.94,3.91],[-63.91,3.93],[-63.89,3.93],[-63.87,3.94],[-63.85,3.95],[-63.83,3.94],[-63.81,3.94],[-63.79,3.94],[-63.77,3.94],[-63.74,3.93],[-63.73,3.92],[-63.71,3.9],[-63.69,3.91],[-63.67,3.92],[-63.68,3.94],[-63.7,3.95],[-63.69,3.97],[-63.69,4.0],[-63.68,4.02],[-63.66,4.01],[-63.64,3.98],[-63.62,3.96],[-63.61,3.95],[-63.59,3.93],[-63.59,3.91],[-63.59,3.89],[-63.57,3.89],[-63.55,3.87],[-63.53,3.86],[-63.51,3.85],[-63.5,3.87],[-63.48,3.87],[-63.46,3.86],[-63.44,3.86],[-63.44,3.88],[-63.42,3.9],[-63.42,3.92],[-63.44,3.94],[-63.45,3.95],[-63.44,3.97],[-63.41,3.98],[-63.39,3.98],[-63.37,3.97],[-63.35,3.96],[-63.33,3.96],[-63.31,3.97],[-63.29,3.97],[-63.28,3.96],[-63.25,3.96],[-63.23,3.95],[-63.21,3.95],[-63.21,3.93],[-63.22,3.9],[-63.23,3.89],[-63.23,3.86],[-63.23,3.84],[-63.21,3.82],[-63.19,3.81],[-63.17,3.81],[-63.15,3.81],[-63.13,3.8],[-63.11,3.8],[-63.09,3.78],[-63.08,3.76],[-63.06,3.75],[-63.06,3.73],[-63.06,3.71],[-63.08,3.69],[-63.06,3.68],[-63.04,3.67],[-63.03,3.65],[-63.0,3.62],[-62.98,3.61],[-62.96,3.61],[-62.94,3.62],[-62.93,3.65],[-62.92,3.67],[-62.9,3.68],[-62.87,3.7],[-62.85,3.71],[-62.84,3.73],[-62.82,3.73],[-62.8,3.72],[-62.78,3.7],[-62.77,3.69],[-62.75,3.67],[-62.74,3.69],[-62.73,3.71],[-62.73,3.74],[-62.74,3.76],[-62.74,3.78],[-62.73,3.81],[-62.75,3.81],[-62.76,3.83],[-62.75,3.85],[-62.77,3.87],[-62.78,3.89],[-62.79,3.91],[-62.78,3.93],[-62.76,3.94],[-62.75,3.97],[-62.76,3.98],[-62.77,4.01],[-62.75,4.02],[-62.74,4.04],[-62.72,4.03],[-62.7,4.03],[-62.68,4.04],[-62.66,4.04],[-62.64,4.04],[-62.61,4.04],[-62.59,4.03],[-62.58,4.02],[-62.56,4.02],[-62.56,4.04],[-62.54,4.04],[-62.54,4.06],[-62.56,4.08],[-62.55,4.1],[-62.53,4.11],[-62.53,4.14],[-62.51,4.13],[-62.49,4.14],[-62.47,4.14],[-62.46,4.16],[-62.46,4.18],[-62.44,4.18],[-62.42,4.18],[-62.4,4.17],[-62.38,4.17],[-62.35,4.17],[-62.34,4.15],[-62.32,4.14],[-62.3,4.14],[-62.27,4.13],[-62.25,4.13],[-62.23,4.12],[-62.21,4.11],[-62.19,4.11],[-62.18,4.09],[-62.15,4.08],[-62.13,4.09],[-62.12,4.11],[-62.1,4.12],[-62.08,4.12],[-62.08,4.14],[-62.07,4.16],[-62.04,4.15],[-62.02,4.16],[-62.0,4.16],[-61.98,4.18],[-61.98,4.16],[-61.97,4.14],[-61.95,4.13],[-61.94,4.11],[-61.92,4.13],[-61.92,4.15],[-61.9,4.16],[-61.88,4.16],[-61.87,4.17],[-61.85,4.17],[-61.82,4.16],[-61.82,4.18],[-61.81,4.21],[-61.8,4.23],[-61.77,4.23],[-61.77,4.25],[-61.75,4.26],[-61.72,4.27],[-61.73,4.25],[-61.71,4.25],[-61.68,4.26],[-61.67,4.26],[-61.65,4.25],[-61.62,4.25],[-61.6,4.25],[-61.58,4.25],[-61.56,4.25],[-61.54,4.27],[-61.52,4.29],[-61.51,4.31],[-61.52,4.33],[-61.52,4.35],[-61.52,4.37],[-61.52,4.4],[-61.5,4.41],[-61.48,4.42],[-61.46,4.43],[-61.44,4.44],[-61.42,4.43],[-61.4,4.43],[-61.37,4.43],[-61.35,4.42],[-61.33,4.43],[-61.32,4.45],[-61.3,4.46],[-61.28,4.47],[-61.29,4.48],[-61.31,4.5],[-61.33,4.52],[-61.31,4.54],[-61.29,4.54],[-61.27,4.53],[-61.25,4.52],[-61.23,4.53],[-61.2,4.52],[-61.18,4.52],[-61.16,4.5],[-61.15,4.49],[-61.13,4.5],[-61.11,4.51],[-61.09,4.52],[-61.07,4.52],[-61.05,4.52],[-61.02,4.52],[-61.0,4.52],[-60.99,4.54],[-60.96,4.54],[-60.95,4.56],[-60.96,4.58],[-60.93,4.58],[-60.94,4.6],[-60.94,4.63],[-60.95,4.65],[-60.93,4.66],[-60.91,4.68],[-60.91,4.7],[-60.9,4.72],[-60.87,4.72],[-60.85,4.7],[-60.83,4.72],[-60.81,4.73],[-60.8,4.75],[-60.78,4.75],[-60.75,4.76],[-60.74,4.77],[-60.72,4.78],[-60.72,4.8],[-60.7,4.81],[-60.69,4.82],[-60.67,4.84],[-60.66,4.86],[-60.65,4.88],[-60.63,4.89],[-60.62,4.92],[-60.59,4.93],[-60.59,4.95],[-60.59,4.97],[-60.59,4.99],[-60.61,5.01],[-60.62,5.03],[-60.63,5.05],[-60.64,5.07],[-60.64,5.09],[-60.64,5.12],[-60.66,5.13],[-60.66,5.16],[-60.67,5.18],[-60.69,5.19],[-60.72,5.2],[-60.72,5.22],[-60.7,5.23],[-60.68,5.23],[-60.66,5.23],[-60.64,5.22],[-60.61,5.22],[-60.59,5.22],[-60.58,5.2],[-60.55,5.19],[-60.53,5.21],[-60.51,5.2],[-60.48,5.2],[-60.45,5.2],[-60.43,5.18],[-60.42,5.2],[-60.41,5.21],[-60.38,5.22],[-60.37,5.2],[-60.35,5.21],[-60.32,5.21],[-60.31,5.22],[-60.28,5.23],[-60.26,5.25],[-60.24,5.26],[-60.22,5.27],[-60.2,5.26],[-60.19,5.24],[-60.17,5.23],[-60.14,5.25],[-60.13,5.23],[-60.12,5.21],[-60.1,5.18],[-60.1,5.15],[-60.08,5.14],[-60.06,5.13],[-60.05,5.11],[-60.03,5.1],[-60.01,5.09],[-60.0,5.07],[-60.0,5.04],[-60.0,5.03],[-59.99,4.99],[-60.0,4.96],[-59.99,4.94],[-60.01,4.91],[-60.01,4.89],[-60.01,4.86],[-60.02,4.84],[-60.03,4.82],[-60.03,4.8],[-60.04,4.78],[-60.03,4.76],[-60.03,4.74],[-60.04,4.72],[-60.03,4.7],[-60.06,4.68],[-60.08,4.65],[-60.08,4.63],[-60.08,4.61],[-60.1,4.6],[-60.13,4.6],[-60.13,4.57],[-60.14,4.56],[-60.16,4.56],[-60.16,4.54],[-60.16,4.51],[-60.14,4.51],[-60.1,4.5],[-60.1,4.52],[-60.08,4.52],[-60.07,4.49],[-60.04,4.49],[-60.02,4.49],[-60.0,4.5],[-59.98,4.48],[-59.97,4.5],[-59.95,4.49],[-59.93,4.49],[-59.91,4.47],[-59.89,4.47],[-59.86,4.47],[-59.86,4.45],[-59.84,4.45],[-59.82,4.45],[-59.8,4.46],[-59.79,4.45],[-59.77,4.44],[-59.75,4.42],[-59.73,4.41],[-59.72,4.4],[-59.7,4.38],[-59.68,4.37],[-59.68,4.35],[-59.7,4.32],[-59.7,4.3],[-59.72,4.29],[-59.73,4.27],[-59.73,4.24],[-59.73,4.22],[-59.73,4.2],[-59.72,4.18],[-59.7,4.16],[-59.68,4.15],[-59.66,4.15],[-59.64,4.14],[-59.62,4.13],[-59.63,4.11],[-59.64,4.09],[-59.64,4.07],[-59.62,4.05],[-59.61,4.04],[-59.6,4.02],[-59.59,4.0],[-59.57,3.99],[-59.59,3.97],[-59.56,3.97],[-59.55,3.98],[-59.53,3.97],[-59.52,3.94],[-59.53,3.92],[-59.55,3.92],[-59.57,3.91],[-59.58,3.89],[-59.59,3.87],[-59.59,3.85],[-59.58,3.83],[-59.59,3.82],[-59.6,3.8],[-59.62,3.79],[-59.64,3.79],[-59.66,3.78],[-59.67,3.77],[-59.67,3.75],[-59.67,3.72],[-59.67,3.7],[-59.69,3.7],[-59.71,3.69],[-59.72,3.67],[-59.74,3.66],[-59.76,3.64],[-59.77,3.63],[-59.79,3.62],[-59.81,3.62],[-59.84,3.61],[-59.85,3.59],[-59.87,3.57],[-59.85,3.56],[-59.84,3.53],[-59.82,3.52],[-59.8,3.51],[-59.82,3.49],[-59.83,3.46],[-59.84,3.44],[-59.83,3.42],[-59.82,3.4],[-59.81,3.38],[-59.81,3.35],[-59.83,3.36],[-59.83,3.33],[-59.84,3.32],[-59.85,3.3],[-59.87,3.28],[-59.88,3.26],[-59.88,3.24],[-59.88,3.22],[-59.9,3.22],[-59.91,3.19],[-59.9,3.16],[-59.92,3.15],[-59.92,3.15]]]]},"properties":{"sigla":"RR","name":"Roraima"}},{"type":"Feature","geometry":{"type":"MultiPolygon","coordinates":[[[[-52.04,-31.57],[-52.06,-31.56],[-52.09,-31.55],[-52.11,-31.55],[-52.12,-31.58],[-52.11,-31.6],[-52.1,-31.63],[-52.07,-31.62],[-52.06,-31.6],[-52.06,-31.62],[-52.06,-31.64],[-52.08,-31.66],[-52.07,-31.68],[-52.1,-31.68],[-52.13,-31.69],[-52.16,-31.7],[-52.19,-31.72],[-52.22,-31.75],[-52.22,-31.77],[-52.21,-31.8],[-52.22,-31.82],[-52.22,-31.84],[-52.25,-31.84],[-52.25,-31.86],[-52.23,-31.89],[-52.23,-31.87],[-52.21,-31.88],[-52.19,-31.9],[-52.16,-31.91],[-52.13,-31.92],[-52.11,-31.94],[-52.11,-31.98],[-52.1,-32.0],[-52.09,-32.02],[-52.07,-32.03],[-52.07,-32.05],[-52.09,-32.06],[-52.1,-32.08],[-52.1,-32.11],[-52.1,-32.13],[-52.1,-32.15],[-52.11,-32.17],[-52.14,-32.18],[-52.19,-32.22],[-52.21,-32.24],[-52.23,-32.26],[-52.26,-32.29],[-52.31,-32.36],[-52.34,-32.43],[-52.37,-32.49],[-52.42,-32.61],[-52.42,-32.63],[-52.44,-32.71],[-52.45,-32.74],[-52.47,-32.8],[-52.51,-32.9],[-52.52,-32.92],[-52.54,-32.95],[-52.55,-32.97],[-52.56,-32.99],[-52.58,-33.03],[-52.6,-33.06],[-52.61,-33.08],[-52.62,-33.11],[-52.64,-33.13],[-52.65,-33.15],[-52.67,-33.17],[-52.68,-33.18],[-52.7,-33.2],[-52.72,-33.23],[-52.74,-33.25],[-52.75,-33.26],[-52.79,-33.3],[-52.82,-33.32],[-52.88,-33.37],[-53.04,-33.5],[-53.15,-33.58],[-53.18,-33.61],[-53.2,-33.63],[-53.24,-33.66],[-53.27,-33.67],[-53.29,-33.69],[-53.33,-33.72],[-53.37,-33.74],[-53.39,-33.75],[-53.42,-33.75],[-53.43,-33.73],[-53.44,-33.71],[-53.45,-33.69],[-53.52,-33.69],[-53.53,-33.67],[-53.53,-33.64],[-53.53,-33.62],[-53.53,-33.6],[-53.52,-33.58],[-53.51,-33.55],[-53.5,-33.53],[-53.48,-33.55],[-53.49,-33.56],[-53.47,-33.57],[-53.45,-33.56],[-53.46,-33.55],[-53.45,-33.52],[-53.44,-33.5],[-53.43,-33.49],[-53.43,-33.47],[-53.43,-33.43],[-53.43,-33.4],[-53.44,-33.38],[-53.45,-33.36],[-53.46,-33.3],[-53.47,-33.27],[-53.47,-33.25],[-53.44,-33.19],[-53.44,-33.17],[-53.43,-33.15],[-53.41,-33.16],[-53.38,-33.14],[-53.37,-33.12],[-53.35,-33.1],[-53.34,-33.08],[-53.32,-33.06],[-53.32,-33.08],[-53.3,-33.1],[-53.28,-33.11],[-53.26,-33.1],[-53.24,-33.08],[-53.23,-33.06],[-53.21,-33.05],[-53.2,-33.03],[-53.19,-33.01],[-53.16,-32.97],[-53.16,-32.94],[-53.17,-32.91],[-53.16,-32.88],[-53.16,-32.86],[-53.15,-32.83],[-53.14,-32.81],[-53.12,-32.79],[-53.11,-32.81],[-53.09,-32.82],[-53.07,-32.83],[-53.06,-32.82],[-53.04,-32.8],[-53.02,-32.78],[-53.0,-32.76],[-52.99,-32.74],[-53.0,-32.77],[-53.0,-32.79],[-52.98,-32.82],[-52.97,-32.83],[-52.95,-32.85],[-52.93,-32.86],[-52.91,-32.88],[-52.89,-32.89],[-52.87,-32.9],[-52.85,-32.91],[-52.81,-32.91],[-52.79,-32.9],[-52.77,-32.88],[-52.76,-32.87],[-52.74,-32.85],[-52.73,-32.83],[-52.72,-32.81],[-52.7,-32.79],[-52.69,-32.76],[-52.67,-32.73],[-52.66,-32.7],[-52.64,-32.68],[-52.63,-32.66],[-52.62,-32.65],[-52.61,-32.62],[-52.6,-32.59],[-52.59,-32.56],[-52.59,-32.53],[-52.59,-32.49],[-52.61,-32.46],[-52.62,-32.44],[-52.63,-32.42],[-52.64,-32.39],[-52.66,-32.37],[-52.68,-32.35],[-52.69,-32.32],[-52.69,-32.3],[-52.68,-32.28],[-52.68,-32.26],[-52.67,-32.23],[-52.66,-32.21],[-52.63,-32.17],[-52.63,-32.15],[-52.65,-32.15],[-52.67,-32.16],[-52.69,-32.16],[-52.71,-32.17],[-52.74,-32.17],[-52.73,-32.19],[-52.75,-32.19],[-52.73,-32.21],[-52.75,-32.21],[-52.77,-32.23],[-52.78,-32.26],[-52.79,-32.27],[-52.8,-32.29],[-52.8,-32.31],[-52.82,-32.33],[-52.81,-32.35],[-52.79,-32.38],[-52.76,-32.37],[-52.75,-32.36],[-52.72,-32.37],[-52.74,-32.4],[-52.77,-32.43],[-52.79,-32.44],[-52.82,-32.45],[-52.87,-32.46],[-52.9,-32.46],[-52.92,-32.47],[-52.94,-32.48],[-52.96,-32.49],[-52.98,-32.51],[-52.99,-32.53],[-52.99,-32.57],[-53.0,-32.59],[-53.01,-32.61],[-53.04,-32.61],[-53.06,-32.62],[-53.07,-32.64],[-53.1,-32.64],[-53.12,-32.64],[-53.15,-32.64],[-53.17,-32.65],[-53.19,-32.64],[-53.22,-32.64],[-53.24,-32.63],[-53.25,-32.61],[-53.27,-32.61],[-53.29,-32.62],[-53.3,-32.6],[-53.33,-32.59],[-53.35,-32.59],[-53.37,-32.57],[-53.39,-32.59],[-53.42,-32.57],[-53.44,-32.54],[-53.46,-32.52],[-53.46,-32.5],[-53.5,-32.48],[-53.52,-32.48],[-53.54,-32.48],[-53.57,-32.46],[-53.58,-32.45],[-53.6,-32.43],[-53.61,-32.42],[-53.62,-32.4],[-53.64,-32.38],[-53.63,-32.35],[-53.64,-32.33],[-53.65,-32.31],[-53.65,-32.29],[-53.66,-32.27],[-53.68,-32.25],[-53.68,-32.22],[-53.7,-32.21],[-53.71,-32.19],[-53.72,-32.16],[-53.73,-32.14],[-53.74,-32.12],[-53.73,-32.1],[-53.74,-32.09],[-53.76,-32.08],[-53.78,-32.07],[-53.8,-32.07],[-53.82,-32.06],[-53.83,-32.04],[-53.85,-32.03],[-53.85,-32.01],[-53.87,-32.0],[-53.89,-31.99],[-53.91,-31.97],[-53.93,-31.96],[-53.96,-31.96],[-53.97,-31.94],[-53.98,-31.92],[-54.0,-31.92],[-54.01,-31.91],[-54.04,-31.9],[-54.06,-31.91],[-54.08,-31.93],[-54.1,-31.93],[-54.11,-31.91],[-54.13,-31.9],[-54.15,-31.88],[-54.17,-31.87],[-54.45,-31.65],[-54.45,-31.63],[-54.47,-31.61],[-54.46,-31.59],[-54.47,-31.57],[-54.49,-31.56],[-54.5,-31.54],[-54.51,-31.51],[-54.53,-31.5],[-54.55,-31.49],[-54.57,-31.48],[-54.58,-31.46],[-54.63,-31.46],[-54.67,-31.45],[-54.69,-31.44],[-54.71,-31.44],[-54.73,-31.43],[-54.76,-31.43],[-54.78,-31.43],[-54.8,-31.43],[-54.83,-31.44],[-54.85,-31.43],[-54.86,-31.41],[-54.88,-31.4],[-54.89,-31.38],[-54.91,-31.38],[-54.93,-31.38],[-54.93,-31.36],[-54.95,-31.35],[-54.95,-31.33],[-54.97,-31.32],[-54.98,-31.3],[-55.0,-31.28],[-55.01,-31.27],[-55.04,-31.28],[-55.04,-31.3],[-55.06,-31.31],[-55.07,-31.33],[-55.1,-31.31],[-55.12,-31.31],[-55.14,-31.3],[-55.15,-31.29],[-55.17,-31.27],[-55.2,-31.26],[-55.23,-31.26],[-55.25,-31.25],[-55.25,-31.22],[-55.25,-31.2],[-55.28,-31.19],[-55.27,-31.17],[-55.29,-31.15],[-55.3,-31.14],[-55.33,-31.14],[-55.34,-31.12],[-55.33,-31.1],[-55.35,-31.07],[-55.35,-31.05],[-55.37,-31.03],[-55.39,-31.02],[-55.41,-31.02],[-55.42,-31.01],[-55.43,-30.99],[-55.43,-30.97],[-55.45,-30.96],[-55.48,-30.95],[-55.49,-30.93],[-55.5,-30.92],[-55.51,-30.9],[-55.53,-30.9],[-55.55,-30.88],[-55.56,-30.87],[-55.57,-30.85],[-55.59,-30.84],[-55.61,-30.85],[-55.64,-30.85],[-55.65,-30.86],[-55.65,-30.89],[-55.65,-30.9],[-55.65,-30.92],[-55.66,-30.95],[-55.69,-30.95],[-55.71,-30.95],[-55.73,-30.97],[-55.74,-30.98],[-55.76,-31.0],[-55.77,-31.01],[-55.79,-31.02],[-55.81,-31.02],[-55.83,-31.04],[-55.85,-31.04],[-55.87,-31.07],[-55.89,-31.08],[-55.92,-31.08],[-55.95,-31.08],[-55.98,-31.07],[-56.01,-31.08],[-56.01,-31.06],[-56.02,-31.04],[-56.02,-31.01],[-56.01,-30.99],[-56.01,-30.97],[-56.01,-30.95],[-56.01,-30.92],[-56.01,-30.9],[-56.0,-30.88],[-55.99,-30.86],[-56.0,-30.84],[-56.01,-30.82],[-56.02,-30.8],[-56.03,-30.78],[-56.05,-30.78],[-56.07,-30.76],[-56.08,-30.75],[-56.1,-30.74],[-56.12,-30.74],[-56.13,-30.72],[-56.15,-30.71],[-56.14,-30.69],[-56.16,-30.67],[-56.17,-30.65],[-56.17,-30.63],[-56.18,-30.61],[-56.21,-30.61],[-56.23,-30.59],[-56.24,-30.57],[-56.25,-30.59],[-56.26,-30.57],[-56.28,-30.56],[-56.29,-30.54],[-56.31,-30.53],[-56.33,-30.53],[-56.34,-30.51],[-56.35,-30.49],[-56.38,-30.5],[-56.39,-30.49],[-56.4,-30.47],[-56.4,-30.45],[-56.42,-30.43],[-56.44,-30.43],[-56.45,-30.4],[-56.47,-30.39],[-56.49,-30.39],[-56.51,-30.37],[-56.53,-30.36],[-56.55,-30.35],[-56.54,-30.33],[-56.56,-30.32],[-56.57,-30.3],[-56.59,-30.29],[-56.62,-30.3],[-56.61,-30.28],[-56.61,-30.26],[-56.64,-30.26],[-56.64,-30.23],[-56.66,-30.22],[-56.64,-30.2],[-56.67,-30.2],[-56.69,-30.2],[-56.71,-30.19],[-56.73,-30.17],[-56.75,-30.17],[-56.77,-30.16],[-56.78,-30.14],[-56.79,-30.12],[-56.8,-30.11],[-56.82,-30.1],[-56.85,-30.09],[-56.88,-30.09],[-56.9,-30.11],[-56.92,-30.1],[-56.94,-30.1],[-56.98,-30.1],[-57.0,-30.09],[-57.02,-30.09],[-57.04,-30.1],[-57.06,-30.1],[-57.08,-30.09],[-57.09,-30.11],[-57.11,-30.11],[-57.1,-30.14],[-57.13,-30.14],[-57.14,-30.16],[-57.16,-30.19],[-57.17,-30.2],[-57.16,-30.22],[-57.16,-30.24],[-57.18,-30.26],[-57.2,-30.28],[-57.22,-30.29],[-57.25,-30.29],[-57.26,-30.27],[-57.27,-30.28],[-57.29,-30.29],[-57.3,-30.27],[-57.34,-30.28],[-57.36,-30.27],[-57.38,-30.29],[-57.41,-30.3],[-57.41,-30.28],[-57.44,-30.28],[-57.46,-30.27],[-57.49,-30.27],[-57.5,-30.28],[-57.52,-30.29],[-57.55,-30.27],[-57.57,-30.26],[-57.56,-30.24],[-57.56,-30.21],[-57.61,-30.19],[-57.63,-30.19],[-57.61,-30.18],[-57.58,-30.17],[-57.56,-30.17],[-57.53,-30.15],[-57.51,-30.14],[-57.48,-30.12],[-57.47,-30.11],[-57.45,-30.08],[-57.43,-30.06],[-57.41,-30.03],[-57.38,-30.02],[-57.35,-30.0],[-57.33,-29.98],[-57.32,-29.95],[-57.32,-29.93],[-57.33,-29.9],[-57.33,-29.88],[-57.29,-29.83],[-57.28,-29.82],[-57.26,-29.8],[-57.24,-29.79],[-57.22,-29.78],[-57.2,-29.78],[-57.17,-29.78],[-57.13,-29.77],[-57.11,-29.76],[-57.07,-29.72],[-57.05,-29.71],[-57.03,-29.69],[-57.01,-29.67],[-56.99,-29.65],[-56.97,-29.64],[-56.97,-29.62],[-56.95,-29.58],[-56.94,-29.57],[-56.92,-29.56],[-56.91,-29.54],[-56.89,-29.52],[-56.87,-29.51],[-56.84,-29.5],[-56.82,-29.48],[-56.8,-29.45],[-56.78,-29.44],[-56.78,-29.42],[-56.77,-29.39],[-56.76,-29.37],[-56.72,-29.37],[-56.7,-29.35],[-56.68,-29.31],[-56.65,-29.28],[-56.65,-29.25],[-56.65,-29.23],[-56.64,-29.2],[-56.63,-29.18],[-56.61,-29.16],[-56.59,-29.13],[-56.58,-29.11],[-56.55,-29.11],[-56.53,-29.1],[-56.51,-29.09],[-56.47,-29.08],[-56.43,-29.08],[-56.41,-29.06],[-56.4,-29.03],[-56.41,-29.0],[-56.41,-28.98],[-56.39,-28.96],[-56.37,-28.95],[-56.35,-28.94],[-56.33,-28.93],[-56.31,-28.91],[-56.3,-28.89],[-56.3,-28.87],[-56.3,-28.83],[-56.3,-28.81],[-56.28,-28.79],[-56.26,-28.78],[-56.24,-28.78],[-56.22,-28.77],[-56.2,-28.77],[-56.18,-28.76],[-56.16,-28.74],[-56.15,-28.71],[-56.12,-28.69],[-56.11,-28.67],[-56.08,-28.65],[-56.06,-28.64],[-56.05,-28.62],[-56.02,-28.62],[-56.0,-28.6],[-56.0,-28.57],[-56.02,-28.55],[-56.02,-28.53],[-56.02,-28.51],[-55.99,-28.5],[-55.96,-28.49],[-55.94,-28.49],[-55.92,-28.48],[-55.89,-28.48],[-55.88,-28.46],[-55.9,-28.42],[-55.9,-28.4],[-55.88,-28.37],[-55.86,-28.36],[-55.84,-28.36],[-55.82,-28.36],[-55.79,-28.37],[-55.76,-28.37],[-55.74,-28.37],[-55.72,-28.39],[-55.72,-28.42],[-55.7,-28.43],[-55.69,-28.41],[-55.67,-28.35],[-55.67,-28.33],[-55.69,-28.31],[-55.71,-28.3],[-55.73,-28.29],[-55.76,-28.28],[-55.78,-28.26],[-55.77,-28.24],[-55.75,-28.23],[-55.71,-28.23],[-55.69,-28.22],[-55.67,-28.2],[-55.65,-28.18],[-55.63,-28.17],[-55.62,-28.15],[-55.61,-28.12],[-55.59,-28.12],[-55.59,-28.14],[-55.57,-28.16],[-55.55,-28.15],[-55.54,-28.12],[-55.52,-28.12],[-55.5,-28.09],[-55.48,-28.08],[-55.47,-28.09],[-55.44,-28.1],[-55.43,-28.08],[-55.41,-28.06],[-55.39,-28.04],[-55.37,-28.03],[-55.37,-28.01],[-55.38,-27.99],[-55.36,-27.97],[-55.34,-27.97],[-55.33,-27.94],[-55.32,-27.92],[-55.29,-27.93],[-55.27,-27.93],[-55.25,-27.92],[-55.23,-27.89],[-55.21,-27.86],[-55.18,-27.86],[-55.16,-27.87],[-55.15,-27.89],[-55.12,-27.88],[-55.13,-27.86],[-55.11,-27.85],[-55.08,-27.84],[-55.05,-27.85],[-55.03,-27.85],[-55.03,-27.83],[-55.05,-27.81],[-55.08,-27.8],[-55.07,-27.77],[-55.05,-27.77],[-55.03,-27.78],[-55.01,-27.8],[-54.99,-27.78],[-54.98,-27.77],[-54.95,-27.78],[-54.93,-27.76],[-54.91,-27.74],[-54.9,-27.7],[-54.9,-27.65],[-54.9,-27.63],[-54.88,-27.62],[-54.86,-27.63],[-54.84,-27.61],[-54.83,-27.57],[-54.82,-27.54],[-54.8,-27.53],[-54.79,-27.55],[-54.78,-27.57],[-54.76,-27.58],[-54.75,-27.56],[-54.72,-27.56],[-54.7,-27.57],[-54.68,-27.57],[-54.67,-27.55],[-54.68,-27.53],[-54.67,-27.51],[-54.65,-27.51],[-54.64,-27.54],[-54.62,-27.54],[-54.61,-27.51],[-54.6,-27.49],[-54.59,-27.46],[-54.57,-27.46],[-54.55,-27.47],[-54.54,-27.49],[-54.52,-27.5],[-54.5,-27.48],[-54.48,-27.48],[-54.46,-27.48],[-54.44,-27.46],[-54.46,-27.45],[-54.47,-27.43],[-54.45,-27.42],[-54.41,-27.41],[-54.39,-27.42],[-54.38,-27.43],[-54.36,-27.45],[-54.35,-27.47],[-54.33,-27.45],[-54.34,-27.43],[-54.34,-27.4],[-54.32,-27.41],[-54.3,-27.43],[-54.29,-27.45],[-54.27,-27.44],[-54.27,-27.41],[-54.26,-27.4],[-54.23,-27.39],[-54.21,-27.38],[-54.21,-27.36],[-54.2,-27.33],[-54.19,-27.31],[-54.19,-27.28],[-54.17,-27.25],[-54.15,-27.27],[-54.16,-27.29],[-54.12,-27.3],[-54.1,-27.3],[-54.08,-27.3],[-54.06,-27.28],[-54.05,-27.26],[-54.03,-27.25],[-54.02,-27.23],[-54.02,-27.2],[-54.0,-27.19],[-53.97,-27.2],[-53.96,-27.18],[-53.96,-27.16],[-53.94,-27.15],[-53.91,-27.17],[-53.89,-27.16],[-53.89,-27.14],[-53.87,-27.13],[-53.85,-27.15],[-53.84,-27.17],[-53.82,-27.17],[-53.78,-27.15],[-53.76,-27.17],[-53.75,-27.19],[-53.72,-27.18],[-53.69,-27.16],[-53.67,-27.16],[-53.65,-27.18],[-53.65,-27.21],[-53.62,-27.19],[-53.6,-27.19],[-53.56,-27.17],[-53.53,-27.2],[-53.49,-27.2],[-53.5,-27.16],[-53.51,-27.14],[-53.48,-27.13],[-53.46,-27.15],[-53.41,-27.14],[-53.4,-27.12],[-53.38,-27.1],[-53.36,-27.1],[-53.35,-27.12],[-53.31,-27.12],[-53.29,-27.13],[-53.3,-27.16],[-53.32,-27.19],[-53.32,-27.22],[-53.29,-27.2],[-53.25,-27.18],[-53.23,-27.17],[-53.2,-27.19],[-53.18,-27.18],[-53.17,-27.15],[-53.15,-27.14],[-53.14,-27.17],[-53.11,-27.17],[-53.07,-27.16],[-53.07,-27.14],[-53.08,-27.12],[-53.06,-27.09],[-53.03,-27.08],[-53.02,-27.11],[-53.04,-27.13],[-53.04,-27.15],[-53.01,-27.14],[-52.99,-27.14],[-52.98,-27.16],[-53.0,-27.18],[-53.0,-27.21],[-52.98,-27.22],[-52.97,-27.18],[-52.95,-27.16],[-52.94,-27.19],[-52.9,-27.2],[-52.86,-27.17],[-52.84,-27.18],[-52.85,-27.2],[-52.82,-27.2],[-52.8,-27.2],[-52.77,-27.21],[-52.76,-27.24],[-52.74,-27.26],[-52.73,-27.24],[-52.71,-27.25],[-52.71,-27.27],[-52.68,-27.28],[-52.68,-27.26],[-52.67,-27.24],[-52.64,-27.26],[-52.61,-27.26],[-52.59,-27.25],[-52.56,-27.25],[-52.54,-27.26],[-52.5,-27.26],[-52.48,-27.24],[-52.45,-27.22],[-52.44,-27.25],[-52.42,-27.28],[-52.4,-27.29],[-52.4,-27.26],[-52.38,-27.28],[-52.37,-27.3],[-52.36,-27.3],[-52.33,-27.3],[-52.31,-27.32],[-52.3,-27.29],[-52.3,-27.26],[-52.28,-27.26],[-52.25,-27.26],[-52.23,-27.27],[-52.26,-27.28],[-52.28,-27.3],[-52.25,-27.3],[-52.22,-27.33],[-52.2,-27.31],[-52.18,-27.28],[-52.17,-27.27],[-52.17,-27.31],[-52.12,-27.3],[-52.11,-27.34],[-52.07,-27.34],[-52.05,-27.34],[-52.02,-27.33],[-52.02,-27.35],[-52.0,-27.38],[-51.96,-27.37],[-51.95,-27.39],[-51.99,-27.39],[-52.01,-27.4],[-51.97,-27.41],[-51.94,-27.42],[-51.94,-27.44],[-51.96,-27.46],[-51.94,-27.47],[-51.92,-27.46],[-51.9,-27.47],[-51.9,-27.5],[-51.89,-27.52],[-51.88,-27.49],[-51.86,-27.48],[-51.85,-27.52],[-51.82,-27.51],[-51.8,-27.52],[-51.8,-27.5],[-51.75,-27.49],[-51.72,-27.51],[-51.7,-27.48],[-51.67,-27.49],[-51.67,-27.51],[-51.65,-27.51],[-51.64,-27.49],[-51.62,-27.49],[-51.63,-27.54],[-51.61,-27.54],[-51.59,-27.52],[-51.59,-27.56],[-51.57,-27.58],[-51.55,-27.56],[-51.53,-27.56],[-51.51,-27.56],[-51.49,-27.56],[-51.48,-27.59],[-51.46,-27.61],[-51.44,-27.63],[-51.43,-27.65],[-51.41,-27.64],[-51.39,-27.62],[-51.37,-27.64],[-51.38,-27.66],[-51.35,-27.68],[-51.33,-27.67],[-51.31,-27.69],[-51.31,-27.72],[-51.29,-27.72],[-51.27,-27.75],[-51.25,-27.76],[-51.23,-27.78],[-51.21,-27.77],[-51.19,-27.78],[-51.16,-27.8],[-51.13,-27.81],[-51.13,-27.83],[-51.1,-27.83],[-51.08,-27.83],[-51.08,-27.86],[-51.05,-27.87],[-51.06,-27.9],[-51.02,-27.93],[-51.02,-27.95],[-51.0,-27.95],[-50.97,-27.96],[-50.94,-27.97],[-50.92,-27.98],[-50.92,-28.0],[-50.89,-28.02],[-50.88,-28.04],[-50.88,-28.07],[-50.9,-28.08],[-50.88,-28.09],[-50.87,-28.11],[-50.87,-28.13],[-50.85,-28.13],[-50.83,-28.12],[-50.82,-28.14],[-50.79,-28.14],[-50.79,-28.17],[-50.79,-28.19],[-50.77,-28.19],[-50.76,-28.21],[-50.75,-28.25],[-50.71,-28.27],[-50.7,-28.28],[-50.67,-28.3],[-50.66,-28.32],[-50.65,-28.34],[-50.63,-28.36],[-50.62,-28.39],[-50.6,-28.38],[-50.58,-28.39],[-50.56,-28.41],[-50.54,-28.43],[-50.53,-28.41],[-50.5,-28.41],[-50.47,-28.41],[-50.45,-28.42],[-50.42,-28.43],[-50.4,-28.43],[-50.38,-28.45],[-50.37,-28.42],[-50.35,-28.43],[-50.35,-28.46],[-50.33,-28.43],[-50.3,-28.44],[-50.27,-28.46],[-50.25,-28.45],[-50.25,-28.43],[-50.23,-28.46],[-50.2,-28.44],[-50.18,-28.45],[-50.16,-28.47],[-50.16,-28.49],[-50.14,-28.49],[-50.15,-28.47],[-50.15,-28.45],[-50.13,-28.43],[-50.11,-28.44],[-50.13,-28.46],[-50.11,-28.47],[-50.09,-28.47],[-50.06,-28.48],[-50.04,-28.48],[-50.02,-28.46],[-50.0,-28.46],[-49.98,-28.44],[-49.96,-28.45],[-49.94,-28.48],[-49.93,-28.47],[-49.91,-28.46],[-49.89,-28.46],[-49.87,-28.44],[-49.86,-28.46],[-49.87,-28.49],[-49.84,-28.48],[-49.81,-28.48],[-49.79,-28.49],[-49.78,-28.48],[-49.76,-28.46],[-49.76,-28.48],[-49.74,-28.49],[-49.74,-28.51],[-49.75,-28.53],[-49.73,-28.55],[-49.72,-28.58],[-49.71,-28.6],[-49.69,-28.62],[-49.71,-28.63],[-49.73,-28.62],[-49.75,-28.63],[-49.78,-28.63],[-49.8,-28.63],[-49.81,-28.65],[-49.83,-28.67],[-49.83,-28.69],[-49.84,-28.71],[-49.86,-28.7],[-49.87,-28.72],[-49.88,-28.74],[-49.88,-28.72],[-49.9,-28.72],[-49.93,-28.72],[-49.93,-28.74],[-49.94,-28.76],[-49.96,-28.77],[-49.95,-28.8],[-49.96,-28.82],[-49.96,-28.85],[-49.97,-28.87],[-49.94,-28.87],[-49.95,-28.89],[-49.96,-28.91],[-49.94,-28.92],[-49.96,-28.94],[-49.96,-28.96],[-49.93,-28.97],[-49.94,-29.0],[-49.96,-29.02],[-49.94,-29.02],[-49.95,-29.03],[-50.01,-29.07],[-49.98,-29.07],[-49.96,-29.06],[-49.95,-29.09],[-49.97,-29.1],[-49.98,-29.12],[-50.0,-29.13],[-50.01,-29.15],[-50.03,-29.17],[-50.04,-29.18],[-50.07,-29.19],[-50.09,-29.18],[-50.08,-29.16],[-50.1,-29.16],[-50.09,-29.18],[-50.09,-29.22],[-50.11,-29.24],[-50.09,-29.21],[-50.11,-29.21],[-50.14,-29.2],[-50.15,-29.22],[-50.15,-29.24],[-50.14,-29.28],[-50.13,-29.3],[-50.12,-29.28],[-50.11,-29.3],[-50.08,-29.32],[-50.06,-29.33],[-50.04,-29.35],[-50.06,-29.31],[-50.09,-29.3],[-50.11,-29.28],[-50.11,-29.26],[-50.09,-29.25],[-50.07,-29.25],[-50.04,-29.24],[-50.01,-29.22],[-49.97,-29.21],[-49.95,-29.2],[-49.91,-29.21],[-49.88,-29.22],[-49.86,-29.23],[-49.85,-29.26],[-49.84,-29.28],[-49.82,-29.29],[-49.8,-29.29],[-49.77,-29.3],[-49.75,-29.3],[-49.74,-29.31],[-49.71,-29.33],[-49.73,-29.35],[-49.75,-29.38],[-49.78,-29.41],[-49.8,-29.44],[-49.85,-29.5],[-49.87,-29.54],[-49.91,-29.58],[-49.92,-29.6],[-49.93,-29.62],[-49.96,-29.67],[-49.99,-29.72],[-50.01,-29.76],[-50.04,-29.81],[-50.05,-29.83],[-50.06,-29.85],[-50.08,-29.88],[-50.1,-29.93],[-50.11,-29.95],[-50.12,-29.98],[-50.14,-30.02],[-50.17,-30.1],[-50.18,-30.13],[-50.19,-30.16],[-50.22,-30.24],[-50.24,-30.26],[-50.25,-30.3],[-50.26,-30.33],[-50.28,-30.37],[-50.31,-30.45],[-50.33,-30.49],[-50.34,-30.52],[-50.36,-30.54],[-50.37,-30.56],[-50.38,-30.57],[-50.4,-30.6],[-50.47,-30.69],[-50.49,-30.71],[-50.54,-30.8],[-50.56,-30.82],[-50.59,-30.86],[-50.64,-30.92],[-50.67,-30.96],[-50.69,-30.99],[-50.7,-31.01],[-50.77,-31.11],[-50.85,-31.2],[-50.87,-31.22],[-50.89,-31.24],[-50.94,-31.28],[-50.97,-31.3],[-50.98,-31.32],[-51.02,-31.35],[-51.04,-31.36],[-51.06,-31.38],[-51.12,-31.43],[-51.17,-31.47],[-51.19,-31.5],[-51.22,-31.54],[-51.25,-31.57],[-51.46,-31.72],[-51.48,-31.73],[-51.51,-31.75],[-51.53,-31.76],[-51.55,-31.77],[-51.57,-31.78],[-51.61,-31.8],[-51.66,-31.83],[-51.72,-31.85],[-51.82,-31.91],[-51.88,-31.96],[-51.98,-32.04],[-52.01,-32.07],[-52.03,-32.1],[-52.06,-32.13],[-52.07,-32.14],[-52.08,-32.12],[-52.06,-32.1],[-52.05,-32.08],[-52.04,-32.05],[-52.04,-32.03],[-52.04,-32.01],[-52.05,-31.99],[-52.03,-31.97],[-52.01,-31.96],[-52.02,-31.93],[-52.04,-31.91],[-52.05,-31.89],[-52.09,-31.86],[-52.09,-31.84],[-52.08,-31.83],[-52.06,-31.82],[-52.0,-31.82],[-51.93,-31.86],[-51.91,-31.87],[-51.87,-31.87],[-51.85,-31.86],[-51.81,-31.84],[-51.81,-31.82],[-51.79,-31.81],[-51.81,-31.81],[-51.84,-31.81],[-51.86,-31.8],[-51.84,-31.8],[-51.8,-31.79],[-51.74,-31.79],[-51.69,-31.78],[-51.66,-31.77],[-51.64,-31.75],[-51.61,-31.72],[-51.59,-31.71],[-51.57,-31.68],[-51.55,-31.66],[-51.54,-31.64],[-51.53,-31.62],[-51.51,-31.59],[-51.49,-31.57],[-51.47,-31.58],[-51.45,-31.61],[-51.44,-31.62],[-51.45,-31.59],[-51.46,-31.56],[-51.45,-31.54],[-51.45,-31.5],[-51.43,-31.48],[-51.42,-31.47],[-51.42,-31.5],[-51.38,-31.53],[-51.35,-31.52],[-51.32,-31.51],[-51.3,-31.5],[-51.27,-31.48],[-51.26,-31.47],[-51.24,-31.46],[-51.21,-31.43],[-51.2,-31.41],[-51.19,-31.38],[-51.18,-31.36],[-51.16,-31.3],[-51.16,-31.27],[-51.16,-31.21],[-51.17,-31.16],[-51.18,-31.14],[-51.18,-31.08],[-51.16,-31.08],[-51.14,-31.09],[-51.12,-31.1],[-51.09,-31.09],[-51.07,-31.08],[-51.05,-31.06],[-51.01,-31.05],[-50.98,-31.04],[-50.97,-31.02],[-50.95,-31.0],[-50.95,-30.98],[-50.95,-30.96],[-50.96,-30.92],[-50.97,-30.9],[-50.94,-30.9],[-50.92,-30.9],[-50.9,-30.9],[-50.85,-30.86],[-50.82,-30.85],[-50.81,-30.84],[-50.78,-30.83],[-50.76,-30.82],[-50.74,-30.81],[-50.72,-30.78],[-50.71,-30.76],[-50.7,-30.75],[-50.69,-30.71],[-50.69,-30.68],[-50.68,-30.61],[-50.68,-30.55],[-50.68,-30.53],[-50.69,-30.5],[-50.69,-30.47],[-50.7,-30.44],[-50.71,-30.41],[-50.72,-30.39],[-50.73,-30.37],[-50.72,-30.35],[-50.69,-30.36],[-50.65,-30.39],[-50.62,-30.39],[-50.63,-30.37],[-50.63,-30.35],[-50.61,-30.38],[-50.59,-30.39],[-50.61,-30.4],[-50.63,-30.41],[-50.66,-30.43],[-50.65,-30.45],[-50.61,-30.48],[-50.59,-30.49],[-50.57,-30.47],[-50.57,-30.45],[-50.56,-30.42],[-50.56,-30.4],[-50.55,-30.37],[-50.55,-30.34],[-50.54,-30.3],[-50.54,-30.28],[-50.54,-30.25],[-50.56,-30.25],[-50.58,-30.23],[-50.59,-30.21],[-50.61,-30.2],[-50.64,-30.19],[-50.66,-30.21],[-50.66,-30.23],[-50.67,-30.25],[-50.66,-30.28],[-50.67,-30.3],[-50.71,-30.3],[-50.73,-30.3],[-50.75,-30.3],[-50.77,-30.3],[-50.79,-30.3],[-50.79,-30.33],[-50.82,-30.33],[-50.84,-30.32],[-50.86,-30.32],[-50.9,-30.32],[-50.92,-30.33],[-50.94,-30.37],[-50.94,-30.39],[-50.93,-30.43],[-50.95,-30.42],[-50.97,-30.41],[-51.01,-30.39],[-51.04,-30.39],[-51.06,-30.38],[-51.04,-30.37],[-51.07,-30.36],[-51.05,-30.34],[-51.03,-30.33],[-51.02,-30.3],[-51.03,-30.28],[-51.05,-30.27],[-51.07,-30.27],[-51.07,-30.25],[-51.09,-30.24],[-51.1,-30.25],[-51.12,-30.25],[-51.13,-30.27],[-51.16,-30.26],[-51.16,-30.24],[-51.18,-30.24],[-51.18,-30.21],[-51.2,-30.19],[-51.22,-30.19],[-51.25,-30.19],[-51.23,-30.18],[-51.23,-30.14],[-51.24,-30.13],[-51.26,-30.12],[-51.26,-30.1],[-51.25,-30.08],[-51.23,-30.06],[-51.24,-30.03],[-51.26,-30.05],[-51.26,-30.03],[-51.28,-30.01],[-51.3,-30.0],[-51.3,-30.03],[-51.29,-30.05],[-51.31,-30.06],[-51.31,-30.08],[-51.31,-30.1],[-51.31,-30.13],[-51.32,-30.15],[-51.32,-30.17],[-51.32,-30.2],[-51.33,-30.22],[-51.31,-30.24],[-51.29,-30.23],[-51.27,-30.25],[-51.3,-30.26],[-51.3,-30.28],[-51.29,-30.3],[-51.27,-30.31],[-51.25,-30.31],[-51.23,-30.31],[-51.21,-30.34],[-51.2,-30.36],[-51.19,-30.38],[-51.16,-30.38],[-51.13,-30.36],[-51.1,-30.36],[-51.09,-30.38],[-51.12,-30.39],[-51.13,-30.42],[-51.13,-30.43],[-51.14,-30.47],[-51.14,-30.44],[-51.15,-30.42],[-51.18,-30.41],[-51.21,-30.41],[-51.23,-30.42],[-51.24,-30.44],[-51.26,-30.47],[-51.27,-30.49],[-51.29,-30.53],[-51.3,-30.56],[-51.3,-30.59],[-51.3,-30.62],[-51.29,-30.7],[-51.29,-30.72],[-51.3,-30.75],[-51.3,-30.73],[-51.32,-30.7],[-51.32,-30.68],[-51.32,-30.65],[-51.33,-30.64],[-51.36,-30.63],[-51.39,-30.65],[-51.39,-30.68],[-51.41,-30.76],[-51.4,-30.78],[-51.39,-30.84],[-51.38,-30.86],[-51.39,-30.88],[-51.43,-30.87],[-51.46,-30.88],[-51.5,-30.91],[-51.5,-30.95],[-51.5,-30.97],[-51.49,-30.99],[-51.49,-31.02],[-51.48,-31.04],[-51.46,-31.06],[-51.45,-31.08],[-51.47,-31.1],[-51.49,-31.1],[-51.52,-31.11],[-51.55,-31.11],[-51.57,-31.13],[-51.59,-31.13],[-51.61,-31.14],[-51.63,-31.15],[-51.64,-31.18],[-51.64,-31.23],[-51.63,-31.26],[-51.65,-31.27],[-51.67,-31.27],[-51.69,-31.27],[-51.72,-31.27],[-51.74,-31.28],[-51.76,-31.29],[-51.79,-31.27],[-51.81,-31.29],[-51.83,-31.31],[-51.85,-31.33],[-51.87,-31.31],[-51.88,-31.32],[-51.9,-31.31],[-51.92,-31.31],[-51.93,-31.33],[-51.95,-31.34],[-51.96,-31.36],[-51.98,-31.39],[-51.99,-31.41],[-52.0,-31.44],[-52.0,-31.47],[-52.01,-31.5],[-52.01,-31.52],[-52.02,-31.55],[-52.01,-31.58],[-52.01,-31.61],[-52.02,-31.64],[-52.03,-31.69],[-52.05,-31.68],[-52.04,-31.66],[-52.04,-31.64],[-52.05,-31.61],[-52.04,-31.57],[-52.04,-31.57]]],[[[-51.3,-30.75],[-51.28,-30.8],[-51.29,-30.82],[-51.29,-30.8],[-51.31,-30.79],[-51.29,-30.77],[-51.3,-30.75]]],[[[-50.1,-29.24],[-50.08,-29.22],[-50.09,-29.24],[-50.1,-29.24]]],[[[-51.15,-30.47],[-51.15,-30.5],[-51.15,-30.47]]],[[[-49.96,-29.07],[-49.96,-29.07]]],[[[-51.29,-30.05],[-51.27,-30.06],[-51.29,-30.06],[-51.29,-30.05]]],[[[-52.1,-31.8],[-52.1,-31.8]]],[[[-53.42,-33.13],[-53.41,-33.11],[-53.42,-33.13]]],[[[-49.97,-29.12],[-49.97,-29.12]]],[[[-51.46,-31.55],[-51.46,-31.55]]],[[[-51.17,-30.26],[-51.16,-30.26],[-51.16,-30.27],[-51.17,-30.26]]],[[[-51.1,-30.26],[-51.1,-30.25],[-51.1,-30.26],[-51.1,-30.26]]],[[[-52.04,-31.57],[-52.04,-31.57],[-52.05,-31.57],[-52.04,-31.57]]],[[[-51.19,-30.23],[-51.19,-30.23],[-51.19,-30.24],[-51.19,-30.23]]]]},"properties":{"sigla":"RS","name":"Rio Grande do Sul"}},{"type":"Feature","geometry":{"type":"MultiPolygon","coordinates":[[[[-53.72,-26.56],[-53.74,-26.54],[-53.72,-26.54],[-53.73,-26.52],[-53.71,-26.5],[-53.69,-26.49],[-53.7,-26.47],[-53.7,-26.44],[-53.69,-26.43],[-53.7,-26.41],[-53.71,-26.39],[-53.7,-26.36],[-53.68,-26.34],[-53.67,-26.32],[-53.66,-26.3],[-53.64,-26.29],[-53.64,-26.27],[-53.62,-26.26],[-53.6,-26.26],[-53.58,-26.27],[-53.55,-26.29],[-53.52,-26.29],[-53.5,-26.3],[-53.47,-26.29],[-53.44,-26.28],[-53.42,-26.27],[-53.39,-26.25],[-53.37,-26.25],[-53.35,-26.25],[-53.32,-26.25],[-53.29,-26.25],[-53.26,-26.28],[-53.25,-26.3],[-53.23,-26.31],[-53.2,-26.33],[-53.18,-26.34],[-53.16,-26.35],[-53.14,-26.36],[-53.12,-26.37],[-53.1,-26.38],[-53.07,-26.39],[-53.05,-26.38],[-53.03,-26.37],[-53.01,-26.36],[-52.99,-26.35],[-52.95,-26.36],[-52.93,-26.36],[-52.88,-26.36],[-52.85,-26.34],[-52.81,-26.34],[-52.79,-26.35],[-52.77,-26.35],[-52.74,-26.34],[-52.72,-26.35],[-52.7,-26.36],[-52.68,-26.35],[-52.66,-26.37],[-52.64,-26.38],[-52.61,-26.41],[-52.59,-26.41],[-52.57,-26.41],[-52.54,-26.4],[-52.52,-26.4],[-52.5,-26.42],[-52.47,-26.43],[-52.45,-26.44],[-52.42,-26.44],[-52.4,-26.43],[-52.38,-26.44],[-52.35,-26.44],[-52.32,-26.44],[-52.28,-26.46],[-52.26,-26.45],[-52.24,-26.46],[-52.22,-26.47],[-52.19,-26.45],[-52.16,-26.47],[-52.13,-26.47],[-52.11,-26.48],[-52.1,-26.49],[-52.08,-26.52],[-52.06,-26.53],[-52.03,-26.54],[-52.01,-26.56],[-51.99,-26.57],[-51.96,-26.57],[-51.93,-26.58],[-51.9,-26.58],[-51.88,-26.6],[-51.85,-26.59],[-51.83,-26.59],[-51.8,-26.59],[-51.78,-26.59],[-51.76,-26.58],[-51.73,-26.57],[-51.69,-26.58],[-51.66,-26.57],[-51.65,-26.58],[-51.62,-26.59],[-51.6,-26.59],[-51.57,-26.59],[-51.53,-26.59],[-51.51,-26.58],[-51.49,-26.61],[-51.47,-26.62],[-51.45,-26.64],[-51.45,-26.66],[-51.43,-26.69],[-51.41,-26.7],[-51.39,-26.69],[-51.39,-26.66],[-51.36,-26.66],[-51.33,-26.65],[-51.31,-26.65],[-51.28,-26.65],[-51.27,-26.64],[-51.25,-26.63],[-51.23,-26.61],[-51.22,-26.59],[-51.22,-26.57],[-51.24,-26.55],[-51.25,-26.53],[-51.27,-26.51],[-51.27,-26.49],[-51.25,-26.47],[-51.27,-26.46],[-51.28,-26.44],[-51.3,-26.42],[-51.29,-26.4],[-51.27,-26.38],[-51.25,-26.38],[-51.25,-26.35],[-51.24,-26.33],[-51.22,-26.32],[-51.21,-26.3],[-51.18,-26.3],[-51.16,-26.29],[-51.14,-26.29],[-51.11,-26.27],[-51.09,-26.26],[-51.08,-26.23],[-51.06,-26.24],[-51.0,-26.23],[-50.97,-26.25],[-50.95,-26.27],[-50.93,-26.27],[-50.94,-26.25],[-50.91,-26.25],[-50.91,-26.28],[-50.88,-26.28],[-50.87,-26.24],[-50.85,-26.27],[-50.83,-26.25],[-50.79,-26.23],[-50.76,-26.22],[-50.74,-26.25],[-50.72,-26.24],[-50.73,-26.2],[-50.71,-26.19],[-50.68,-26.15],[-50.66,-26.14],[-50.66,-26.1],[-50.64,-26.08],[-50.63,-26.06],[-50.6,-26.07],[-50.56,-26.06],[-50.57,-26.04],[-50.59,-26.04],[-50.59,-26.02],[-50.57,-26.0],[-50.55,-26.02],[-50.52,-26.03],[-50.5,-26.02],[-50.48,-26.03],[-50.46,-26.03],[-50.44,-26.05],[-50.42,-26.06],[-50.37,-26.08],[-50.37,-26.11],[-50.34,-26.13],[-50.33,-26.11],[-50.33,-26.08],[-50.32,-26.07],[-50.3,-26.05],[-50.28,-26.05],[-50.25,-26.05],[-50.25,-26.03],[-50.23,-26.05],[-50.21,-26.06],[-50.19,-26.07],[-50.17,-26.06],[-50.16,-26.04],[-50.18,-26.03],[-50.15,-26.02],[-50.15,-26.05],[-50.13,-26.05],[-50.11,-26.05],[-50.09,-26.04],[-50.08,-26.02],[-50.08,-26.05],[-50.06,-26.04],[-50.04,-26.03],[-50.01,-26.04],[-50.01,-26.03],[-49.99,-26.01],[-49.97,-26.02],[-49.97,-26.04],[-49.95,-26.03],[-49.94,-26.01],[-49.93,-26.03],[-49.91,-26.02],[-49.9,-26.03],[-49.87,-26.03],[-49.86,-26.05],[-49.84,-26.06],[-49.83,-26.08],[-49.81,-26.09],[-49.8,-26.11],[-49.78,-26.12],[-49.75,-26.12],[-49.74,-26.14],[-49.73,-26.17],[-49.71,-26.15],[-49.69,-26.18],[-49.67,-26.19],[-49.65,-26.19],[-49.65,-26.21],[-49.64,-26.19],[-49.63,-26.21],[-49.61,-26.21],[-49.59,-26.23],[-49.58,-26.21],[-49.57,-26.23],[-49.55,-26.22],[-49.52,-26.22],[-49.5,-26.23],[-49.49,-26.21],[-49.49,-26.18],[-49.46,-26.17],[-49.44,-26.16],[-49.42,-26.16],[-49.4,-26.15],[-49.37,-26.15],[-49.36,-26.14],[-49.33,-26.12],[-49.32,-26.11],[-49.29,-26.1],[-49.29,-26.08],[-49.27,-26.08],[-49.25,-26.06],[-49.24,-26.04],[-49.22,-26.03],[-49.21,-26.02],[-49.18,-26.01],[-49.16,-26.01],[-49.14,-26.02],[-49.13,-26.0],[-49.1,-26.0],[-49.08,-26.0],[-49.05,-26.02],[-49.04,-26.0],[-49.02,-26.01],[-49.0,-26.01],[-48.98,-26.0],[-48.96,-25.98],[-48.88,-25.98],[-48.71,-25.98],[-48.68,-25.98],[-48.66,-25.97],[-48.64,-25.96],[-48.63,-25.98],[-48.61,-25.98],[-48.6,-26.0],[-48.6,-26.03],[-48.61,-26.06],[-48.6,-26.12],[-48.59,-26.15],[-48.57,-26.17],[-48.54,-26.17],[-48.52,-26.17],[-48.53,-26.2],[-48.52,-26.22],[-48.5,-26.22],[-48.51,-26.24],[-48.52,-26.27],[-48.54,-26.3],[-48.55,-26.32],[-48.56,-26.36],[-48.58,-26.39],[-48.59,-26.41],[-48.6,-26.43],[-48.6,-26.45],[-48.61,-26.47],[-48.62,-26.49],[-48.63,-26.51],[-48.65,-26.54],[-48.66,-26.57],[-48.67,-26.59],[-48.68,-26.61],[-48.68,-26.63],[-48.69,-26.67],[-48.68,-26.69],[-48.68,-26.72],[-48.68,-26.74],[-48.67,-26.76],[-48.65,-26.77],[-48.63,-26.78],[-48.61,-26.79],[-48.58,-26.78],[-48.59,-26.8],[-48.6,-26.82],[-48.63,-26.84],[-48.64,-26.86],[-48.64,-26.89],[-48.64,-26.91],[-48.62,-26.93],[-48.63,-26.95],[-48.63,-26.97],[-48.62,-27.0],[-48.6,-27.0],[-48.58,-26.99],[-48.57,-27.01],[-48.58,-27.04],[-48.59,-27.06],[-48.59,-27.09],[-48.61,-27.1],[-48.6,-27.12],[-48.58,-27.15],[-48.57,-27.16],[-48.54,-27.15],[-48.53,-27.13],[-48.51,-27.12],[-48.5,-27.15],[-48.48,-27.15],[-48.49,-27.16],[-48.5,-27.18],[-48.49,-27.2],[-48.51,-27.22],[-48.51,-27.18],[-48.54,-27.19],[-48.56,-27.2],[-48.58,-27.21],[-48.6,-27.22],[-48.61,-27.25],[-48.62,-27.27],[-48.61,-27.29],[-48.6,-27.32],[-48.57,-27.31],[-48.55,-27.31],[-48.54,-27.32],[-48.53,-27.34],[-48.53,-27.37],[-48.56,-27.37],[-48.56,-27.39],[-48.56,-27.41],[-48.57,-27.43],[-48.59,-27.43],[-48.63,-27.43],[-48.64,-27.46],[-48.64,-27.48],[-48.63,-27.51],[-48.63,-27.53],[-48.62,-27.54],[-48.61,-27.56],[-48.59,-27.57],[-48.57,-27.6],[-48.58,-27.61],[-48.6,-27.6],[-48.63,-27.61],[-48.63,-27.63],[-48.64,-27.65],[-48.61,-27.66],[-48.6,-27.71],[-48.6,-27.73],[-48.59,-27.75],[-48.6,-27.78],[-48.59,-27.81],[-48.58,-27.84],[-48.6,-27.85],[-48.6,-27.88],[-48.58,-27.88],[-48.58,-27.91],[-48.61,-27.93],[-48.62,-27.94],[-48.62,-27.97],[-48.63,-27.99],[-48.62,-28.02],[-48.6,-28.03],[-48.61,-28.05],[-48.62,-28.07],[-48.63,-28.08],[-48.64,-28.1],[-48.64,-28.13],[-48.65,-28.15],[-48.66,-28.18],[-48.66,-28.2],[-48.67,-28.22],[-48.65,-28.23],[-48.68,-28.26],[-48.69,-28.28],[-48.7,-28.3],[-48.71,-28.33],[-48.73,-28.36],[-48.74,-28.39],[-48.75,-28.41],[-48.75,-28.43],[-48.77,-28.46],[-48.76,-28.49],[-48.74,-28.5],[-48.76,-28.52],[-48.77,-28.54],[-48.79,-28.56],[-48.81,-28.58],[-48.81,-28.61],[-48.83,-28.61],[-48.85,-28.61],[-48.91,-28.64],[-49.0,-28.68],[-49.08,-28.73],[-49.11,-28.75],[-49.15,-28.78],[-49.18,-28.8],[-49.22,-28.82],[-49.29,-28.88],[-49.31,-28.9],[-49.33,-28.92],[-49.35,-28.93],[-49.38,-28.96],[-49.42,-29.0],[-49.44,-29.02],[-49.48,-29.06],[-49.5,-29.08],[-49.52,-29.1],[-49.54,-29.12],[-49.57,-29.16],[-49.64,-29.24],[-49.71,-29.32],[-49.73,-29.33],[-49.74,-29.31],[-49.76,-29.3],[-49.79,-29.29],[-49.82,-29.29],[-49.84,-29.28],[-49.85,-29.26],[-49.86,-29.23],[-49.88,-29.22],[-49.9,-29.21],[-49.93,-29.21],[-49.96,-29.2],[-50.0,-29.23],[-50.03,-29.23],[-50.06,-29.24],[-50.09,-29.25],[-50.11,-29.26],[-50.11,-29.28],[-50.09,-29.3],[-50.07,-29.31],[-50.04,-29.34],[-50.06,-29.34],[-50.07,-29.32],[-50.1,-29.31],[-50.12,-29.3],[-50.14,-29.29],[-50.15,-29.26],[-50.17,-29.25],[-50.14,-29.24],[-50.13,-29.22],[-50.15,-29.2],[-50.12,-29.2],[-50.1,-29.21],[-50.11,-29.24],[-50.09,-29.22],[-50.09,-29.2],[-50.09,-29.18],[-50.08,-29.16],[-50.08,-29.18],[-50.06,-29.18],[-50.03,-29.18],[-50.02,-29.15],[-50.01,-29.13],[-49.98,-29.13],[-49.97,-29.12],[-49.97,-29.09],[-49.95,-29.08],[-49.94,-29.06],[-49.96,-29.07],[-49.99,-29.07],[-50.01,-29.07],[-49.96,-29.05],[-49.95,-29.03],[-49.96,-29.02],[-49.95,-29.0],[-49.94,-28.98],[-49.96,-28.96],[-49.96,-28.94],[-49.94,-28.92],[-49.97,-28.92],[-49.95,-28.9],[-49.94,-28.88],[-49.97,-28.87],[-49.95,-28.86],[-49.96,-28.83],[-49.96,-28.8],[-49.96,-28.78],[-49.95,-28.76],[-49.92,-28.75],[-49.93,-28.73],[-49.91,-28.72],[-49.89,-28.72],[-49.89,-28.75],[-49.87,-28.72],[-49.86,-28.7],[-49.84,-28.71],[-49.83,-28.69],[-49.84,-28.67],[-49.81,-28.66],[-49.81,-28.64],[-49.79,-28.62],[-49.77,-28.63],[-49.74,-28.63],[-49.72,-28.62],[-49.69,-28.62],[-49.71,-28.6],[-49.71,-28.58],[-49.72,-28.57],[-49.74,-28.55],[-49.74,-28.53],[-49.74,-28.51],[-49.76,-28.5],[-49.76,-28.46],[-49.78,-28.47],[-49.78,-28.49],[-49.8,-28.48],[-49.82,-28.47],[-49.84,-28.5],[-49.87,-28.49],[-49.86,-28.46],[-49.87,-28.44],[-49.9,-28.44],[-49.9,-28.46],[-49.93,-28.45],[-49.94,-28.48],[-49.95,-28.45],[-49.97,-28.44],[-49.99,-28.46],[-50.01,-28.45],[-50.03,-28.47],[-50.06,-28.48],[-50.09,-28.47],[-50.11,-28.47],[-50.13,-28.46],[-50.11,-28.44],[-50.13,-28.43],[-50.15,-28.45],[-50.15,-28.47],[-50.14,-28.49],[-50.16,-28.49],[-50.16,-28.47],[-50.18,-28.45],[-50.2,-28.44],[-50.22,-28.46],[-50.25,-28.43],[-50.26,-28.44],[-50.29,-28.45],[-50.33,-28.43],[-50.34,-28.46],[-50.35,-28.44],[-50.37,-28.42],[-50.38,-28.45],[-50.4,-28.43],[-50.42,-28.43],[-50.45,-28.42],[-50.47,-28.41],[-50.5,-28.41],[-50.52,-28.4],[-50.53,-28.43],[-50.55,-28.42],[-50.58,-28.39],[-50.6,-28.38],[-50.62,-28.39],[-50.63,-28.36],[-50.65,-28.35],[-50.66,-28.32],[-50.67,-28.3],[-50.69,-28.29],[-50.7,-28.27],[-50.75,-28.25],[-50.76,-28.22],[-50.77,-28.19],[-50.79,-28.2],[-50.78,-28.18],[-50.79,-28.15],[-50.82,-28.14],[-50.83,-28.12],[-50.85,-28.13],[-50.87,-28.13],[-50.87,-28.11],[-50.88,-28.09],[-50.9,-28.09],[-50.88,-28.07],[-50.88,-28.04],[-50.89,-28.02],[-50.92,-28.01],[-50.93,-27.99],[-50.93,-27.97],[-50.97,-27.96],[-50.99,-27.94],[-51.0,-27.96],[-51.02,-27.93],[-51.06,-27.9],[-51.05,-27.88],[-51.07,-27.87],[-51.08,-27.84],[-51.1,-27.83],[-51.12,-27.83],[-51.13,-27.81],[-51.16,-27.8],[-51.19,-27.78],[-51.21,-27.77],[-51.23,-27.78],[-51.25,-27.76],[-51.27,-27.75],[-51.28,-27.72],[-51.31,-27.72],[-51.31,-27.69],[-51.32,-27.67],[-51.34,-27.67],[-51.37,-27.67],[-51.37,-27.65],[-51.39,-27.62],[-51.41,-27.64],[-51.42,-27.65],[-51.44,-27.64],[-51.46,-27.61],[-51.48,-27.59],[-51.48,-27.57],[-51.51,-27.56],[-51.53,-27.56],[-51.55,-27.56],[-51.56,-27.58],[-51.59,-27.56],[-51.58,-27.54],[-51.6,-27.54],[-51.62,-27.55],[-51.62,-27.51],[-51.64,-27.49],[-51.65,-27.51],[-51.67,-27.51],[-51.67,-27.49],[-51.69,-27.48],[-51.72,-27.51],[-51.75,-27.49],[-51.8,-27.49],[-51.79,-27.51],[-51.82,-27.51],[-51.85,-27.53],[-51.84,-27.49],[-51.88,-27.48],[-51.87,-27.51],[-51.9,-27.5],[-51.9,-27.47],[-51.92,-27.46],[-51.94,-27.47],[-51.95,-27.47],[-51.94,-27.45],[-51.94,-27.42],[-51.97,-27.41],[-52.0,-27.4],[-51.99,-27.39],[-51.96,-27.39],[-51.99,-27.38],[-52.02,-27.36],[-52.01,-27.34],[-52.04,-27.34],[-52.07,-27.34],[-52.1,-27.35],[-52.11,-27.31],[-52.15,-27.31],[-52.16,-27.28],[-52.18,-27.28],[-52.2,-27.31],[-52.21,-27.33],[-52.24,-27.31],[-52.27,-27.3],[-52.26,-27.28],[-52.23,-27.27],[-52.25,-27.26],[-52.28,-27.26],[-52.3,-27.26],[-52.3,-27.29],[-52.29,-27.31],[-52.33,-27.3],[-52.35,-27.29],[-52.36,-27.3],[-52.38,-27.28],[-52.38,-27.26],[-52.39,-27.28],[-52.42,-27.28],[-52.43,-27.27],[-52.43,-27.23],[-52.48,-27.23],[-52.48,-27.26],[-52.53,-27.26],[-52.54,-27.24],[-52.57,-27.25],[-52.6,-27.25],[-52.63,-27.26],[-52.65,-27.25],[-52.68,-27.25],[-52.68,-27.27],[-52.69,-27.28],[-52.71,-27.26],[-52.71,-27.24],[-52.74,-27.25],[-52.75,-27.26],[-52.76,-27.22],[-52.79,-27.2],[-52.81,-27.2],[-52.83,-27.21],[-52.85,-27.19],[-52.85,-27.17],[-52.89,-27.19],[-52.93,-27.2],[-52.94,-27.17],[-52.96,-27.16],[-52.97,-27.22],[-53.0,-27.21],[-53.0,-27.18],[-52.98,-27.16],[-52.99,-27.14],[-53.01,-27.14],[-53.03,-27.16],[-53.04,-27.13],[-53.03,-27.11],[-53.02,-27.08],[-53.05,-27.08],[-53.07,-27.1],[-53.07,-27.14],[-53.07,-27.16],[-53.11,-27.17],[-53.13,-27.18],[-53.15,-27.16],[-53.16,-27.14],[-53.18,-27.17],[-53.19,-27.19],[-53.22,-27.18],[-53.24,-27.17],[-53.29,-27.2],[-53.31,-27.22],[-53.32,-27.19],[-53.3,-27.16],[-53.29,-27.14],[-53.31,-27.12],[-53.34,-27.12],[-53.36,-27.1],[-53.38,-27.1],[-53.4,-27.12],[-53.41,-27.14],[-53.46,-27.16],[-53.48,-27.13],[-53.51,-27.14],[-53.5,-27.16],[-53.49,-27.18],[-53.51,-27.2],[-53.55,-27.18],[-53.59,-27.19],[-53.61,-27.19],[-53.63,-27.22],[-53.65,-27.19],[-53.67,-27.16],[-53.69,-27.16],[-53.71,-27.17],[-53.73,-27.19],[-53.76,-27.17],[-53.77,-27.15],[-53.8,-27.17],[-53.82,-27.17],[-53.83,-27.16],[-53.81,-27.14],[-53.82,-27.13],[-53.8,-27.12],[-53.82,-27.1],[-53.8,-27.11],[-53.78,-27.1],[-53.79,-27.09],[-53.8,-27.07],[-53.78,-27.08],[-53.8,-27.06],[-53.77,-27.06],[-53.78,-27.04],[-53.76,-27.03],[-53.76,-27.01],[-53.73,-27.01],[-53.72,-26.99],[-53.73,-26.98],[-53.72,-26.96],[-53.7,-26.95],[-53.71,-26.93],[-53.69,-26.94],[-53.68,-26.92],[-53.67,-26.9],[-53.69,-26.89],[-53.68,-26.87],[-53.66,-26.86],[-53.68,-26.84],[-53.69,-26.83],[-53.71,-26.81],[-53.71,-26.79],[-53.7,-26.77],[-53.73,-26.77],[-53.71,-26.75],[-53.73,-26.73],[-53.75,-26.74],[-53.75,-26.72],[-53.73,-26.72],[-53.74,-26.69],[-53.72,-26.68],[-53.72,-26.65],[-53.74,-26.64],[-53.73,-26.63],[-53.73,-26.61],[-53.73,-26.59],[-53.72,-26.56],[-53.72,-26.56]]],[[[-48.41,-27.39],[-48.4,-27.42],[-48.38,-27.44],[-48.36,-27.44],[-48.37,-27.46],[-48.38,-27.48],[-48.4,-27.5],[-48.41,-27.52],[-48.43,-27.54],[-48.43,-27.57],[-48.42,-27.58],[-48.43,-27.6],[-48.44,-27.62],[-48.47,-27.65],[-48.48,-27.68],[-48.5,-27.71],[-48.51,-27.74],[-48.5,-27.76],[-48.48,-27.77],[-48.48,-27.78],[-48.51,-27.79],[-48.53,-27.79],[-48.54,-27.81],[-48.56,-27.84],[-48.56,-27.81],[-48.57,-27.79],[-48.58,-27.76],[-48.56,-27.75],[-48.56,-27.73],[-48.55,-27.7],[-48.57,-27.69],[-48.56,-27.67],[-48.54,-27.65],[-48.52,-27.65],[-48.53,-27.62],[-48.55,-27.61],[-48.56,-27.59],[-48.55,-27.58],[-48.53,-27.57],[-48.51,-27.55],[-48.53,-27.54],[-48.52,-27.52],[-48.52,-27.5],[-48.54,-27.48],[-48.52,-27.46],[-48.54,-27.45],[-48.52,-27.43],[-48.5,-27.44],[-48.48,-27.43],[-48.45,-27.43],[-48.43,-27.42],[-48.43,-27.39],[-48.42,-27.38],[-48.41,-27.39]]],[[[-48.57,-27.48],[-48.56,-27.47],[-48.56,-27.48],[-48.57,-27.48]]]]},"properties":{"sigla":"SC","name":"Santa Catarina"}},{"type":"Feature","geometry":{"type":"MultiPolygon","coordinates":[[[[-37.96,-9.53],[-37.92,-9.55],[-37.89,-9.54],[-37.84,-9.58],[-37.83,-9.59],[-37.81,-9.61],[-37.79,-9.62],[-37.78,-9.64],[-37.76,-9.63],[-37.71,-9.63],[-37.69,-9.64],[-37.67,-9.66],[-37.66,-9.68],[-37.58,-9.73],[-37.55,-9.74],[-37.47,-9.75],[-37.42,-9.76],[-37.4,-9.78],[-37.37,-9.79],[-37.35,-9.8],[-37.32,-9.82],[-37.3,-9.83],[-37.26,-9.85],[-37.25,-9.89],[-37.23,-9.9],[-37.2,-9.9],[-37.15,-9.9],[-37.13,-9.91],[-37.08,-9.97],[-37.05,-9.99],[-37.02,-9.98],[-36.99,-9.98],[-36.97,-9.99],[-36.96,-10.02],[-36.96,-10.05],[-36.95,-10.07],[-36.94,-10.09],[-36.93,-10.11],[-36.92,-10.13],[-36.89,-10.14],[-36.86,-10.16],[-36.85,-10.18],[-36.84,-10.2],[-36.81,-10.22],[-36.78,-10.23],[-36.75,-10.24],[-36.74,-10.25],[-36.72,-10.26],[-36.68,-10.27],[-36.66,-10.26],[-36.63,-10.25],[-36.61,-10.27],[-36.59,-10.29],[-36.58,-10.31],[-36.57,-10.33],[-36.57,-10.37],[-36.56,-10.39],[-36.56,-10.42],[-36.55,-10.43],[-36.51,-10.42],[-36.49,-10.42],[-36.46,-10.41],[-36.43,-10.42],[-36.42,-10.44],[-36.4,-10.49],[-36.4,-10.51],[-36.42,-10.52],[-36.45,-10.53],[-36.47,-10.53],[-36.49,-10.54],[-36.52,-10.55],[-36.54,-10.56],[-36.58,-10.57],[-36.6,-10.58],[-36.62,-10.59],[-36.64,-10.6],[-36.66,-10.62],[-36.68,-10.63],[-36.7,-10.64],[-36.73,-10.65],[-36.75,-10.67],[-36.78,-10.68],[-36.81,-10.7],[-36.82,-10.72],[-36.85,-10.74],[-36.87,-10.76],[-36.91,-10.8],[-36.93,-10.82],[-36.95,-10.84],[-36.96,-10.86],[-36.99,-10.89],[-37.02,-10.94],[-37.03,-10.96],[-37.06,-11.0],[-37.07,-11.01],[-37.09,-11.04],[-37.1,-11.06],[-37.12,-11.09],[-37.13,-11.1],[-37.14,-11.12],[-37.16,-11.16],[-37.21,-11.22],[-37.26,-11.28],[-37.28,-11.32],[-37.29,-11.34],[-37.3,-11.38],[-37.31,-11.41],[-37.32,-11.43],[-37.33,-11.44],[-37.36,-11.45],[-37.39,-11.48],[-37.41,-11.49],[-37.44,-11.51],[-37.46,-11.52],[-37.51,-11.53],[-37.52,-11.55],[-37.55,-11.55],[-37.57,-11.54],[-37.59,-11.53],[-37.61,-11.54],[-37.63,-11.53],[-37.65,-11.52],[-37.66,-11.53],[-37.67,-11.56],[-37.7,-11.56],[-37.7,-11.54],[-37.73,-11.55],[-37.75,-11.54],[-37.76,-11.53],[-37.79,-11.52],[-37.81,-11.51],[-37.81,-11.49],[-37.83,-11.48],[-37.86,-11.47],[-37.85,-11.45],[-37.87,-11.44],[-37.89,-11.44],[-37.9,-11.42],[-37.93,-11.4],[-37.94,-11.42],[-37.95,-11.41],[-37.96,-11.39],[-37.97,-11.37],[-37.98,-11.35],[-38.0,-11.34],[-37.99,-11.31],[-38.0,-11.29],[-37.99,-11.27],[-37.99,-11.25],[-37.99,-11.23],[-37.98,-11.2],[-38.0,-11.19],[-38.03,-11.18],[-38.05,-11.18],[-38.06,-11.16],[-38.07,-11.14],[-38.08,-11.12],[-38.1,-11.1],[-38.08,-11.07],[-38.09,-11.06],[-38.1,-11.03],[-38.11,-11.01],[-38.14,-11.01],[-38.18,-10.98],[-38.19,-10.96],[-38.18,-10.94],[-38.2,-10.93],[-38.23,-10.92],[-38.23,-10.9],[-38.24,-10.88],[-38.24,-10.85],[-38.24,-10.83],[-38.24,-10.8],[-38.22,-10.78],[-38.21,-10.76],[-38.22,-10.72],[-38.2,-10.71],[-38.17,-10.71],[-38.14,-10.72],[-38.12,-10.71],[-38.09,-10.7],[-38.06,-10.71],[-38.03,-10.74],[-38.02,-10.76],[-38.0,-10.76],[-37.97,-10.75],[-37.84,-10.7],[-37.81,-10.69],[-37.83,-10.58],[-37.83,-10.56],[-37.83,-10.54],[-37.82,-10.52],[-37.82,-10.49],[-37.86,-10.43],[-37.85,-10.41],[-37.84,-10.39],[-37.82,-10.38],[-37.79,-10.35],[-37.76,-10.34],[-37.74,-10.33],[-37.74,-10.31],[-37.77,-10.2],[-37.78,-10.18],[-37.77,-10.15],[-37.8,-10.11],[-37.82,-10.06],[-37.82,-10.03],[-37.83,-10.0],[-37.88,-9.98],[-37.92,-9.97],[-37.94,-9.97],[-37.96,-9.97],[-37.98,-9.94],[-37.99,-9.92],[-37.99,-9.89],[-37.98,-9.87],[-37.97,-9.85],[-37.97,-9.83],[-38.0,-9.8],[-38.02,-9.79],[-38.04,-9.75],[-38.04,-9.72],[-38.04,-9.69],[-38.02,-9.67],[-38.01,-9.65],[-38.01,-9.63],[-38.03,-9.62],[-38.04,-9.6],[-38.04,-9.58],[-38.02,-9.56],[-38.02,-9.54],[-38.0,-9.51],[-37.96,-9.53]]]]},"properties":{"sigla":"SE","name":"Sergipe"}},{"type":"Feature","geometry":{"type":"MultiPolygon","coordinates":[[[[-46.14,-23.86],[-46.14,-23.88],[-46.15,-23.9],[-46.17,-23.91],[-46.18,-23.94],[-46.18,-23.96],[-46.19,-23.99],[-46.2,-24.0],[-46.24,-23.99],[-46.26,-24.0],[-46.28,-24.02],[-46.29,-24.04],[-46.29,-24.02],[-46.31,-24.03],[-46.32,-24.01],[-46.31,-23.99],[-46.32,-23.97],[-46.35,-23.97],[-46.37,-23.97],[-46.39,-23.98],[-46.39,-24.0],[-46.38,-24.02],[-46.4,-24.03],[-46.42,-24.01],[-46.45,-24.02],[-46.5,-24.04],[-46.6,-24.09],[-46.71,-24.14],[-46.76,-24.17],[-46.78,-24.18],[-46.81,-24.2],[-46.86,-24.23],[-46.88,-24.24],[-46.92,-24.26],[-46.94,-24.28],[-46.98,-24.32],[-47.0,-24.33],[-47.0,-24.35],[-47.01,-24.37],[-47.01,-24.4],[-47.02,-24.41],[-47.05,-24.43],[-47.08,-24.44],[-47.12,-24.47],[-47.14,-24.49],[-47.15,-24.5],[-47.18,-24.52],[-47.19,-24.53],[-47.21,-24.55],[-47.22,-24.56],[-47.24,-24.57],[-47.28,-24.6],[-47.31,-24.61],[-47.36,-24.64],[-47.39,-24.66],[-47.43,-24.68],[-47.46,-24.7],[-47.48,-24.71],[-47.53,-24.74],[-47.55,-24.75],[-47.58,-24.77],[-47.62,-24.79],[-47.65,-24.82],[-47.67,-24.83],[-47.7,-24.86],[-47.75,-24.9],[-47.77,-24.91],[-47.81,-24.95],[-47.84,-24.97],[-47.87,-25.0],[-47.88,-25.03],[-47.89,-25.05],[-47.91,-25.05],[-47.9,-25.08],[-47.9,-25.1],[-47.92,-25.15],[-47.93,-25.17],[-47.95,-25.18],[-47.97,-25.2],[-47.99,-25.21],[-48.01,-25.23],[-48.03,-25.24],[-48.04,-25.26],[-48.06,-25.28],[-48.1,-25.31],[-48.09,-25.29],[-48.05,-25.26],[-48.04,-25.24],[-48.03,-25.22],[-48.05,-25.22],[-48.07,-25.24],[-48.09,-25.24],[-48.11,-25.25],[-48.15,-25.23],[-48.16,-25.21],[-48.19,-25.2],[-48.18,-25.18],[-48.17,-25.16],[-48.18,-25.14],[-48.19,-25.11],[-48.21,-25.08],[-48.21,-25.06],[-48.21,-25.04],[-48.23,-25.02],[-48.23,-25.0],[-48.25,-24.98],[-48.26,-25.0],[-48.28,-25.02],[-48.28,-25.03],[-48.31,-25.04],[-48.33,-25.07],[-48.32,-25.04],[-48.35,-25.04],[-48.37,-25.01],[-48.39,-24.99],[-48.42,-24.99],[-48.47,-25.01],[-48.48,-25.04],[-48.5,-25.06],[-48.51,-25.08],[-48.53,-25.1],[-48.55,-25.08],[-48.56,-25.06],[-48.58,-25.05],[-48.59,-25.03],[-48.6,-25.0],[-48.58,-24.99],[-48.57,-24.97],[-48.56,-24.95],[-48.57,-24.93],[-48.57,-24.9],[-48.56,-24.88],[-48.57,-24.86],[-48.56,-24.83],[-48.56,-24.81],[-48.54,-24.79],[-48.52,-24.78],[-48.51,-24.75],[-48.52,-24.74],[-48.54,-24.72],[-48.56,-24.71],[-48.57,-24.69],[-48.58,-24.67],[-48.6,-24.67],[-48.62,-24.67],[-48.64,-24.68],[-48.66,-24.71],[-48.68,-24.69],[-48.68,-24.67],[-48.69,-24.69],[-48.73,-24.69],[-48.75,-24.69],[-48.78,-24.7],[-48.8,-24.67],[-48.82,-24.66],[-48.84,-24.66],[-48.86,-24.67],[-48.9,-24.67],[-48.92,-24.67],[-48.95,-24.67],[-48.97,-24.67],[-48.99,-24.66],[-49.0,-24.64],[-49.03,-24.63],[-49.04,-24.66],[-49.05,-24.68],[-49.07,-24.68],[-49.1,-24.68],[-49.12,-24.68],[-49.16,-24.67],[-49.19,-24.67],[-49.2,-24.69],[-49.24,-24.7],[-49.26,-24.69],[-49.29,-24.67],[-49.31,-24.66],[-49.31,-24.64],[-49.31,-24.62],[-49.3,-24.6],[-49.31,-24.58],[-49.32,-24.56],[-49.29,-24.55],[-49.29,-24.53],[-49.3,-24.5],[-49.27,-24.49],[-49.26,-24.47],[-49.24,-24.46],[-49.25,-24.43],[-49.24,-24.41],[-49.24,-24.38],[-49.22,-24.36],[-49.2,-24.34],[-49.22,-24.34],[-49.25,-24.33],[-49.27,-24.31],[-49.29,-24.29],[-49.3,-24.28],[-49.31,-24.26],[-49.32,-24.24],[-49.35,-24.22],[-49.34,-24.19],[-49.34,-24.17],[-49.33,-24.15],[-49.36,-24.13],[-49.38,-24.12],[-49.41,-24.11],[-49.43,-24.09],[-49.44,-24.07],[-49.45,-24.05],[-49.46,-24.03],[-49.49,-24.02],[-49.49,-24.0],[-49.49,-23.98],[-49.52,-23.97],[-49.5,-23.95],[-49.52,-23.93],[-49.55,-23.92],[-49.56,-23.91],[-49.57,-23.88],[-49.59,-23.87],[-49.61,-23.85],[-49.6,-23.84],[-49.58,-23.83],[-49.56,-23.81],[-49.56,-23.79],[-49.56,-23.76],[-49.57,-23.74],[-49.55,-23.72],[-49.55,-23.7],[-49.56,-23.68],[-49.58,-23.67],[-49.6,-23.65],[-49.61,-23.62],[-49.62,-23.61],[-49.61,-23.59],[-49.61,-23.56],[-49.6,-23.54],[-49.62,-23.52],[-49.62,-23.5],[-49.61,-23.47],[-49.6,-23.46],[-49.59,-23.44],[-49.57,-23.44],[-49.58,-23.41],[-49.6,-23.41],[-49.62,-23.39],[-49.59,-23.39],[-49.59,-23.37],[-49.61,-23.35],[-49.63,-23.36],[-49.62,-23.33],[-49.63,-23.3],[-49.63,-23.28],[-49.64,-23.26],[-49.65,-23.24],[-49.65,-23.21],[-49.67,-23.18],[-49.7,-23.16],[-49.72,-23.15],[-49.73,-23.13],[-49.73,-23.11],[-49.74,-23.1],[-49.76,-23.11],[-49.79,-23.1],[-49.81,-23.09],[-49.83,-23.07],[-49.85,-23.07],[-49.87,-23.07],[-49.9,-23.06],[-49.91,-23.04],[-49.91,-23.01],[-49.93,-22.98],[-49.95,-22.98],[-49.97,-22.96],[-49.96,-22.94],[-49.96,-22.92],[-49.99,-22.9],[-49.99,-22.92],[-50.02,-22.91],[-50.05,-22.9],[-50.07,-22.93],[-50.09,-22.92],[-50.11,-22.94],[-50.13,-22.94],[-50.16,-22.94],[-50.18,-22.95],[-50.2,-22.95],[-50.22,-22.95],[-50.25,-22.94],[-50.27,-22.93],[-50.29,-22.94],[-50.31,-22.95],[-50.34,-22.95],[-50.36,-22.92],[-50.38,-22.9],[-50.42,-22.91],[-50.42,-22.93],[-50.45,-22.94],[-50.47,-22.94],[-50.49,-22.94],[-50.52,-22.94],[-50.53,-22.92],[-50.55,-22.91],[-50.58,-22.9],[-50.61,-22.92],[-50.64,-22.91],[-50.66,-22.9],[-50.71,-22.95],[-50.73,-22.96],[-50.75,-22.95],[-50.78,-22.95],[-50.8,-22.94],[-50.79,-22.91],[-50.8,-22.89],[-50.82,-22.87],[-50.84,-22.83],[-50.89,-22.8],[-50.92,-22.8],[-50.94,-22.8],[-50.96,-22.79],[-50.99,-22.79],[-51.06,-22.77],[-51.11,-22.76],[-51.15,-22.75],[-51.17,-22.74],[-51.21,-22.72],[-51.23,-22.71],[-51.25,-22.68],[-51.26,-22.67],[-51.28,-22.67],[-51.31,-22.67],[-51.33,-22.67],[-51.37,-22.66],[-51.4,-22.67],[-51.42,-22.65],[-51.45,-22.65],[-51.47,-22.68],[-51.5,-22.69],[-51.53,-22.69],[-51.55,-22.69],[-51.59,-22.69],[-51.62,-22.66],[-51.66,-22.66],[-51.68,-22.66],[-51.71,-22.67],[-51.73,-22.64],[-51.74,-22.62],[-51.77,-22.61],[-51.85,-22.63],[-51.87,-22.63],[-51.89,-22.62],[-51.9,-22.6],[-51.94,-22.57],[-51.96,-22.56],[-52.0,-22.55],[-52.03,-22.54],[-52.05,-22.54],[-52.08,-22.52],[-52.11,-22.52],[-52.13,-22.53],[-52.15,-22.55],[-52.15,-22.57],[-52.16,-22.6],[-52.16,-22.64],[-52.18,-22.65],[-52.21,-22.67],[-52.23,-22.65],[-52.24,-22.62],[-52.28,-22.62],[-52.3,-22.63],[-52.37,-22.63],[-52.42,-22.61],[-52.45,-22.61],[-52.48,-22.63],[-52.5,-22.63],[-52.52,-22.62],[-52.54,-22.61],[-52.57,-22.59],[-52.58,-22.57],[-52.6,-22.57],[-52.66,-22.61],[-52.7,-22.63],[-52.72,-22.63],[-52.75,-22.61],[-52.77,-22.61],[-52.81,-22.6],[-52.84,-22.61],[-52.87,-22.6],[-52.88,-22.59],[-52.9,-22.57],[-52.92,-22.57],[-52.97,-22.57],[-53.01,-22.6],[-53.04,-22.62],[-53.07,-22.64],[-53.09,-22.66],[-53.09,-22.64],[-53.11,-22.61],[-53.08,-22.56],[-53.06,-22.54],[-53.01,-22.52],[-53.0,-22.49],[-52.95,-22.47],[-52.89,-22.45],[-52.86,-22.44],[-52.84,-22.41],[-52.8,-22.38],[-52.75,-22.34],[-52.72,-22.33],[-52.69,-22.31],[-52.66,-22.3],[-52.62,-22.28],[-52.6,-22.27],[-52.58,-22.25],[-52.55,-22.24],[-52.52,-22.23],[-52.5,-22.22],[-52.48,-22.21],[-52.46,-22.18],[-52.41,-22.14],[-52.4,-22.12],[-52.38,-22.11],[-52.34,-22.06],[-52.32,-21.97],[-52.31,-21.95],[-52.28,-21.92],[-52.25,-21.9],[-52.23,-21.88],[-52.19,-21.85],[-52.18,-21.82],[-52.18,-21.8],[-52.16,-21.77],[-52.14,-21.76],[-52.1,-21.74],[-52.08,-21.71],[-52.05,-21.66],[-52.06,-21.63],[-52.07,-21.6],[-52.1,-21.57],[-52.09,-21.54],[-52.08,-21.51],[-52.06,-21.5],[-52.0,-21.52],[-51.97,-21.5],[-51.95,-21.47],[-51.93,-21.46],[-51.92,-21.43],[-51.92,-21.41],[-51.91,-21.38],[-51.87,-21.35],[-51.86,-21.3],[-51.85,-21.27],[-51.86,-21.23],[-51.88,-21.2],[-51.88,-21.16],[-51.88,-21.14],[-51.84,-21.13],[-51.82,-21.13],[-51.81,-21.11],[-51.78,-21.07],[-51.77,-21.05],[-51.75,-21.01],[-51.72,-20.98],[-51.67,-20.97],[-51.63,-20.95],[-51.61,-20.89],[-51.62,-20.87],[-51.63,-20.85],[-51.63,-20.82],[-51.63,-20.79],[-51.63,-20.75],[-51.63,-20.72],[-51.6,-20.65],[-51.58,-20.62],[-51.52,-20.59],[-51.5,-20.57],[-51.46,-20.5],[-51.45,-20.48],[-51.42,-20.47],[-51.4,-20.45],[-51.39,-20.43],[-51.37,-20.4],[-51.36,-20.38],[-51.35,-20.36],[-51.32,-20.34],[-51.3,-20.33],[-51.24,-20.32],[-51.17,-20.31],[-51.13,-20.29],[-51.1,-20.27],[-51.07,-20.25],[-51.06,-20.23],[-51.05,-20.2],[-51.04,-20.18],[-51.03,-20.15],[-51.0,-20.1],[-50.97,-20.03],[-50.94,-20.03],[-50.93,-20.01],[-50.91,-20.0],[-50.89,-19.99],[-50.85,-19.97],[-50.82,-19.96],[-50.8,-19.95],[-50.78,-19.94],[-50.72,-19.93],[-50.68,-19.91],[-50.66,-19.9],[-50.64,-19.87],[-50.62,-19.86],[-50.59,-19.83],[-50.58,-19.82],[-50.55,-19.81],[-50.52,-19.8],[-50.5,-19.79],[-50.47,-19.78],[-50.41,-19.8],[-50.37,-19.84],[-50.35,-19.86],[-50.32,-19.87],[-50.29,-19.87],[-50.24,-19.88],[-50.22,-19.87],[-50.2,-19.87],[-50.17,-19.87],[-50.14,-19.87],[-50.1,-19.88],[-50.08,-19.88],[-50.04,-19.92],[-50.01,-19.93],[-49.96,-19.92],[-49.9,-19.94],[-49.88,-19.94],[-49.86,-19.95],[-49.83,-19.93],[-49.8,-19.93],[-49.75,-19.92],[-49.71,-19.93],[-49.64,-19.93],[-49.61,-19.92],[-49.58,-19.91],[-49.56,-19.91],[-49.52,-19.91],[-49.5,-19.92],[-49.49,-19.95],[-49.46,-19.98],[-49.41,-19.98],[-49.36,-19.99],[-49.33,-19.98],[-49.31,-19.97],[-49.26,-19.96],[-49.25,-19.98],[-49.25,-20.0],[-49.28,-20.0],[-49.31,-20.07],[-49.31,-20.1],[-49.3,-20.17],[-49.27,-20.23],[-49.26,-20.25],[-49.24,-20.29],[-49.22,-20.3],[-49.19,-20.31],[-49.13,-20.28],[-49.09,-20.21],[-49.07,-20.15],[-49.03,-20.15],[-48.99,-20.16],[-48.97,-20.21],[-48.96,-20.26],[-48.96,-20.28],[-48.97,-20.39],[-48.9,-20.44],[-48.88,-20.43],[-48.87,-20.41],[-48.87,-20.38],[-48.88,-20.35],[-48.88,-20.31],[-48.89,-20.29],[-48.88,-20.27],[-48.87,-20.24],[-48.85,-20.22],[-48.86,-20.18],[-48.82,-20.16],[-48.78,-20.16],[-48.75,-20.15],[-48.73,-20.15],[-48.69,-20.16],[-48.67,-20.16],[-48.65,-20.17],[-48.63,-20.16],[-48.6,-20.14],[-48.55,-20.13],[-48.51,-20.14],[-48.49,-20.14],[-48.46,-20.13],[-48.44,-20.12],[-48.41,-20.11],[-48.38,-20.12],[-48.35,-20.12],[-48.32,-20.11],[-48.3,-20.12],[-48.28,-20.14],[-48.25,-20.14],[-48.22,-20.13],[-48.25,-20.09],[-48.24,-20.05],[-48.23,-20.03],[-48.21,-20.04],[-48.18,-20.07],[-48.18,-20.1],[-48.16,-20.1],[-48.15,-20.12],[-48.13,-20.13],[-48.09,-20.15],[-48.07,-20.15],[-48.05,-20.14],[-48.04,-20.12],[-48.0,-20.1],[-47.99,-20.07],[-47.99,-20.04],[-47.95,-20.06],[-47.94,-20.09],[-47.91,-20.12],[-47.88,-20.1],[-47.87,-20.08],[-47.86,-20.06],[-47.87,-20.04],[-47.86,-19.99],[-47.83,-20.0],[-47.8,-19.98],[-47.77,-19.98],[-47.75,-19.99],[-47.72,-19.98],[-47.68,-20.0],[-47.66,-20.03],[-47.64,-20.05],[-47.61,-20.04],[-47.59,-20.03],[-47.58,-20.0],[-47.55,-20.0],[-47.51,-19.98],[-47.49,-19.97],[-47.47,-19.96],[-47.45,-19.99],[-47.43,-20.01],[-47.44,-20.03],[-47.44,-20.05],[-47.42,-20.06],[-47.41,-20.08],[-47.37,-20.08],[-47.36,-20.1],[-47.33,-20.11],[-47.31,-20.12],[-47.29,-20.15],[-47.27,-20.16],[-47.25,-20.19],[-47.23,-20.22],[-47.24,-20.26],[-47.26,-20.28],[-47.28,-20.31],[-47.29,-20.33],[-47.29,-20.36],[-47.29,-20.38],[-47.29,-20.4],[-47.29,-20.43],[-47.29,-20.45],[-47.27,-20.47],[-47.25,-20.48],[-47.23,-20.49],[-47.21,-20.5],[-47.18,-20.51],[-47.15,-20.52],[-47.14,-20.54],[-47.14,-20.57],[-47.13,-20.59],[-47.12,-20.61],[-47.11,-20.63],[-47.1,-20.64],[-47.1,-20.67],[-47.11,-20.7],[-47.15,-20.71],[-47.17,-20.71],[-47.19,-20.73],[-47.19,-20.77],[-47.21,-20.79],[-47.21,-20.83],[-47.23,-20.86],[-47.24,-20.88],[-47.22,-20.91],[-47.21,-20.92],[-47.19,-20.94],[-47.17,-20.95],[-47.15,-20.97],[-47.15,-20.99],[-47.16,-21.02],[-47.15,-21.06],[-47.14,-21.08],[-47.11,-21.1],[-47.13,-21.12],[-47.12,-21.15],[-47.12,-21.17],[-47.1,-21.2],[-47.07,-21.21],[-47.08,-21.23],[-47.06,-21.24],[-47.04,-21.27],[-47.04,-21.29],[-47.03,-21.31],[-47.02,-21.33],[-47.0,-21.35],[-47.01,-21.37],[-47.01,-21.39],[-47.01,-21.41],[-46.99,-21.42],[-46.97,-21.42],[-46.95,-21.42],[-46.93,-21.42],[-46.9,-21.42],[-46.88,-21.41],[-46.87,-21.4],[-46.84,-21.39],[-46.83,-21.37],[-46.8,-21.37],[-46.78,-21.36],[-46.76,-21.38],[-46.74,-21.39],[-46.71,-21.39],[-46.69,-21.39],[-46.67,-21.37],[-46.65,-21.36],[-46.65,-21.39],[-46.64,-21.41],[-46.62,-21.42],[-46.61,-21.44],[-46.59,-21.43],[-46.56,-21.44],[-46.54,-21.45],[-46.52,-21.46],[-46.51,-21.49],[-46.52,-21.51],[-46.52,-21.53],[-46.5,-21.55],[-46.51,-21.57],[-46.52,-21.59],[-46.53,-21.62],[-46.55,-21.63],[-46.56,-21.65],[-46.57,-21.67],[-46.62,-21.68],[-46.63,-21.7],[-46.62,-21.72],[-46.63,-21.74],[-46.63,-21.77],[-46.65,-21.78],[-46.66,-21.8],[-46.68,-21.82],[-46.68,-21.84],[-46.66,-21.87],[-46.65,-21.9],[-46.67,-21.91],[-46.67,-21.93],[-46.65,-21.95],[-46.64,-21.97],[-46.62,-21.99],[-46.61,-22.01],[-46.64,-22.01],[-46.66,-22.02],[-46.68,-22.03],[-46.68,-22.05],[-46.68,-22.07],[-46.71,-22.08],[-46.69,-22.09],[-46.66,-22.09],[-46.63,-22.11],[-46.62,-22.13],[-46.6,-22.14],[-46.62,-22.15],[-46.64,-22.17],[-46.66,-22.18],[-46.68,-22.22],[-46.69,-22.24],[-46.71,-22.26],[-46.71,-22.28],[-46.72,-22.31],[-46.7,-22.32],[-46.7,-22.34],[-46.68,-22.36],[-46.66,-22.37],[-46.66,-22.39],[-46.67,-22.41],[-46.65,-22.43],[-46.62,-22.44],[-46.6,-22.44],[-46.58,-22.44],[-46.55,-22.45],[-46.55,-22.47],[-46.53,-22.48],[-46.51,-22.51],[-46.48,-22.52],[-46.46,-22.52],[-46.44,-22.53],[-46.42,-22.55],[-46.43,-22.57],[-46.41,-22.59],[-46.42,-22.6],[-46.4,-22.62],[-46.42,-22.63],[-46.4,-22.65],[-46.41,-22.67],[-46.43,-22.66],[-46.45,-22.67],[-46.47,-22.67],[-46.47,-22.69],[-46.45,-22.72],[-46.43,-22.74],[-46.41,-22.74],[-46.39,-22.74],[-46.36,-22.76],[-46.34,-22.76],[-46.35,-22.78],[-46.37,-22.82],[-46.37,-22.84],[-46.38,-22.86],[-46.36,-22.9],[-46.34,-22.9],[-46.32,-22.89],[-46.3,-22.9],[-46.28,-22.88],[-46.26,-22.89],[-46.24,-22.89],[-46.2,-22.87],[-46.16,-22.87],[-46.14,-22.86],[-46.14,-22.88],[-46.15,-22.91],[-46.12,-22.91],[-46.1,-22.9],[-46.08,-22.89],[-46.05,-22.9],[-46.03,-22.88],[-46.0,-22.88],[-45.98,-22.87],[-45.96,-22.85],[-45.94,-22.84],[-45.92,-22.82],[-45.89,-22.84],[-45.89,-22.88],[-45.87,-22.87],[-45.86,-22.85],[-45.84,-22.83],[-45.82,-22.83],[-45.8,-22.85],[-45.78,-22.85],[-45.77,-22.81],[-45.75,-22.79],[-45.73,-22.81],[-45.73,-22.79],[-45.71,-22.77],[-45.72,-22.75],[-45.73,-22.73],[-45.76,-22.72],[-45.8,-22.74],[-45.82,-22.72],[-45.81,-22.7],[-45.79,-22.69],[-45.77,-22.68],[-45.75,-22.67],[-45.73,-22.66],[-45.69,-22.65],[-45.72,-22.62],[-45.74,-22.61],[-45.73,-22.59],[-45.7,-22.58],[-45.68,-22.57],[-45.66,-22.59],[-45.67,-22.61],[-45.67,-22.63],[-45.66,-22.65],[-45.62,-22.64],[-45.6,-22.62],[-45.58,-22.62],[-45.56,-22.61],[-45.57,-22.64],[-45.55,-22.65],[-45.52,-22.65],[-45.5,-22.63],[-45.47,-22.6],[-45.45,-22.61],[-45.44,-22.62],[-45.41,-22.62],[-45.41,-22.65],[-45.37,-22.64],[-45.35,-22.63],[-45.29,-22.61],[-45.27,-22.61],[-45.26,-22.59],[-45.23,-22.57],[-45.2,-22.56],[-45.18,-22.55],[-45.17,-22.53],[-45.15,-22.51],[-45.13,-22.5],[-45.1,-22.49],[-45.08,-22.49],[-45.06,-22.47],[-45.04,-22.47],[-45.01,-22.47],[-44.99,-22.47],[-44.97,-22.47],[-44.94,-22.45],[-44.9,-22.45],[-44.89,-22.43],[-44.86,-22.42],[-44.83,-22.43],[-44.81,-22.41],[-44.78,-22.41],[-44.75,-22.41],[-44.73,-22.44],[-44.72,-22.46],[-44.72,-22.49],[-44.72,-22.51],[-44.7,-22.52],[-44.67,-22.54],[-44.68,-22.56],[-44.65,-22.56],[-44.64,-22.58],[-44.64,-22.6],[-44.62,-22.61],[-44.6,-22.61],[-44.58,-22.63],[-44.57,-22.6],[-44.55,-22.61],[-44.53,-22.62],[-44.53,-22.64],[-44.51,-22.63],[-44.49,-22.61],[-44.46,-22.62],[-44.44,-22.6],[-44.42,-22.6],[-44.4,-22.58],[-44.37,-22.58],[-44.36,-22.61],[-44.35,-22.59],[-44.33,-22.59],[-44.31,-22.6],[-44.29,-22.61],[-44.27,-22.6],[-44.23,-22.61],[-44.21,-22.61],[-44.19,-22.63],[-44.18,-22.66],[-44.16,-22.67],[-44.18,-22.69],[-44.18,-22.71],[-44.2,-22.72],[-44.23,-22.73],[-44.24,-22.75],[-44.26,-22.77],[-44.25,-22.79],[-44.26,-22.81],[-44.27,-22.83],[-44.3,-22.83],[-44.32,-22.84],[-44.35,-22.85],[-44.37,-22.86],[-44.4,-22.85],[-44.42,-22.85],[-44.44,-22.87],[-44.47,-22.88],[-44.48,-22.87],[-44.48,-22.85],[-44.51,-22.85],[-44.53,-22.87],[-44.55,-22.88],[-44.58,-22.88],[-44.6,-22.89],[-44.63,-22.9],[-44.65,-22.92],[-44.67,-22.92],[-44.69,-22.94],[-44.71,-22.93],[-44.74,-22.95],[-44.75,-22.97],[-44.76,-22.98],[-44.79,-22.98],[-44.8,-23.0],[-44.8,-23.02],[-44.8,-23.05],[-44.81,-23.07],[-44.82,-23.09],[-44.82,-23.11],[-44.82,-23.13],[-44.82,-23.16],[-44.84,-23.17],[-44.86,-23.18],[-44.88,-23.2],[-44.88,-23.22],[-44.87,-23.25],[-44.85,-23.25],[-44.84,-23.26],[-44.83,-23.28],[-44.81,-23.28],[-44.79,-23.3],[-44.78,-23.33],[-44.76,-23.34],[-44.74,-23.36],[-44.72,-23.37],[-44.75,-23.37],[-44.77,-23.37],[-44.79,-23.37],[-44.82,-23.38],[-44.84,-23.39],[-44.85,-23.36],[-44.88,-23.36],[-44.89,-23.34],[-44.91,-23.33],[-44.92,-23.35],[-44.94,-23.36],[-44.95,-23.38],[-44.97,-23.39],[-44.99,-23.4],[-45.01,-23.42],[-45.04,-23.42],[-45.06,-23.42],[-45.07,-23.45],[-45.04,-23.45],[-45.02,-23.46],[-45.04,-23.46],[-45.06,-23.47],[-45.07,-23.49],[-45.08,-23.51],[-45.1,-23.49],[-45.12,-23.5],[-45.11,-23.52],[-45.13,-23.51],[-45.15,-23.5],[-45.17,-23.5],[-45.16,-23.52],[-45.16,-23.54],[-45.19,-23.54],[-45.2,-23.52],[-45.23,-23.54],[-45.22,-23.56],[-45.21,-23.58],[-45.23,-23.58],[-45.25,-23.59],[-45.27,-23.59],[-45.29,-23.58],[-45.31,-23.58],[-45.33,-23.59],[-45.35,-23.61],[-45.37,-23.63],[-45.4,-23.63],[-45.42,-23.63],[-45.43,-23.66],[-45.43,-23.68],[-45.43,-23.7],[-45.42,-23.73],[-45.4,-23.72],[-45.41,-23.75],[-45.4,-23.77],[-45.4,-23.8],[-45.4,-23.82],[-45.43,-23.83],[-45.46,-23.82],[-45.49,-23.83],[-45.51,-23.84],[-45.54,-23.83],[-45.54,-23.81],[-45.56,-23.79],[-45.59,-23.79],[-45.61,-23.8],[-45.63,-23.8],[-45.64,-23.78],[-45.66,-23.79],[-45.68,-23.78],[-45.7,-23.77],[-45.73,-23.77],[-45.76,-23.77],[-45.78,-23.76],[-45.8,-23.77],[-45.82,-23.76],[-45.84,-23.76],[-45.87,-23.76],[-45.89,-23.76],[-45.98,-23.79],[-46.0,-23.8],[-46.02,-23.8],[-46.04,-23.82],[-46.06,-23.81],[-46.08,-23.82],[-46.12,-23.84],[-46.13,-23.86],[-46.14,-23.86]]],[[[-45.32,-23.91],[-45.34,-23.93],[-45.36,-23.93],[-45.39,-23.93],[-45.43,-23.94],[-45.45,-23.93],[-45.46,-23.9],[-45.45,-23.88],[-45.43,-23.87],[-45.41,-23.85],[-45.39,-23.83],[-45.38,-23.82],[-45.36,-23.8],[-45.36,-23.78],[-45.35,-23.76],[-45.35,-23.74],[-45.33,-23.72],[-45.31,-23.73],[-45.28,-23.73],[-45.26,-23.75],[-45.23,-23.78],[-45.24,-23.8],[-45.24,-23.82],[-45.24,-23.84],[-45.26,-23.84],[-45.29,-23.85],[-45.29,-23.87],[-45.27,-23.88],[-45.25,-23.9],[-45.23,-23.9],[-45.24,-23.92],[-45.23,-23.94],[-45.24,-23.96],[-45.26,-23.96],[-45.28,-23.95],[-45.28,-23.93],[-45.29,-23.91],[-45.31,-23.91],[-45.32,-23.91]]],[[[-45.08,-23.54],[-45.06,-23.53],[-45.04,-23.53],[-45.06,-23.55],[-45.08,-23.56],[-45.08,-23.54],[-45.08,-23.54]]],[[[-45.14,-23.8],[-45.11,-23.81],[-45.15,-23.82],[-45.15,-23.79],[-45.14,-23.8]]],[[[-45.16,-23.57],[-45.16,-23.57]]],[[[-45.02,-23.76],[-45.02,-23.76]]],[[[-45.78,-23.87],[-45.78,-23.87]]],[[[-45.29,-23.6],[-45.29,-23.6]]],[[[-45.02,-23.75],[-45.02,-23.75]]],[[[-45.73,-23.8],[-45.73,-23.8]]],[[[-45.53,-23.85],[-45.53,-23.85]]],[[[-46.91,-24.39],[-46.91,-24.39]]],[[[-46.91,-24.37],[-46.91,-24.37]]],[[[-45.03,-23.55],[-45.03,-23.55]]],[[[-44.85,-23.4],[-44.85,-23.4]]],[[[-44.95,-23.39],[-44.95,-23.39]]],[[[-46.98,-24.37],[-46.98,-24.37]]],[[[-47.91,-25.17],[-47.91,-25.16],[-47.91,-25.17],[-47.91,-25.17]]],[[[-45.23,-23.81],[-45.23,-23.81],[-45.23,-23.82],[-45.23,-23.81]]],[[[-45.33,-23.92],[-45.33,-23.92]]],[[[-45.71,-23.79],[-45.71,-23.79],[-45.71,-23.79],[-45.71,-23.79]]],[[[-45.28,-23.85],[-45.28,-23.85]]],[[[-45.3,-23.92],[-45.3,-23.92],[-45.29,-23.92],[-45.3,-23.92]]],[[[-45.16,-23.83],[-45.15,-23.83],[-45.15,-23.83],[-45.16,-23.83]]],[[[-45.67,-23.8],[-45.67,-23.8],[-45.67,-23.8],[-45.67,-23.8]]]]},"properties":{"sigla":"SP","name":"S\u00e3o Paulo"}},{"type":"Feature","geometry":{"type":"MultiPolygon","coordinates":[[[[-47.03,-8.98],[-47.04,-9.01],[-47.07,-9.01],[-47.05,-9.02],[-47.05,-9.04],[-47.07,-9.06],[-47.05,-9.07],[-47.02,-9.08],[-47.0,-9.08],[-46.98,-9.08],[-46.94,-9.06],[-46.92,-9.07],[-46.92,-9.09],[-46.93,-9.11],[-46.93,-9.13],[-46.9,-9.13],[-46.87,-9.15],[-46.85,-9.17],[-46.85,-9.19],[-46.83,-9.19],[-46.83,-9.22],[-46.82,-9.26],[-46.83,-9.28],[-46.84,-9.3],[-46.82,-9.3],[-46.8,-9.34],[-46.78,-9.35],[-46.77,-9.37],[-46.77,-9.4],[-46.75,-9.41],[-46.72,-9.4],[-46.7,-9.4],[-46.67,-9.39],[-46.65,-9.41],[-46.65,-9.43],[-46.63,-9.47],[-46.6,-9.47],[-46.58,-9.48],[-46.56,-9.48],[-46.57,-9.51],[-46.56,-9.53],[-46.54,-9.55],[-46.58,-9.58],[-46.59,-9.61],[-46.61,-9.63],[-46.61,-9.65],[-46.65,-9.69],[-46.65,-9.72],[-46.64,-9.74],[-46.6,-9.75],[-46.58,-9.76],[-46.57,-9.78],[-46.58,-9.8],[-46.54,-9.81],[-46.51,-9.8],[-46.49,-9.83],[-46.49,-9.85],[-46.49,-9.87],[-46.47,-9.88],[-46.47,-9.9],[-46.48,-9.92],[-46.47,-9.95],[-46.47,-9.97],[-46.46,-10.02],[-46.46,-10.05],[-46.44,-10.08],[-46.42,-10.08],[-46.38,-10.12],[-46.37,-10.17],[-46.35,-10.17],[-46.33,-10.18],[-46.3,-10.18],[-46.27,-10.18],[-46.24,-10.17],[-46.21,-10.17],[-46.19,-10.18],[-46.16,-10.21],[-46.14,-10.21],[-46.1,-10.21],[-46.05,-10.18],[-46.03,-10.18],[-46.02,-10.22],[-46.02,-10.24],[-46.0,-10.26],[-45.97,-10.25],[-45.95,-10.26],[-45.93,-10.25],[-45.88,-10.24],[-45.84,-10.26],[-45.79,-10.27],[-45.74,-10.24],[-45.73,-10.21],[-45.73,-10.17],[-45.72,-10.15],[-45.7,-10.17],[-45.71,-10.19],[-45.7,-10.22],[-45.7,-10.26],[-45.71,-10.28],[-45.72,-10.32],[-45.74,-10.34],[-45.79,-10.35],[-45.82,-10.37],[-45.83,-10.39],[-45.83,-10.44],[-45.86,-10.44],[-45.89,-10.45],[-45.9,-10.47],[-45.96,-10.51],[-45.97,-10.53],[-45.99,-10.54],[-46.02,-10.54],[-46.03,-10.57],[-46.06,-10.57],[-46.07,-10.6],[-46.1,-10.6],[-46.11,-10.62],[-46.14,-10.62],[-46.16,-10.63],[-46.19,-10.63],[-46.21,-10.65],[-46.19,-10.68],[-46.19,-10.72],[-46.22,-10.73],[-46.25,-10.76],[-46.23,-10.77],[-46.23,-10.79],[-46.28,-10.82],[-46.29,-10.85],[-46.3,-10.87],[-46.28,-10.89],[-46.3,-10.92],[-46.32,-10.93],[-46.36,-10.96],[-46.38,-10.98],[-46.4,-10.99],[-46.41,-11.02],[-46.42,-11.04],[-46.45,-11.09],[-46.45,-11.16],[-46.47,-11.19],[-46.49,-11.2],[-46.58,-11.25],[-46.61,-11.26],[-46.61,-11.28],[-46.61,-11.31],[-46.6,-11.35],[-46.59,-11.37],[-46.56,-11.37],[-46.55,-11.41],[-46.53,-11.42],[-46.53,-11.47],[-46.5,-11.5],[-46.48,-11.52],[-46.46,-11.51],[-46.43,-11.53],[-46.41,-11.54],[-46.39,-11.53],[-46.36,-11.54],[-46.31,-11.54],[-46.29,-11.55],[-46.27,-11.56],[-46.24,-11.56],[-46.22,-11.58],[-46.2,-11.6],[-46.17,-11.6],[-46.14,-11.61],[-46.09,-11.62],[-46.09,-11.64],[-46.13,-11.65],[-46.15,-11.66],[-46.17,-11.65],[-46.22,-11.64],[-46.26,-11.62],[-46.28,-11.62],[-46.3,-11.62],[-46.31,-11.64],[-46.29,-11.68],[-46.31,-11.7],[-46.33,-11.74],[-46.37,-11.75],[-46.35,-11.75],[-46.32,-11.77],[-46.34,-11.79],[-46.33,-11.81],[-46.35,-11.82],[-46.37,-11.84],[-46.37,-11.87],[-46.35,-11.88],[-46.33,-11.9],[-46.28,-11.89],[-46.26,-11.89],[-46.24,-11.9],[-46.21,-11.9],[-46.19,-11.88],[-46.17,-11.9],[-46.19,-11.93],[-46.25,-11.95],[-46.29,-11.95],[-46.33,-11.96],[-46.34,-11.97],[-46.37,-12.0],[-46.39,-12.03],[-46.38,-12.05],[-46.39,-12.07],[-46.39,-12.09],[-46.37,-12.11],[-46.37,-12.13],[-46.38,-12.16],[-46.38,-12.18],[-46.37,-12.2],[-46.36,-12.22],[-46.37,-12.24],[-46.37,-12.27],[-46.37,-12.29],[-46.35,-12.3],[-46.33,-12.3],[-46.34,-12.31],[-46.35,-12.34],[-46.33,-12.34],[-46.31,-12.36],[-46.29,-12.38],[-46.3,-12.4],[-46.29,-12.42],[-46.26,-12.41],[-46.25,-12.44],[-46.25,-12.46],[-46.25,-12.49],[-46.23,-12.5],[-46.18,-12.48],[-46.16,-12.47],[-46.16,-12.5],[-46.15,-12.51],[-46.19,-12.53],[-46.23,-12.54],[-46.25,-12.55],[-46.27,-12.57],[-46.28,-12.59],[-46.29,-12.63],[-46.27,-12.64],[-46.27,-12.67],[-46.28,-12.68],[-46.29,-12.7],[-46.26,-12.72],[-46.27,-12.74],[-46.28,-12.76],[-46.28,-12.78],[-46.28,-12.81],[-46.26,-12.83],[-46.29,-12.86],[-46.28,-12.88],[-46.29,-12.9],[-46.29,-12.92],[-46.3,-12.95],[-46.28,-12.94],[-46.22,-12.94],[-46.2,-12.92],[-46.14,-12.91],[-46.11,-12.92],[-46.15,-12.94],[-46.18,-12.94],[-46.19,-12.96],[-46.22,-12.96],[-46.28,-12.97],[-46.31,-12.98],[-46.33,-12.98],[-46.36,-12.99],[-46.37,-12.97],[-46.37,-12.94],[-46.37,-12.91],[-46.36,-12.89],[-46.37,-12.86],[-46.38,-12.85],[-46.41,-12.85],[-46.42,-12.82],[-46.42,-12.86],[-46.43,-12.93],[-46.45,-12.96],[-46.51,-12.97],[-46.55,-12.97],[-46.63,-12.97],[-46.75,-12.97],[-46.82,-13.0],[-46.83,-13.02],[-46.85,-13.05],[-46.85,-13.07],[-46.88,-13.06],[-46.9,-13.07],[-46.93,-13.08],[-46.94,-13.1],[-46.96,-13.11],[-46.98,-13.13],[-47.0,-13.12],[-47.01,-13.14],[-47.04,-13.15],[-47.06,-13.16],[-47.08,-13.17],[-47.1,-13.17],[-47.13,-13.18],[-47.13,-13.2],[-47.16,-13.21],[-47.18,-13.2],[-47.21,-13.19],[-47.23,-13.2],[-47.25,-13.21],[-47.25,-13.23],[-47.27,-13.25],[-47.31,-13.25],[-47.33,-13.25],[-47.35,-13.25],[-47.37,-13.24],[-47.39,-13.24],[-47.39,-13.26],[-47.42,-13.27],[-47.43,-13.29],[-47.43,-13.27],[-47.45,-13.25],[-47.43,-13.24],[-47.45,-13.22],[-47.49,-13.22],[-47.48,-13.18],[-47.5,-13.19],[-47.52,-13.18],[-47.54,-13.19],[-47.56,-13.18],[-47.57,-13.15],[-47.56,-13.12],[-47.59,-13.12],[-47.62,-13.1],[-47.64,-13.11],[-47.65,-13.13],[-47.65,-13.16],[-47.66,-13.19],[-47.67,-13.21],[-47.65,-13.23],[-47.65,-13.25],[-47.65,-13.27],[-47.66,-13.3],[-47.66,-13.32],[-47.65,-13.35],[-47.62,-13.37],[-47.63,-13.39],[-47.65,-13.41],[-47.66,-13.43],[-47.68,-13.45],[-47.8,-13.33],[-47.82,-13.31],[-47.84,-13.32],[-47.86,-13.32],[-47.89,-13.32],[-47.9,-13.3],[-47.92,-13.29],[-47.94,-13.31],[-47.97,-13.31],[-47.98,-13.29],[-47.99,-13.28],[-48.02,-13.28],[-48.03,-13.25],[-48.06,-13.25],[-48.08,-13.24],[-48.07,-13.26],[-48.08,-13.29],[-48.1,-13.29],[-48.15,-13.31],[-48.15,-13.28],[-48.16,-13.25],[-48.16,-13.23],[-48.16,-13.21],[-48.16,-13.18],[-48.15,-13.16],[-48.17,-13.15],[-48.2,-13.16],[-48.22,-13.17],[-48.24,-13.18],[-48.25,-13.2],[-48.28,-13.2],[-48.29,-13.21],[-48.31,-13.23],[-48.33,-13.23],[-48.34,-13.25],[-48.36,-13.24],[-48.38,-13.26],[-48.4,-13.27],[-48.43,-13.27],[-48.44,-13.29],[-48.46,-13.28],[-48.46,-13.26],[-48.47,-13.24],[-48.47,-13.22],[-48.47,-13.19],[-48.47,-13.16],[-48.48,-13.13],[-48.5,-13.13],[-48.52,-13.15],[-48.53,-13.18],[-48.55,-13.2],[-48.55,-13.22],[-48.55,-13.26],[-48.56,-13.28],[-48.55,-13.3],[-48.58,-13.31],[-48.6,-13.29],[-48.59,-13.26],[-48.6,-13.24],[-48.58,-13.22],[-48.58,-13.19],[-48.58,-13.17],[-48.58,-13.14],[-48.58,-13.11],[-48.6,-13.09],[-48.6,-13.06],[-48.63,-13.05],[-48.64,-13.03],[-48.65,-13.01],[-48.67,-12.99],[-48.69,-13.0],[-48.72,-13.0],[-48.73,-12.98],[-48.73,-12.95],[-48.73,-12.93],[-48.75,-12.92],[-48.76,-12.9],[-48.79,-12.88],[-48.81,-12.87],[-48.82,-12.85],[-48.84,-12.84],[-48.85,-12.82],[-48.86,-12.8],[-48.88,-12.82],[-48.93,-12.9],[-48.98,-12.96],[-49.0,-12.93],[-49.02,-12.91],[-49.05,-12.91],[-49.08,-12.9],[-49.08,-12.88],[-49.07,-12.86],[-49.1,-12.84],[-49.11,-12.8],[-49.14,-12.8],[-49.15,-12.82],[-49.16,-12.84],[-49.18,-12.85],[-49.2,-12.87],[-49.22,-12.88],[-49.24,-12.88],[-49.25,-12.9],[-49.26,-12.93],[-49.28,-12.97],[-49.3,-13.02],[-49.32,-13.05],[-49.34,-13.07],[-49.35,-13.1],[-49.34,-13.13],[-49.35,-13.15],[-49.34,-13.18],[-49.34,-13.2],[-49.34,-13.23],[-49.34,-13.25],[-49.37,-13.27],[-49.46,-13.23],[-49.61,-13.14],[-49.82,-13.03],[-49.91,-12.97],[-49.94,-12.96],[-49.96,-12.95],[-49.98,-12.94],[-50.0,-12.93],[-50.02,-12.93],[-50.04,-12.93],[-50.06,-12.92],[-50.08,-12.91],[-50.1,-12.91],[-50.13,-12.91],[-50.15,-12.9],[-50.17,-12.9],[-50.2,-12.89],[-50.21,-12.88],[-50.23,-12.86],[-50.25,-12.85],[-50.27,-12.84],[-50.29,-12.84],[-50.3,-12.82],[-50.31,-12.8],[-50.3,-12.77],[-50.3,-12.75],[-50.28,-12.72],[-50.29,-12.7],[-50.28,-12.68],[-50.26,-12.66],[-50.26,-12.64],[-50.24,-12.62],[-50.25,-12.6],[-50.23,-12.58],[-50.21,-12.57],[-50.2,-12.56],[-50.22,-12.54],[-50.22,-12.52],[-50.22,-12.49],[-50.2,-12.47],[-50.18,-12.45],[-50.16,-12.44],[-50.16,-12.41],[-50.14,-12.4],[-50.17,-12.41],[-50.19,-12.42],[-50.21,-12.44],[-50.23,-12.46],[-50.25,-12.46],[-50.26,-12.48],[-50.29,-12.48],[-50.31,-12.5],[-50.31,-12.52],[-50.33,-12.52],[-50.35,-12.54],[-50.37,-12.55],[-50.37,-12.57],[-50.39,-12.59],[-50.39,-12.61],[-50.42,-12.62],[-50.41,-12.65],[-50.44,-12.65],[-50.44,-12.68],[-50.44,-12.7],[-50.46,-12.69],[-50.48,-12.71],[-50.47,-12.74],[-50.49,-12.75],[-50.48,-12.77],[-50.49,-12.79],[-50.48,-12.81],[-50.5,-12.84],[-50.51,-12.86],[-50.52,-12.84],[-50.57,-12.84],[-50.6,-12.83],[-50.58,-12.8],[-50.6,-12.8],[-50.61,-12.82],[-50.62,-12.8],[-50.61,-12.78],[-50.64,-12.77],[-50.62,-12.73],[-50.64,-12.72],[-50.65,-12.68],[-50.65,-12.65],[-50.68,-12.65],[-50.7,-12.63],[-50.7,-12.6],[-50.68,-12.6],[-50.67,-12.58],[-50.69,-12.57],[-50.66,-12.54],[-50.66,-12.51],[-50.65,-12.48],[-50.65,-12.46],[-50.63,-12.46],[-50.62,-12.43],[-50.63,-12.4],[-50.63,-12.37],[-50.64,-12.35],[-50.64,-12.32],[-50.65,-12.3],[-50.63,-12.28],[-50.65,-12.25],[-50.64,-12.22],[-50.68,-12.22],[-50.68,-12.19],[-50.68,-12.15],[-50.67,-12.13],[-50.67,-12.1],[-50.67,-12.07],[-50.68,-12.05],[-50.68,-12.02],[-50.68,-11.99],[-50.67,-11.98],[-50.66,-11.96],[-50.67,-11.93],[-50.64,-11.9],[-50.66,-11.87],[-50.68,-11.86],[-50.69,-11.83],[-50.7,-11.8],[-50.71,-11.77],[-50.72,-11.75],[-50.69,-11.7],[-50.66,-11.67],[-50.66,-11.63],[-50.66,-11.6],[-50.68,-11.58],[-50.72,-11.58],[-50.74,-11.54],[-50.73,-11.51],[-50.74,-11.45],[-50.73,-11.41],[-50.73,-11.38],[-50.71,-11.36],[-50.71,-11.33],[-50.7,-11.31],[-50.68,-11.29],[-50.66,-11.25],[-50.65,-11.22],[-50.66,-11.19],[-50.66,-11.16],[-50.66,-11.13],[-50.64,-11.1],[-50.62,-11.08],[-50.61,-11.04],[-50.62,-11.01],[-50.62,-10.98],[-50.62,-10.96],[-50.63,-10.94],[-50.62,-10.92],[-50.6,-10.9],[-50.6,-10.87],[-50.62,-10.84],[-50.61,-10.82],[-50.6,-10.8],[-50.57,-10.75],[-50.58,-10.73],[-50.58,-10.71],[-50.59,-10.69],[-50.6,-10.66],[-50.58,-10.64],[-50.56,-10.61],[-50.54,-10.61],[-50.53,-10.58],[-50.52,-10.56],[-50.52,-10.54],[-50.52,-10.5],[-50.49,-10.49],[-50.49,-10.47],[-50.47,-10.4],[-50.45,-10.39],[-50.44,-10.37],[-50.42,-10.36],[-50.42,-10.33],[-50.4,-10.28],[-50.4,-10.25],[-50.38,-10.22],[-50.39,-10.17],[-50.39,-10.13],[-50.38,-10.11],[-50.36,-10.09],[-50.34,-10.06],[-50.31,-10.05],[-50.29,-10.02],[-50.29,-9.99],[-50.28,-9.97],[-50.27,-9.94],[-50.27,-9.92],[-50.24,-9.87],[-50.22,-9.85],[-50.22,-9.83],[-50.21,-9.81],[-50.2,-9.79],[-50.2,-9.76],[-50.16,-9.71],[-50.15,-9.7],[-50.15,-9.67],[-50.14,-9.65],[-50.14,-9.63],[-50.12,-9.61],[-50.11,-9.58],[-50.1,-9.56],[-50.09,-9.54],[-50.11,-9.51],[-50.1,-9.48],[-50.09,-9.43],[-50.07,-9.4],[-50.05,-9.37],[-50.06,-9.34],[-50.05,-9.31],[-50.04,-9.29],[-50.02,-9.28],[-49.99,-9.23],[-49.97,-9.23],[-49.94,-9.2],[-49.91,-9.17],[-49.91,-9.15],[-49.87,-9.1],[-49.86,-9.08],[-49.85,-9.06],[-49.84,-9.03],[-49.79,-8.98],[-49.77,-8.94],[-49.75,-8.92],[-49.74,-8.9],[-49.68,-8.86],[-49.64,-8.85],[-49.61,-8.85],[-49.59,-8.84],[-49.57,-8.81],[-49.54,-8.76],[-49.49,-8.69],[-49.48,-8.66],[-49.47,-8.64],[-49.45,-8.61],[-49.41,-8.58],[-49.4,-8.56],[-49.39,-8.49],[-49.38,-8.45],[-49.35,-8.42],[-49.31,-8.4],[-49.29,-8.39],[-49.27,-8.34],[-49.26,-8.31],[-49.25,-8.27],[-49.24,-8.23],[-49.22,-8.21],[-49.21,-8.18],[-49.2,-8.14],[-49.2,-8.11],[-49.19,-8.08],[-49.18,-8.05],[-49.17,-8.02],[-49.18,-7.98],[-49.17,-7.95],[-49.16,-7.93],[-49.16,-7.9],[-49.17,-7.85],[-49.16,-7.83],[-49.15,-7.81],[-49.16,-7.79],[-49.2,-7.78],[-49.22,-7.76],[-49.24,-7.74],[-49.26,-7.72],[-49.3,-7.7],[-49.32,-7.68],[-49.34,-7.66],[-49.36,-7.61],[-49.38,-7.57],[-49.38,-7.54],[-49.38,-7.5],[-49.32,-7.43],[-49.27,-7.37],[-49.25,-7.35],[-49.23,-7.33],[-49.22,-7.3],[-49.21,-7.27],[-49.18,-7.23],[-49.18,-7.21],[-49.19,-7.19],[-49.19,-7.13],[-49.19,-7.07],[-49.19,-7.04],[-49.21,-6.98],[-49.22,-6.96],[-49.21,-6.94],[-49.19,-6.92],[-49.18,-6.9],[-49.15,-6.89],[-49.12,-6.87],[-49.08,-6.84],[-49.04,-6.82],[-49.02,-6.78],[-48.97,-6.78],[-48.94,-6.77],[-48.91,-6.76],[-48.85,-6.75],[-48.83,-6.75],[-48.78,-6.74],[-48.76,-6.72],[-48.74,-6.69],[-48.69,-6.68],[-48.66,-6.66],[-48.65,-6.64],[-48.65,-6.61],[-48.66,-6.57],[-48.66,-6.54],[-48.65,-6.51],[-48.63,-6.49],[-48.61,-6.45],[-48.56,-6.41],[-48.55,-6.4],[-48.53,-6.39],[-48.51,-6.35],[-48.45,-6.35],[-48.42,-6.36],[-48.41,-6.37],[-48.38,-6.38],[-48.37,-6.35],[-48.38,-6.32],[-48.41,-6.31],[-48.41,-6.28],[-48.42,-6.23],[-48.44,-6.19],[-48.42,-6.16],[-48.39,-6.15],[-48.37,-6.15],[-48.33,-6.14],[-48.31,-6.12],[-48.28,-6.08],[-48.3,-6.05],[-48.33,-6.04],[-48.33,-6.0],[-48.32,-5.99],[-48.3,-5.97],[-48.28,-5.96],[-48.25,-5.96],[-48.23,-5.95],[-48.23,-5.93],[-48.25,-5.9],[-48.27,-5.87],[-48.29,-5.84],[-48.3,-5.78],[-48.29,-5.76],[-48.28,-5.73],[-48.22,-5.73],[-48.19,-5.72],[-48.17,-5.71],[-48.16,-5.69],[-48.15,-5.67],[-48.14,-5.64],[-48.14,-5.6],[-48.17,-5.58],[-48.19,-5.56],[-48.22,-5.55],[-48.26,-5.55],[-48.3,-5.52],[-48.33,-5.49],[-48.34,-5.47],[-48.35,-5.44],[-48.36,-5.42],[-48.37,-5.4],[-48.39,-5.39],[-48.42,-5.4],[-48.44,-5.41],[-48.46,-5.41],[-48.49,-5.43],[-48.56,-5.42],[-48.59,-5.42],[-48.63,-5.41],[-48.64,-5.39],[-48.68,-5.38],[-48.72,-5.38],[-48.75,-5.37],[-48.75,-5.35],[-48.73,-5.35],[-48.7,-5.34],[-48.7,-5.32],[-48.68,-5.31],[-48.65,-5.31],[-48.63,-5.33],[-48.61,-5.34],[-48.58,-5.31],[-48.57,-5.28],[-48.57,-5.26],[-48.56,-5.24],[-48.54,-5.2],[-48.52,-5.19],[-48.49,-5.19],[-48.47,-5.19],[-48.36,-5.17],[-48.32,-5.2],[-48.29,-5.2],[-48.27,-5.22],[-48.24,-5.23],[-48.22,-5.24],[-48.21,-5.25],[-48.18,-5.26],[-48.11,-5.27],[-48.08,-5.27],[-48.05,-5.27],[-48.01,-5.24],[-47.99,-5.24],[-47.96,-5.24],[-47.94,-5.24],[-47.89,-5.26],[-47.87,-5.3],[-47.87,-5.34],[-47.84,-5.38],[-47.79,-5.38],[-47.77,-5.38],[-47.74,-5.38],[-47.69,-5.41],[-47.67,-5.42],[-47.62,-5.46],[-47.58,-5.47],[-47.55,-5.47],[-47.51,-5.51],[-47.48,-5.56],[-47.48,-5.6],[-47.48,-5.62],[-47.47,-5.66],[-47.49,-5.71],[-47.49,-5.73],[-47.48,-5.76],[-47.47,-5.77],[-47.44,-5.83],[-47.44,-5.85],[-47.43,-5.94],[-47.45,-5.99],[-47.44,-6.01],[-47.43,-6.04],[-47.43,-6.06],[-47.43,-6.09],[-47.43,-6.12],[-47.42,-6.18],[-47.4,-6.21],[-47.38,-6.23],[-47.38,-6.25],[-47.38,-6.27],[-47.41,-6.33],[-47.41,-6.38],[-47.42,-6.4],[-47.43,-6.42],[-47.42,-6.48],[-47.46,-6.54],[-47.46,-6.59],[-47.47,-6.61],[-47.48,-6.64],[-47.5,-6.67],[-47.49,-6.7],[-47.49,-6.75],[-47.52,-6.79],[-47.53,-6.83],[-47.51,-6.87],[-47.51,-6.9],[-47.53,-6.95],[-47.53,-6.98],[-47.55,-7.01],[-47.57,-7.05],[-47.59,-7.06],[-47.62,-7.09],[-47.63,-7.12],[-47.64,-7.14],[-47.67,-7.15],[-47.69,-7.14],[-47.72,-7.14],[-47.74,-7.16],[-47.75,-7.19],[-47.74,-7.22],[-47.69,-7.24],[-47.67,-7.26],[-47.66,-7.29],[-47.64,-7.3],[-47.61,-7.28],[-47.59,-7.26],[-47.54,-7.27],[-47.5,-7.29],[-47.48,-7.32],[-47.49,-7.37],[-47.51,-7.39],[-47.56,-7.41],[-47.59,-7.44],[-47.56,-7.45],[-47.53,-7.43],[-47.5,-7.44],[-47.5,-7.47],[-47.49,-7.49],[-47.48,-7.51],[-47.47,-7.53],[-47.44,-7.52],[-47.42,-7.54],[-47.42,-7.56],[-47.4,-7.57],[-47.39,-7.6],[-47.38,-7.62],[-47.38,-7.65],[-47.35,-7.65],[-47.37,-7.62],[-47.35,-7.63],[-47.32,-7.65],[-47.33,-7.67],[-47.3,-7.69],[-47.31,-7.71],[-47.31,-7.73],[-47.28,-7.73],[-47.26,-7.74],[-47.27,-7.76],[-47.25,-7.76],[-47.25,-7.78],[-47.24,-7.8],[-47.23,-7.82],[-47.22,-7.83],[-47.2,-7.85],[-47.17,-7.86],[-47.16,-7.88],[-47.14,-7.89],[-47.14,-7.92],[-47.12,-7.94],[-47.11,-7.96],[-47.1,-7.98],[-47.06,-8.0],[-47.06,-8.03],[-47.04,-8.05],[-47.02,-8.06],[-47.0,-8.06],[-46.98,-8.05],[-46.96,-8.04],[-46.96,-8.02],[-46.94,-8.0],[-46.92,-7.99],[-46.9,-7.99],[-46.88,-7.97],[-46.86,-7.96],[-46.84,-7.97],[-46.82,-7.95],[-46.79,-7.95],[-46.77,-7.94],[-46.76,-7.92],[-46.73,-7.92],[-46.71,-7.91],[-46.69,-7.91],[-46.67,-7.91],[-46.65,-7.91],[-46.63,-7.9],[-46.6,-7.9],[-46.59,-7.91],[-46.56,-7.92],[-46.55,-7.95],[-46.52,-7.96],[-46.49,-7.98],[-46.49,-8.0],[-46.48,-8.04],[-46.47,-8.07],[-46.47,-8.09],[-46.49,-8.12],[-46.51,-8.17],[-46.5,-8.18],[-46.49,-8.2],[-46.5,-8.22],[-46.51,-8.27],[-46.52,-8.29],[-46.54,-8.31],[-46.55,-8.32],[-46.58,-8.32],[-46.61,-8.33],[-46.63,-8.32],[-46.66,-8.33],[-46.68,-8.34],[-46.71,-8.35],[-46.72,-8.37],[-46.73,-8.39],[-46.75,-8.37],[-46.78,-8.37],[-46.79,-8.39],[-46.8,-8.41],[-46.8,-8.44],[-46.82,-8.47],[-46.84,-8.47],[-46.85,-8.5],[-46.84,-8.52],[-46.85,-8.54],[-46.87,-8.56],[-46.89,-8.57],[-46.9,-8.59],[-46.9,-8.61],[-46.91,-8.63],[-46.92,-8.65],[-46.9,-8.66],[-46.89,-8.69],[-46.91,-8.71],[-46.92,-8.73],[-46.92,-8.75],[-46.91,-8.77],[-46.91,-8.79],[-46.91,-8.82],[-46.92,-8.84],[-46.94,-8.86],[-46.96,-8.88],[-46.98,-8.87],[-46.99,-8.89],[-46.97,-8.91],[-46.98,-8.93],[-47.0,-8.95],[-47.01,-8.97],[-47.02,-8.99],[-47.03,-8.98]]]]},"properties":{"sigla":"TO","name":"Tocantins"}},{"type":"Feature","geometry":{"type":"MultiPolygon","coordinates":[[[[-47.31,-16.04],[-47.42,-16.05],[-47.46,-16.05],[-47.54,-16.05],[-47.62,-16.05],[-47.68,-16.05],[-47.81,-16.05],[-47.94,-16.05],[-47.98,-16.05],[-48.02,-16.05],[-48.05,-16.05],[-48.09,-16.05],[-48.16,-16.05],[-48.26,-16.05],[-48.28,-16.05],[-48.27,-16.03],[-48.27,-16.01],[-48.26,-15.99],[-48.26,-15.97],[-48.25,-15.94],[-48.28,-15.93],[-48.28,-15.91],[-48.27,-15.88],[-48.28,-15.86],[-48.28,-15.83],[-48.27,-15.81],[-48.25,-15.8],[-48.23,-15.77],[-48.21,-15.76],[-48.21,-15.73],[-48.22,-15.71],[-48.24,-15.71],[-48.24,-15.66],[-48.23,-15.64],[-48.22,-15.62],[-48.2,-15.55],[-48.2,-15.51],[-48.13,-15.5],[-48.05,-15.5],[-47.62,-15.5],[-47.53,-15.5],[-47.5,-15.5],[-47.47,-15.5],[-47.42,-15.5],[-47.42,-15.52],[-47.42,-15.55],[-47.39,-15.56],[-47.38,-15.57],[-47.36,-15.58],[-47.33,-15.59],[-47.33,-15.63],[-47.33,-15.65],[-47.33,-15.67],[-47.31,-15.69],[-47.32,-15.72],[-47.31,-15.74],[-47.33,-15.76],[-47.33,-15.78],[-47.35,-15.8],[-47.36,-15.82],[-47.37,-15.84],[-47.37,-15.86],[-47.38,-15.9],[-47.37,-15.92],[-47.37,-15.94],[-47.37,-15.96],[-47.38,-15.99],[-47.36,-16.01],[-47.34,-16.01],[-47.32,-16.03],[-47.31,-16.04]]]]},"properties":{"sigla":"DF","name":"Distrito Federal"}}]}